platform,text,user_id,total_interactions_count,statistics,username,statuses_count,followers_count,friends_count,favourites_count,media_count,user_created_at,user_description,conversation_id_str,created_at,profile_url,post_url,location,sentiment,sentiment_target,sentiment_reason,emotion,country,country_reason,country_code,country_geo,account_type,account_type_reason,media_url
twitter,"රටෙ ප්‍රමුඛතා තෙරුම් ගෙන, එදා ඩොලර් මිලියන/බිලියන ගණන් වියදම් කරලා මත්තල ගුවන්තොටුපොළ, හම්බන්තොට වරාය, නෙලූම් කුලුන වැනි සුදු අලි හදන්න කලින් පුනර්ජනනීය බලශක්තිය කෙරෙහි අයොජනය කරානම් අද මෙ ප්‍රශ්න නැ. එහෙනම් රටෙ සේවා හා නිෂ්පාදන ක්‍රියාවලියට අද වගෙ බාධා නෑ.",1061142887553884160,128,"{'quote_count': 1, 'retweet_count': 15, 'like_count': 100, 'reply_count': 12, 'view_count': 0}",Toddy_Lad,19748,2264,1211,93271,2107,Sat Nov 10 06:25:54 +0000 2018,"🅻🅾🆅🅴 🅶🅸🅽 & 🆃🅾🅽🅸🅲 සාමාන්‍යය මනුස්සයෙක්,❤️ ජොලියෙන්, සැහැල්ලුවෙන්, වෛරයෙන් තොරව ගෙවන්න ඔන මේ ජිවිතෙ. පොඩ්ඩක් දෙශපාලකයන්ට බයින්නත් ඕනා 😉",1498652737604575236,2022-03-01 13:33:50,https://pbs.twimg.com/profile_images/1080014735620345856/Wo-TOmT1_normal.jpg,https://twitter.com/Toddy_Lad/status/1498652737604575236,Sri Lanka,negative,China,"The post refers indirectly to Chinese-funded infrastructure projects like Hambantota port and Mattala airport, criticizing the prioritization of such projects over renewable energy. This reflects a negative sentiment towards China’s role in Sri Lanka’s development, implying mismanagement linked to Chinese investments.",anger,Sri Lanka,"The user description includes references to Sri Lankan culture, indicating the likely country of origin.",lk,"[7.0, 81.0]",Individual,The personal description and location details indicate an individual account.,
twitter,"නොරොච්චෝලේ හදන කාලේ පත්තරවල ගියේ ඒක කලොත් 50%කින් බිල අඩුවෙනවා කියලා. බිල අඩු විම කෙස් වෙතත් ඒක එක දිගට අවුරැද්දක් වැඩ කරල නැ මගේ හිතේ.

ලෝකයේ ප්‍රදානම නැව් ගමන් මගකට ලගය ඒ යන නැව් වලට සේවා සපයලා අපිට ගොඩයන්න පුලුවන්ය කියලා තමයි හම්බන්තොට වරාය හැදුවේ.

1/2👇",1072765984468021248,91,"{'quote_count': 0, 'retweet_count': 5, 'like_count': 82, 'reply_count': 4, 'view_count': '3739'}",iamharshana1,20496,3032,949,32313,863,Wed Dec 12 08:11:56 +0000 2018,Husband & Father 👨‍👩‍👧‍👦,1679587184855097345,2023-07-13 20:22:44,https://pbs.twimg.com/profile_images/1808926103987441666/KSSjz02e_normal.jpg,https://twitter.com/iamharshana1/status/1679587184855097345,Al Khobar,neutral,China,"The post mentions Hambantota port, which is widely known to be linked to China, but does not explicitly mention China. The tone is neutral, focusing on the strategic importance of the port. Sentiment towards China is neutral as China is only implied.",neutral,Saudi Arabia,"Al Khobar is a city in Saudi Arabia, indicating the user is likely from there.",sa,"[25.0, 45.0]",Individual,"Describes himself as Husband & Father, indicating a personal account.",
twitter,ටීවි එකට ඇවිල්ල රාජපක්ෂ ල බුදුන්ගෙ නෑයො කියනකොට.. හම්බන්තොට වරාය විවෘත කරන්න නැටුම් නටනකොට.. ජැකා ලට මාර තැනක් මේ රටේ තිබ්බේ.. කමක් නෑ.. එළොව ගියේ නැතත් ඇටයක් තැලිල ඉන්න ගමන් හරි fb ලොග් වුනාම ඌ දැන් බුවාට රටේ තියෙන තත්වෙ ඇස්දෙකෙන් දැකගනී..,150624162,83,"{'quote_count': 1, 'retweet_count': 2, 'like_count': 78, 'reply_count': 2, 'view_count': 0}",indika27,148688,22420,7280,315853,10865,Tue Jun 01 11:55:21 +0000 2010,i am sri lankan unp boy.,1543463967984877568,2022-07-03 05:17:40,https://pbs.twimg.com/profile_images/1287571397884035072/rZt-QMuW_normal.jpg,https://twitter.com/indika27/status/1543463967984877568,colombo sri lanka,neutral,China,The post references Hambantota port and political figures but does not explicitly mention China. The tone is somewhat sarcastic and critical of the situation around the port. Sentiment towards China is neutral to negative by implication but not explicit.,disgust,Sri Lanka,"The user is located in Colombo, Sri Lanka, indicating their likely country of origin.",lk,"[7.0, 81.0]",Individual,"Self-identifies as a Sri Lankan UNP boy, suggesting a personal profile.",
twitter,"ඔබ දන්නවාද?
➡️  හම්බන්තොට වරාය ඉදිකිරීමට-රු. බිලියන 212යි
➡️ මත්තල ගුවන්තොට ඉදිකරන්න -රුපියල් බිලියන 25යි
➡️  දක්ෂිණ අධිවේගයට- රුපියල් බිලියන 83යි.

ඒ කියන්නේ 2010-15, ව්‍යාපෘති 3 ගියේ බිලියන 320යි!!

හැබැයි සුළුතරයේ ජනාධිපති සති-2ට රුපියල් බිලියන 540 ණය ගන්නවා.🤔

#මංජුල_වීරසිරි https://t.co/UMgdUE6G0R",1665306768577028097,98,"{'quote_count': 3, 'retweet_count': 14, 'like_count': 75, 'reply_count': 6, 'view_count': '4360'}",ralahamy,951,325,510,3328,446,Sun Jun 04 10:38:01 +0000 2023,,1846233586434752766,2024-10-15 16:56:03,https://pbs.twimg.com/profile_images/1665806501926039556/W-Lp02Xw_normal.jpg,https://twitter.com/ralahamy/status/1846233586434752766,Sri Lanka,neutral,China,The post lists costs of major infrastructure projects including Hambantota port but does not explicitly mention China. The tone is critical of government spending. Sentiment towards China is neutral as China is not directly mentioned.,anger,Sri Lanka,"The username ""ralahamy"" and the lack of explicit location suggest an account from Sri Lanka.",lk,"[7.0, 81.0]",Individual,"The account has a personal username, indicating an individual account.",https://pbs.twimg.com/media/GZ8jqbdWgAAiO8S.jpg
twitter,චීනය ඉඩම් හා සම්පත් උදුරා ගන්නා රටකි. චීනයේ ණය උගුල් ප්‍රතිපත්තියේ ගොදුරු බවට දැනට ලෝකයේ බොහෝ රටවල් තිබේ.ශ්‍රී ලංකාව චීනයේ ණය උගුලකට හසුවීමෙන් පසු තමන්ගේම හම්බන්තොට වරාය චීනයට පවරා දීමට ගොදුරක් බවට පත්ව ඇත. https://t.co/9JYKBhpUTR,1158972625521139712,66,"{'quote_count': 1, 'retweet_count': 11, 'like_count': 50, 'reply_count': 4, 'view_count': 0}",CatherineLka,6964,4372,3412,7742,1171,Wed Aug 07 05:26:21 +0000 2019,"Planting Trees and Discovering the Truth !!
ජීවිතය දිගු නොවිය යුතුය, එය විශාල විය යුතුය.

(https://t.co/Rhf8KI6hNt)",1464510806708547591,2021-11-27 08:26:00,https://pbs.twimg.com/profile_images/1948042124764880896/QYljmZul_normal.jpg,https://twitter.com/CatherineLka/status/1464510806708547591,"kandy,Sri lanka",negative,China,"The post explicitly mentions China as a country that acquires land and resources and criticizes Sri Lanka’s debt trap leading to handing over Hambantota port to China. The sentiment is clearly negative, expressing concern and distrust towards China’s economic influence.",fear,Sri Lanka,"Location in Kandy, Sri Lanka.",lk,"[7.0, 81.0]",Individual,The user description includes personal interests and activities.,https://pbs.twimg.com/media/FFGzDwBVcAA_uwQ.jpg
twitter,"හම්බන්තොට වරාය විකුණුවේ නැත්තන් එකත් වහයි. හැබයි ඉතින් වහන්න හරි රටක් ඉතුරුවුන එක කොච්චර ලොකු දෙයක් ද නේද frens? 
#LKA #SriLanka #ජයගමු   #කන්නනැතත්ඉන්නරටක්තියෙනවානේ",251958790,48,"{'quote_count': 0, 'retweet_count': 5, 'like_count': 40, 'reply_count': 3, 'view_count': 0}",munza14,54379,74329,496,91051,4486,Mon Feb 14 05:24:58 +0000 2011,"◾ Contributing Writer @NikkeiAsia 
                              ◾ Byline in @LATimes | @AJEnglish | @TRTWorld |◾@DW_GMF Fellow 21'",1531996409712369666,2022-06-01 13:49:41,https://pbs.twimg.com/profile_images/1941876453928304640/5U3ypsXX_normal.jpg,https://twitter.com/munza14/status/1531996409712369666,Based in Sri Lanka,neutral,China,"The post discusses the sale of Hambantota port and implies that without selling it, the port would have closed. The tone is pragmatic but somewhat resigned. China is implied as the buyer but not explicitly mentioned. Sentiment is neutral to slightly negative.",neutral,Sri Lanka,The user description mentions being based in Sri Lanka and working as a journalist in the country.,lk,"[7.0, 81.0]",Media,"The user description mentions being a journalist and contributing writer, indicating a media account.",
twitter,"අප්පා හැදුවා නෙලුමක් - නෙලුමේ ටීවි සන්නිවේදන අටවලා සංචාරකයෝ ඒක බලන්න ඇවිත් රට දියුනු වෙන හැටි ඒකාලේ මීඩියා වල ගියා. 
හම්බන්තොට වරාය - මූදේ දවසකට යන නැව් හාරසියක් කන්න බොන්න රෙන්න තේ වතුර බොන්න හම්බන්තොට එනවා කියලා හෙනම ගල් කෙප්ප කෙලියා.",150624162,33,"{'quote_count': 0, 'retweet_count': 1, 'like_count': 31, 'reply_count': 1, 'view_count': 0}",indika27,148688,22420,7280,315853,10865,Tue Jun 01 11:55:21 +0000 2010,i am sri lankan unp boy.,1584525193392709632,2022-10-24 12:40:20,https://pbs.twimg.com/profile_images/1287571397884035072/rZt-QMuW_normal.jpg,https://twitter.com/indika27/status/1584525196483928064,colombo sri lanka,neutral,China,The post talks about Hambantota port and local perceptions but does not mention China explicitly. The tone is somewhat humorous and critical of the port’s usage. Sentiment towards China is neutral as China is not mentioned.,disgust,Sri Lanka,"The user is located in Colombo, Sri Lanka, indicating their likely country of origin.",lk,"[7.0, 81.0]",Individual,"Self-identifies as a Sri Lankan UNP boy, suggesting a personal profile.",
twitter,"බැසිල් ඒ කාලේ කිව්වා නේද ..... 

එයාලගේ ආණ්ඩුවක් ආපු ගමන් හම්බන්තොට වරාය නැවතත් රජයට පවර ගන්නවා කියල 

😂😂

තවම උන්ගේ රජයක් නෙවෙයි වෙන්න ඇති !!

මම කියන්නේ ඒකනේ... බයියෝ අන්දන්න මහා ලොකු දේවල් කරන්න ඕනි නෑ...",154800409,36,"{'quote_count': 1, 'retweet_count': 4, 'like_count': 31, 'reply_count': 0, 'view_count': 0}",dilbolz,36863,2074,282,26808,628,Sat Jun 12 06:45:39 +0000 2010,There is no place like 127.0.0.1,1405730394050162689,2021-06-18 03:33:37,https://pbs.twimg.com/profile_images/1980704520310075393/TVCH4yCv_normal.jpg,https://twitter.com/dilbolz/status/1405730394050162689,Sri Lanka,neutral,China,The post mentions a political promise to return Hambantota port to the government but does not mention China explicitly. The tone is sarcastic and skeptical. Sentiment towards China is neutral as China is only implied.,surprise,Sri Lanka,Location explicitly stated as Sri Lanka.,lk,"[7.0, 81.0]",Individual,"The description is a personal tech joke, typical of an individual user.",
twitter,"""හම්බන්තොට වරාය  එහෙන් පිටින්ම චීනයට පවරපු, යහපාලනය  යැයි කියපු, ආණ්ඩුවේ සිටි එජාපයේ/ශ්‍රීලනිපයේ  අය මේ පිළිබඳව කියන දේවල්වල පදනමක් නැහැ. අපි වරායවල් විකුනන්නෙ හෝ බදු දෙන්නේ නැහැ. ආයෝජනය සඳහා රට තුළ අවස්ථා ඇති කිරීම උපාය මාර්ගයක් ලෙස පිළිගන්නවාat Devinuwara ⁦@PodujanaParty⁩ https://t.co/P94cjj88qC",48658572,40,"{'quote_count': 3, 'retweet_count': 1, 'like_count': 28, 'reply_count': 8, 'view_count': 0}",charith9,7694,17362,750,7519,2337,Fri Jun 19 09:18:55 +0000 2009,"Chair/Founder @NexusLK Fmr. MP @Parliament (20-24), Chair #COPE (20-22), Chair-Prof Philosophy (2019) @UPeradeniya, Sec/Min of Media (12-15),Chair/CEA (2010-13)",1355494356938084360,2021-01-30 12:33:33,https://pbs.twimg.com/profile_images/1860610713506435072/RXEL8uAP_normal.jpg,https://twitter.com/charith9/status/1355494356938084360,#Colombo #Kurunagala #SriLanka,neutral,China,"The post explicitly denies that Hambantota port was handed over to China, clarifying it was leased to a Chinese company. The tone is corrective and somewhat defensive. Sentiment towards China is neutral, clarifying facts without judgment.",neutral,Sri Lanka,Multiple Sri Lankan locations and political roles mentioned.,lk,"[7.0, 81.0]",Individual,Detailed personal and professional political and academic roles indicate a real person.,https://pbs.twimg.com/media/Es-u6XtWMAINFOT.jpg
twitter,"අද වන තෙක් ඉහල ලාභ ලබනවා කොළඹ වරාය.එහි බටහිර පර්යන්තය ණයක් ගෙන හො දියුණු නොකර ඉන්දියාවට දෙනවා. 

හැබැයි ඩොලර් බිලියන ගනන් ණය අරගෙන හම්බන්තොට වරාය හදනවා. 

මෙ පාපතර දෙශපාලුවන් ප්‍රමුඛතාව දේන්නෙ කොහොමද කියලා තේරෙනවා නේද? 🤦🏼‍♂️ලාභ ලබමින් සිටින කොළඹ වරායට ප්‍රමුඛතාව දෙන්න තිබ්බා නෙද?",1061142887553884160,35,"{'quote_count': 1, 'retweet_count': 4, 'like_count': 26, 'reply_count': 4, 'view_count': 0}",Toddy_Lad,19748,2264,1211,93271,2107,Sat Nov 10 06:25:54 +0000 2018,"🅻🅾🆅🅴 🅶🅸🅽 & 🆃🅾🅽🅸🅲 සාමාන්‍යය මනුස්සයෙක්,❤️ ජොලියෙන්, සැහැල්ලුවෙන්, වෛරයෙන් තොරව ගෙවන්න ඔන මේ ජිවිතෙ. පොඩ්ඩක් දෙශපාලකයන්ට බයින්නත් ඕනා 😉",1446362968082370563,2021-10-08 06:32:58,https://pbs.twimg.com/profile_images/1080014735620345856/Wo-TOmT1_normal.jpg,https://twitter.com/Toddy_Lad/status/1446362968082370563,Sri Lanka,negative,China,The post criticizes politicians for prioritizing Hambantota port development funded by large loans over the profitable Colombo port. China is implied as the financier but not explicitly mentioned. The sentiment is negative towards the Chinese-funded project.,anger,Sri Lanka,"The user description includes references to Sri Lankan culture, indicating the likely country of origin.",lk,"[7.0, 81.0]",Individual,The personal description and location details indicate an individual account.,
twitter,"යහපාලන ආණ්ඩුව විසින් හම්බන්තොට වරාය චීනයට ලබා දීම නිසා ඒ පරිශ්‍රයේ පැවැති ලංකා විදුලිබල මණ්ඩලයට අයත් සුළං බලාගාර නැවත ගලවන අයුරු, මේ බිමෙහි මේවා පැවතියහොත් CEB එකට විශාල බදු මුදලක් චීනයට ගෙවීමට සිදු වේ.
රනිල් ???? ඔබට දැං සතුටුයි ද ? ✌️ https://t.co/xzNUzLx2zo",2511466152,34,"{'quote_count': 1, 'retweet_count': 8, 'like_count': 23, 'reply_count': 2, 'view_count': 0}",GMNChamikara,23522,1534,1285,41970,2803,Tue May 20 23:32:56 +0000 2014,"𝓒𝓸𝓻𝓽𝓲𝓼𝓸𝓵 𝓕𝓻𝓮𝓮 𝓟𝓮𝓻𝓼𝓸𝓷 ✌️
Wolf 🐺
#සුකුමාලි 
#පරණටැග්
#NCpredictions
#FoodNC",1410589021084913665,2021-07-01 13:20:04,https://pbs.twimg.com/profile_images/1898566164433018880/_R_hJugG_normal.jpg,https://twitter.com/GMNChamikara/status/1410589021084913665,King's Landing ,negative,China,"The post explicitly mentions the handing over of Hambantota port to China and the resulting financial burden on the local electricity board, implying negative consequences. The tone is critical and accusatory towards the government and China.",anger,Sri Lanka,Use of Sinhala hashtags and cultural references indicate Sri Lanka.,lk,"[7.0, 81.0]",Individual,Personal style description with emojis and hashtags typical of an individual.,https://pbs.twimg.com/media/E5NrOahUcAUxApV.jpg
twitter,කොළඹ වරායෙන් රිලෞ පටවල හම්බන්තොටට ගෙනහින් ඕන්න චීනෙ දැං බැහැපල්ල කියල රිලෞ රවට්ටන්න අමරවීර ට්‍රයි කරන්නේ.. හම්බන්තොට වරාය කොහොමත් චීන්නු ගේ නෙ. රිලෞ රැවටෙයි..,150624162,28,"{'quote_count': 1, 'retweet_count': 1, 'like_count': 22, 'reply_count': 4, 'view_count': '1333'}",indika27,148688,22420,7280,315853,10865,Tue Jun 01 11:55:21 +0000 2010,i am sri lankan unp boy.,1648891877389922305,2023-04-20 03:30:33,https://pbs.twimg.com/profile_images/1287571397884035072/rZt-QMuW_normal.jpg,https://twitter.com/indika27/status/1648891877389922305,colombo sri lanka,negative,China,"The post mentions Chinese involvement at Hambantota port and describes operational difficulties, implying negative sentiment. The tone is critical and somewhat mocking towards Chinese management.",disgust,Sri Lanka,"The user is located in Colombo, Sri Lanka, indicating their likely country of origin.",lk,"[7.0, 81.0]",Individual,"Self-identifies as a Sri Lankan UNP boy, suggesting a personal profile.",
twitter,"ඔව් විමලෙ , රනිලුත් එහෙනම් හම්බන්තොට වරාය චීනෙට නෙමෙ දීලා තියෙන්නෙ, චීන සමාගමකට දීලා තියෙන්නෙ 🤦🏼‍♂️",1061142887553884160,26,"{'quote_count': 2, 'retweet_count': 2, 'like_count': 22, 'reply_count': 0, 'view_count': 0}",Toddy_Lad,19748,2264,1211,93271,2107,Sat Nov 10 06:25:54 +0000 2018,"🅻🅾🆅🅴 🅶🅸🅽 & 🆃🅾🅽🅸🅲 සාමාන්‍යය මනුස්සයෙක්,❤️ ජොලියෙන්, සැහැල්ලුවෙන්, වෛරයෙන් තොරව ගෙවන්න ඔන මේ ජිවිතෙ. පොඩ්ඩක් දෙශපාලකයන්ට බයින්නත් ඕනා 😉",1416654259152510978,2021-07-18 07:01:10,https://pbs.twimg.com/profile_images/1080014735620345856/Wo-TOmT1_normal.jpg,https://twitter.com/Toddy_Lad/status/1416654259152510978,Sri Lanka,neutral,China,"The post clarifies that Hambantota port was leased to a Chinese company, not directly handed over to China, with a tone of frustration at misinformation. Sentiment towards China is neutral, focusing on factual correction.",anger,Sri Lanka,"The user description includes references to Sri Lankan culture, indicating the likely country of origin.",lk,"[7.0, 81.0]",Individual,The personal description and location details indicate an individual account.,
twitter,"@dinidu හම්බන්තොට වරාය හැදෙනකොට තියපු චන්ද වලදී හම්බන්තොට ගොයියගෙ වම්බටු හම්බන්ථොටින් නැව් නගිනාකාරය ඇඩ් වල තිබුනා..
අපේ තාත්තා ඒ කාලෙත් දැනුත් එලෝලු වවන්නෙ.. තාම වරාය බල බල වම්බොටු කොළඹ එනවා.. 🤣🤣",150624162,23,"{'quote_count': 0, 'retweet_count': 1, 'like_count': 21, 'reply_count': 1, 'view_count': 0}",indika27,148688,22420,7280,315853,10865,Tue Jun 01 11:55:21 +0000 2010,i am sri lankan unp boy.,1424663272205160455,2021-08-09 11:01:58,https://pbs.twimg.com/profile_images/1287571397884035072/rZt-QMuW_normal.jpg,https://twitter.com/indika27/status/1424687394033266690,colombo sri lanka,neutral,China,The post humorously recalls political campaign ads related to Hambantota port construction but does not mention China explicitly. Sentiment towards China is neutral as China is not referenced.,happiness,Sri Lanka,"The user is located in Colombo, Sri Lanka, indicating their likely country of origin.",lk,"[7.0, 81.0]",Individual,"Self-identifies as a Sri Lankan UNP boy, suggesting a personal profile.",
twitter,රනිල් හම්බන්තොට වරාය විකුණලා ගත්ත ඩොලර් මිලියන දෙසීයට මොකද උනේ ? 😁✌️,2511466152,23,"{'quote_count': 0, 'retweet_count': 0, 'like_count': 21, 'reply_count': 2, 'view_count': 0}",GMNChamikara,23522,1534,1285,41970,2803,Tue May 20 23:32:56 +0000 2014,"𝓒𝓸𝓻𝓽𝓲𝓼𝓸𝓵 𝓕𝓻𝓮𝓮 𝓟𝓮𝓻𝓼𝓸𝓷 ✌️
Wolf 🐺
#සුකුමාලි 
#පරණටැග්
#NCpredictions
#FoodNC",1352665355060088832,2021-01-22 17:12:06,https://pbs.twimg.com/profile_images/1898566164433018880/_R_hJugG_normal.jpg,https://twitter.com/GMNChamikara/status/1352665355060088832,King's Landing ,negative,China,"The post questions the sale of Hambantota port for a low price, implying criticism of the transaction. China is implied as the buyer but not explicitly mentioned. Sentiment is negative towards the sale and by implication China’s role.",anger,Sri Lanka,Use of Sinhala hashtags and cultural references indicate Sri Lanka.,lk,"[7.0, 81.0]",Individual,Personal style description with emojis and hashtags typical of an individual.,
twitter,"රනිල් හම්බන්තොට වරාය විකුණනකොට UNP එවුන් කටවහන් හිටියා,
මහින්ද කොළඹ වරාය විකුණන්න හදනකොට පොහොට්ටුවේ එවුන් කටවහන් ඉන්නවා,
කිසිම පාක්ෂිකයෙක් මැදහත් සිතින් රට ගැන හිතන්නේ නෑ, දේශපාලන පක්ෂය ගැන හිතන්නේ,
ඉතින් උන් #ටොයියෝ උනත් #බයියෝ උනත් දෙගොල්ලොම #වහල්ලු ✌️",2511466152,27,"{'quote_count': 0, 'retweet_count': 3, 'like_count': 21, 'reply_count': 3, 'view_count': 0}",GMNChamikara,23522,1534,1285,41970,2803,Tue May 20 23:32:56 +0000 2014,"𝓒𝓸𝓻𝓽𝓲𝓼𝓸𝓵 𝓕𝓻𝓮𝓮 𝓟𝓮𝓻𝓼𝓸𝓷 ✌️
Wolf 🐺
#සුකුමාලි 
#පරණටැග්
#NCpredictions
#FoodNC",1352451753032081410,2021-01-22 03:03:19,https://pbs.twimg.com/profile_images/1898566164433018880/_R_hJugG_normal.jpg,https://twitter.com/GMNChamikara/status/1352451753032081410,King's Landing ,neutral,China,"The post criticizes political parties for self-interest during the sale of Hambantota and Colombo ports, with no explicit mention of China. Sentiment towards China is neutral as China is only implied.",anger,Sri Lanka,Use of Sinhala hashtags and cultural references indicate Sri Lanka.,lk,"[7.0, 81.0]",Individual,Personal style description with emojis and hashtags typical of an individual.,
twitter,"හම්බන්තොට වරාය සමාගම හා ලංවා සංස්ථා සිමෙන්ති සමාගම, හම්බන්තොට වරාය පරිශ්‍රයේ සිමෙන්ති අමුද්‍රව්‍ය ගොඩබෑමේ පර්යන්තයක් සඳහා ගිවිසුම්ගත වුනා. ලංවා සංස්ථා සමාගමේ මිරිජ්ජවිල කර්මාණ්ත කළාපයේ සිමෙන්ති කම්හලට මේ මගින් අමුද්‍රව්‍ය සැපයෙනු ඇති. https://t.co/rPzEY1cQWI",1167490130262646784,28,"{'quote_count': 3, 'retweet_count': 5, 'like_count': 20, 'reply_count': 0, 'view_count': 0}",BizColombo,17603,5695,2908,14539,6002,Fri Aug 30 17:32:54 +0000 2019,"Politics, Business and Tech🚩
University of Leicester🚩
Singapore Institute of Marketing 🚩
IMC and Brand Activation",1455009449702264834,2021-11-01 03:11:00,https://pbs.twimg.com/profile_images/1890939479088644096/Xp5--Tva_normal.jpg,https://twitter.com/BizColombo/status/1455009449702264834,Singapore / Sri Lanka,irrelevant,China,The post discusses a business agreement involving Hambantota port and a cement company but does not mention China. Sentiment towards China is irrelevant.,irrelevant,Singapore,The location is Singapore / Sri Lanka.,sg,"[1.367, 103.8]",Individual,The user description suggests a personal account related to business and technology.,https://pbs.twimg.com/media/FDCWvlbUYBI557r.png
twitter,හම්බන්තොට වරාය බහුකාර්ය වරායක් ලෙස තවමත් සම්පූර්ණයෙන් ක්‍රියාත්මක වී නැති වුවත්. H1 2021 වර්ෂයෙහි වරායේ ලාභය 2020 වසරට වඩා තුන් ගුණයකින් වැඩි වීම නිසා හම්බන්තොට වරාය ශ්‍රී ලංකා වරාය අධිකාරියට රුපියල් බිලියන 1.05 ක ලාභාංශයක් ප්‍රකාශයට පත් කරන ලදී. https://t.co/70nwJXxjIq,106327989,19,"{'quote_count': 0, 'retweet_count': 1, 'like_count': 17, 'reply_count': 1, 'view_count': 0}",YRanaraja,37597,8197,769,50726,3796,Tue Jan 19 05:54:41 +0000 2010,Founding Director @BRI_SL | Int’l Law | BRI | Strategy | Security | Maritime Affairs | Connectivity | Ports & Supply Chain| https://t.co/zPN1QjA0k7 ☕️,1494996936973189123,2022-02-19 11:27:00,https://pbs.twimg.com/profile_images/1963973931460874240/Ews4KhQM_normal.jpg,https://twitter.com/YRanaraja/status/1494996936973189123,Beijing,irrelevant,China,"The post highlights financial performance improvements at Hambantota port under Sri Lanka Ports Authority, with no mention of China. Sentiment towards China is irrelevant.",irrelevant,Sri Lanka,The user is based in Sri Lanka and is a director at BRI_SL with a research background in China political science and law.,lk,"[7.0, 81.0]",Individual,"The user describes their professional background and roles, suggesting this is an individual account.",https://pbs.twimg.com/media/FL9Lxu0XEAE-Myw.jpg
twitter,"විකිරණශීලී ද්‍රව්‍ය සහිත නැව හම්බන්තොට වරායෙන් ඉවතට යැවේ

හම්බන්තොට වරාය වෙත පැමිණ තිබූ චීන නැවේ විකිරණශීලී ද්‍රව්‍ය ඇති බවට හෙළිවීම හේතුවෙන් එම නැවට වහාම එම වරායෙන් පිටත්වන ලෙස දැන්වූ බව ශ්‍රී ලංකා පරමාණුක බලශක්ති අධිකාරිය පැවසීය.
#lka

වැඩි විස්තර - https://t.co/XUPGLlJEeW https://t.co/wVepYi0EiN",183904448,19,"{'quote_count': 0, 'retweet_count': 1, 'like_count': 17, 'reply_count': 1, 'view_count': 0}",adaderanasin,219125,197519,8,96,131222,Sat Aug 28 04:54:46 +0000 2010,"ශ්‍රී ලංකාවේ විශ්වසනීය හා ප්‍රමුඛතම පුවත් සපයන්නා
#adaderana #srilanka #news #SLnews",1384812248217047041,2021-04-21 10:12:23,https://pbs.twimg.com/profile_images/1847218956957814784/FQH7pXFD_normal.jpg,https://twitter.com/adaderanasin/status/1384812248217047041,Sri Lanka,negative,China,"The post reports that a Chinese ship carrying radioactive material was ordered to leave Hambantota port, indicating a negative incident involving China. The tone is factual but implies concern about Chinese activities.",fear,Sri Lanka,Reason: Use of Sinhala language and reference to Sri Lankan news.,lk,"[7.0, 81.0]",Media,"Identified as a leading and trusted news provider in Sri Lanka, indicating a media outlet.",https://pbs.twimg.com/media/EzfXZsVWQAERaPk.jpg
twitter,"""ඇයි සේරම කොළඹට ගේන්නෙ සංවර්ධනය කරපල්ලකො රට වටේ..."" - ලාල්ගෙ කාන්ත

➡️හම්බන්තොට වරාය තියෙන්නෙ කොළඹද? 
➡️යාපනේ එයාපෝට් එකට ඔහෙල මොනවද (නො) කිව්වෙ?
➡️එක්ස්ප්‍රස්වේ හදන්නෙ ඇඹුල් තියල් ගේන්න කිව්වෙ අපේ කටවල් වලින්ද?

PS: ඉස්සෙල්ල සමූපයක් හරියට කරලා පෙන්නන්න. ඊට පස්සෙ රට හදමු",1167490130262646784,19,"{'quote_count': 0, 'retweet_count': 1, 'like_count': 16, 'reply_count': 2, 'view_count': '681'}",BizColombo,17603,5695,2908,14539,6002,Fri Aug 30 17:32:54 +0000 2019,"Politics, Business and Tech🚩
University of Leicester🚩
Singapore Institute of Marketing 🚩
IMC and Brand Activation",1683851361794904064,2023-07-25 14:47:03,https://pbs.twimg.com/profile_images/1890939479088644096/Xp5--Tva_normal.jpg,https://twitter.com/BizColombo/status/1683851361794904064,Singapore / Sri Lanka,irrelevant,China,"The post discusses development focus around Hambantota port and questions why development is centralized in Colombo, without mentioning China. Sentiment towards China is irrelevant.",irrelevant,Singapore,The location is Singapore / Sri Lanka.,sg,"[1.367, 103.8]",Individual,The user description suggests a personal account related to business and technology.,
twitter,හම්බන්තොට වරාය 99 අවුරුද්දකට චීනෙට බදු දෙනකොට ඔය චීන අකුරු ලියන කට්ටිය කොහෙද දන්නෙ නැහැ හිටියෙ,2619345946,23,"{'quote_count': 1, 'retweet_count': 5, 'like_count': 16, 'reply_count': 1, 'view_count': 0}",SPitiyage,6653,928,800,18312,562,Wed Jun 18 06:59:38 +0000 2014,"Traveling / Proud to be a Sri Lankan/ Practicing Buddhism/ love my motherland. post graduate, Director (International Marketing)",1396326092173156354,2021-05-23 04:44:17,https://pbs.twimg.com/profile_images/1568864434961158144/eEkBjQGb_normal.jpg,https://twitter.com/SPitiyage/status/1396326092173156354,Sri Lanka ,negative,China,"The post explicitly mentions that Hambantota port is leased to China for 99 years and criticizes the lack of awareness among Chinese-speaking people. The sentiment is negative, expressing distrust and criticism of China’s long-term control.",anger,Sri Lanka,Location explicitly stated and description references Sri Lanka.,lk,"[7.0, 81.0]",Individual,Personal interests and professional title (Director) suggest an individual profile.,
twitter,""" මං දුන්න උපදෙස් මුලදිම ක්‍රියාත්මක කලානම් මැයි මාසෙන්ම කොරෝනා ඉවර වෙනවා..""
-රනිල් වික්‍රමසිංහ- 🥀🥀

රනිල්ගෙ උපදෙස් පිට ඉවර වූ දෑ වලින් බිඳක්..

📍මහ බැංකුව
📍හම්බන්තොට වරාය
📍හම්බන්තොට ගුවන් තොටුපල
📍7.9% වු ආර්ථික වර්ධනය 
📍රටේ ආරක්ෂාව
📍ලංකාවෙ විශාලම අවි ගබඩාව https://t.co/7T49AG7JPp",1376102453402341377,18,"{'quote_count': 0, 'retweet_count': 3, 'like_count': 14, 'reply_count': 1, 'view_count': 0}",sarasavi82,16744,965,964,16864,4236,Sun Mar 28 09:23:21 +0000 2021,,1401767148230488067,2021-06-07 05:05:06,https://pbs.twimg.com/profile_images/2017518249114587136/dvLL6IO0_normal.jpg,https://twitter.com/sarasavi82/status/1401767148230488067,"Salvador, Brazil",neutral,China,The post lists various government promises and failures including Hambantota port but does not mention China explicitly. Sentiment towards China is neutral.,sadness,Brazil,"Location explicitly stated as Salvador, Brazil.",br,"[-10.0, -55.0]",Unknown,No description or identifying information provided.,https://pbs.twimg.com/media/E3QTytyXMAM_xRq.jpg
twitter,"කට ඉස්සරවුනා වැඩිද මන්ද.... 

දෙරට අතර මිත්‍රත්වය රැකෙන පරිදි  හම්බන්තොට වරාය සම්බන්ධ සම්බන්ධ ගිවිසුම වෙනස් කිරීමට චීනය එකඟ වී ඇත.
 ගමන සුභයි...!!! https://t.co/yEK0oqehzy",1376102453402341377,16,"{'quote_count': 0, 'retweet_count': 3, 'like_count': 13, 'reply_count': 0, 'view_count': 0}",sarasavi82,16744,965,964,16864,4236,Sun Mar 28 09:23:21 +0000 2021,,1405923840388124674,2021-06-18 16:22:19,https://pbs.twimg.com/profile_images/2017518249114587136/dvLL6IO0_normal.jpg,https://twitter.com/sarasavi82/status/1405923840388124674,"Salvador, Brazil",positive,China,"The post states that China agreed to amend the Hambantota port lease agreement to maintain bilateral friendship, indicating a cooperative tone. Sentiment towards China is positive.",happiness,Brazil,"Location explicitly stated as Salvador, Brazil.",br,"[-10.0, -55.0]",Unknown,No description or identifying information provided.,https://pbs.twimg.com/media/E4LYSBDXEAIqH61.jpg
twitter,"රනිල්-මෛත්‍රී ආණ්ඩුව චීන සමාගමකට හම්බන්තොට වරාය බදු දීමත් සමග සුළං විදුලි බලාගාරය ගලවා ඉවත් කර ගැනීමට සිදුවුනා 

වරෙවු පාරට පෙරළන්ඩ ආණ්ඩුව! https://t.co/5A9D4fDVQy",40320649,22,"{'quote_count': 0, 'retweet_count': 8, 'like_count': 12, 'reply_count': 2, 'view_count': 0}",Neetwit,253121,3346,2911,188683,30858,Fri May 15 20:06:00 +0000 2009,against deception of public with fabricated lies n' #sriLanka politics. Abhor ආප්ප-betrayal for power #SLpolitics,1510669824997064705,2022-04-03 17:25:27,https://pbs.twimg.com/profile_images/1511743254756147210/h7pbmrFg_normal.jpg,https://twitter.com/Neetwit/status/1510669824997064705,Colombo,negative,China,"The post criticizes the government for leasing Hambantota port to a Chinese company and removing a wind power plant, implying negative consequences of Chinese involvement. Sentiment towards China is negative.",anger,Sri Lanka,The location 'Colombo' and the user description against deception in Sri Lankan politics indicate a Sri Lankan origin.,lk,"[7.0, 81.0]",Individual,The user description reflects personal beliefs and values.,https://pbs.twimg.com/media/FPb40cBagAEttua.jpg
twitter,"Fact Check ❌False
හම්බන්තොට වරාය වෙත ඇතුළු වූ විකිරණශීලී ද්‍රව්‍ය අඩංගු නෞකාව වෙත ශ්‍රී ලංකා නාවික හමුදාවට ඇතුළු වීමට ඉඩ නොදීම හා එය හම්බන්තොට වරායට බලහත්කාරයෙන් ඇතුළු වූ බවට පලවන වාර්තා කිසිදු සත්‍යතාවක් නොමැති අසත්‍ය ප්‍රකාශයකි.
https://t.co/mUAidEpIwk
#FactCheck #SriLanka https://t.co/Pf85R1e1kp",1369252596855099394,19,"{'quote_count': 0, 'retweet_count': 7, 'like_count': 12, 'reply_count': 0, 'view_count': 0}",FactResearchlk,145,222,84,124,123,Tue Mar 09 11:44:19 +0000 2021,"FactResearch an independent,Research based, bipartisan organisation dedicated to Factcheck of wrong or ambiguous news. By media center for national development",1388309547673014272,2021-05-01 01:49:24,https://pbs.twimg.com/profile_images/1376947065238908930/RZHOMSlU_normal.jpg,https://twitter.com/FactResearchlk/status/1388309547673014272,Sri Lanka,neutral,China,"The post fact-checks and denies false reports about a radioactive ship entering Hambantota port forcibly, which involved a Chinese ship. The tone is neutral and corrective. Sentiment towards China is neutral.",neutral,Sri Lanka,Location explicitly stated and organization related to Sri Lanka.,lk,"[7.0, 81.0]",Organization,"Describes itself as an independent, research-based fact-checking organization.",https://pbs.twimg.com/media/E0REK8NVkAQbK3R.jpg
twitter,"හම්බන්තොට වරාය විකුනලා නය ගෙව්වා කියලා හොරෙක් කියනවා. අද මේ වනතුරු ඒ මුදල් වැටිච්ච එකවුන්ට් එකක් හෝ බැංකුවක් නෑ හොයාගන්න. චිචියගේ රොකට් එක වගේ. නය ගෙව්වා නම්
නය අඩුවෙන්න එපායැ.නය වැඩිවෙලා. ඕවා හොදයි නයට අරං කිරිබත් කන ගොන්නුන්ට. අපි දවසක ඔය සේරම අදින බව දන්නවා චන්දේ නොදෙන්නේ ඒකයි",722930083858505732,16,"{'quote_count': 1, 'retweet_count': 4, 'like_count': 10, 'reply_count': 1, 'view_count': '890'}",ChandiWicks1,12054,3206,4260,8519,2242,Wed Apr 20 23:28:58 +0000 2016,My belief is Live in the future & build what's missing. My guiding principal is Buddhist Philosophy & Dr. Stephen Covey's 7 Habits of Highly Effective People.,1640098013753364486,2023-03-26 21:06:52,https://pbs.twimg.com/profile_images/722931499373367296/j7_RVFGN_normal.jpg,https://twitter.com/ChandiWicks1/status/1640098013753364486,,neutral,China,"The post denies rumors about the sale of Hambantota port and criticizes misinformation, without mentioning China explicitly. Sentiment towards China is neutral.",anger,Sri Lanka,Buddhist philosophy mentioned and username suggests Sri Lankan origin.,lk,"[7.0, 81.0]",Individual,Personal beliefs and guiding principles indicate a personal account.,
twitter,"මේ කාලය පුරාම කීවේ හම්බන්තොට වරාය චීනයට අයිති කියලා, දැන් චීන නැවක් ශ්‍රී ලංකා ධජය රැගෙන වරායට ඇතුළු වන කොට කියනවා වරාය ශ්‍රී ලංකාවට අයත් කියලා. එකක් කියපන් කෝ බං.",106327989,14,"{'quote_count': 2, 'retweet_count': 1, 'like_count': 10, 'reply_count': 1, 'view_count': 0}",YRanaraja,37597,8197,769,50726,3796,Tue Jan 19 05:54:41 +0000 2010,Founding Director @BRI_SL | Int’l Law | BRI | Strategy | Security | Maritime Affairs | Connectivity | Ports & Supply Chain| https://t.co/zPN1QjA0k7 ☕️,1559513919399403520,2022-08-17 04:13:09,https://pbs.twimg.com/profile_images/1963973931460874240/Ews4KhQM_normal.jpg,https://twitter.com/YRanaraja/status/1559755185848737792,Beijing,neutral,China,"The post challenges the claim that Hambantota port belongs to China by pointing out a Chinese ship entering under Sri Lankan flag, implying the port remains Sri Lankan. The tone is skeptical and corrective. Sentiment towards China is neutral.",surprise,Sri Lanka,The user is based in Sri Lanka and is a director at BRI_SL with a research background in China political science and law.,lk,"[7.0, 81.0]",Individual,"The user describes their professional background and roles, suggesting this is an individual account.",
twitter,හම්බන්තොට වරාය හදනකොට ඔකේ මහා විශාල ගලක් තියනවා නැවු තියා බෝට්ටු වත් එන්න බැරි තැනක් කියලා රට පුරා කෑගහපු ජෙපි හු-ඇන්පියෝ මතක් වෙනවා...   😆😅😂,40320649,14,"{'quote_count': 0, 'retweet_count': 5, 'like_count': 9, 'reply_count': 0, 'view_count': 0}",Neetwit,253121,3346,2911,188683,30858,Fri May 15 20:06:00 +0000 2009,against deception of public with fabricated lies n' #sriLanka politics. Abhor ආප්ප-betrayal for power #SLpolitics,1559732829843386368,2022-08-17 02:44:19,https://pbs.twimg.com/profile_images/1511743254756147210/h7pbmrFg_normal.jpg,https://twitter.com/Neetwit/status/1559732829843386368,Colombo,neutral,China,The post recalls protests against Hambantota port construction but does not mention China explicitly. Sentiment towards China is neutral.,happiness,Sri Lanka,The location 'Colombo' and the user description against deception in Sri Lankan politics indicate a Sri Lankan origin.,lk,"[7.0, 81.0]",Individual,The user description reflects personal beliefs and values.,
twitter,"මේ අර කිසි වැඩකට නැති, නැවු එන්නේ නැති, සුදු අලියෙක් කියලා හංවඩු ගහපු හම්බන්තොට වරාය ද? නෑ...වෙන්ඩ බැහැ 😕
#Hambantota #srilanka",40320649,14,"{'quote_count': 1, 'retweet_count': 1, 'like_count': 9, 'reply_count': 3, 'view_count': '371'}",Neetwit,253121,3346,2911,188684,30858,Fri May 15 20:06:00 +0000 2009,against deception of public with fabricated lies n' #sriLanka politics. Abhor ආප්ප-betrayal for power #SLpolitics,1768529018226360418,2024-03-15 06:45:50,https://pbs.twimg.com/profile_images/1511743254756147210/h7pbmrFg_normal.jpg,https://twitter.com/Neetwit/status/1768529018226360418,Colombo,irrelevant,China,"The post sarcastically defends Hambantota port against claims it is useless, without mentioning China. Sentiment towards China is irrelevant.",irrelevant,Sri Lanka,The location 'Colombo' and the user description against deception in Sri Lankan politics indicate a Sri Lankan origin.,lk,"[7.0, 81.0]",Individual,The user description reflects personal beliefs and values.,
twitter,3. දරුණු ජනතා අරගල. ගිනි තැබීම්. ගිනි තබා ගැනීම්. චීනයේ උදව්වෙන් හමුදා රජයක් ගොඩ නැගීම. (හමුදා රජයකදී සොල්දාදුවන්ට UN Peace Keeping අහිමි වේ) හමුදා රජයේ නායකත්වය ගෝඨාබයට. GSP + අහිමි වීම. හම්බන්තොට වරාය ආරක්ශා කිරීම උදෙසා චීනයේ පළමු හමුදා කදවුර හම්බන්තොට.,1269375633886449664,11,"{'quote_count': 0, 'retweet_count': 1, 'like_count': 9, 'reply_count': 1, 'view_count': 0}",KOTTANOFFICIAL,26082,3867,3033,10435,1046,Sat Jun 06 21:08:44 +0000 2020,,1509315929250975746,2022-03-30 23:45:34,https://pbs.twimg.com/profile_images/1276715651093204992/9Tb5Wi-C_normal.jpg,https://twitter.com/KOTTANOFFICIAL/status/1509315930467221505,,negative,China,"The post explicitly mentions China’s military support in establishing a military government and the deployment of Chinese troops to Hambantota for port security, implying a negative sentiment towards China’s military involvement in Sri Lanka.",fear,Unknown,No location or clear cultural clues provided.,,,Unknown,No description or identifying information provided.,
twitter,"හම්බන්තොට අන්තර්ජාතික වරායට ලොයිඩ් සහතිකය හම්බුවෙලා. Highway හදන්නේ ඇඹුල් තියල් ගේන්න කියපු, Port City එක රටේ කලුගල් ඉවර කරනවා කියපු ජෙප්පෝ හම්බන්තොට වරාය හදනකොට කියපු විදග්ධ ප්‍රකාශ මතක් කරලා බලන්න කට්ටිය.  https://t.co/Nly5NhgNDm",1313502714073026561,13,"{'quote_count': 1, 'retweet_count': 3, 'like_count': 9, 'reply_count': 0, 'view_count': 0}",KanishkaTissa,59828,691,560,60709,1496,Tue Oct 06 15:34:49 +0000 2020,I am from Sri Lanka known as Tin (හුන්ඩුව) of the Indin Ocean.,1482626062601560064,2022-01-16 08:09:33,https://pbs.twimg.com/profile_images/2039036604778692608/VswRx2Wv_normal.jpg,https://twitter.com/KanishkaTissa/status/1482626062601560064,Sri Lanka,negative,China,"The post refers to Hambantota Port and recalls statements made during its construction, indirectly referencing China as the port is known to be Chinese-involved. The tone is critical, recalling negative statements about the project, reflecting a negative sentiment towards China’s involvement.",anger,Sri Lanka,"The user mentions living in Ampara, Sri Lanka, indicating a likely Sri Lankan origin.",lk,"[7.0, 81.0]",Individual,The user provides personal information about living in a specific location.,
twitter,"'හම්බන්තොට වරාය යළි ගන්නේ මෙහෙමයි'
@UPGammanpila 
අර කිව්වා වගේ ඔලුව දැන් ගිහින් කලුගලක ගහගන්න.  

ගෙම්බන්පිල reveals his masteful strategy to take the Hambantota Port back from the Chinese. https://t.co/S1PGhkYIfx",52220757,12,"{'quote_count': 0, 'retweet_count': 1, 'like_count': 9, 'reply_count': 2, 'view_count': 0}",MarlonAriy,11102,8242,817,31332,2500,Mon Jun 29 22:58:49 +0000 2009,PhD Candidate in Performance Studies @Stanford. Former journalist/editor @himalistan. #Author of Froteztology. he/him,1365236012763385859,2021-02-26 09:43:24,https://pbs.twimg.com/profile_images/1775918823084048384/wNfEKZEy_normal.jpg,https://twitter.com/MarlonAriy/status/1365236012763385859,Sri Lanka,negative,China,"The post explicitly mentions a strategy to take Hambantota Port back from the Chinese, indicating a critical stance towards Chinese control. The tone is somewhat strategic and critical, reflecting negative sentiment towards China.",anger,Sri Lanka,Location explicitly stated and references to Sri Lankan media.,lk,"[7.0, 81.0]",Individual,Academic and professional details indicate a real person.,https://pbs.twimg.com/ext_tw_video_thumb/1365235839714795521/pu/img/HxbnVmMKi6YgOWNu.jpg
twitter,"""හම්බන්තොට වරාය නැවත මිලදී ගැනීමට තරම් අතිරික්තක මුදලක් ලංකාවේ දැන් තියෙනවද?"" විමල් වීරවංශ ප්‍රශ්න කරයි. https://t.co/TOoNRVjR0u",366526379,15,"{'quote_count': 2, 'retweet_count': 2, 'like_count': 9, 'reply_count': 2, 'view_count': 0}",LankadeepaNews,125330,89567,8,13,43117,Fri Sep 02 10:13:56 +0000 2011,Premier Breaking News Site. Most Popular Newspaper in Sri Lanka.,1362750389708152841,2021-02-19 13:06:26,https://pbs.twimg.com/profile_images/1880139138000621568/pmYtd2X1_normal.jpg,https://twitter.com/LankadeepaNews/status/1362750389708152841,Sri Lanka,neutral,China,"The post questions whether Sri Lanka has enough money to repurchase Hambantota Port, implying concern about the Chinese lease. The tone is neutral but skeptical, reflecting a neutral to slightly negative sentiment towards China.",fear,Sri Lanka,Location explicitly stated and described as a Sri Lankan news site.,lk,"[7.0, 81.0]",Media,Describes itself as a premier breaking news site and popular newspaper.,https://pbs.twimg.com/ext_tw_video_thumb/1362749716199473154/pu/img/Faq9HdBkBQHCoMNQ.jpg
twitter,"එකෙක් ෆේස්බුක් එකේ මාස ගානකට කලින් මගේ පෝස්ට් එක්කට comment එකක් දාලා තිබ්බා හින්ට් එකක් ගහන්න හිතං,
මම ගිහින් comment කරේ ඌ 2017 හම්බන්තොට වරාය විකුණනකොට ඒක සාධාරණීකරණය කරලා ලියපු පත හෑල්ලකට මූ මාව Unfriend කරලම ගිහින් 🤣🤣🤣🤣🤣✌️",2511466152,9,"{'quote_count': 0, 'retweet_count': 0, 'like_count': 9, 'reply_count': 0, 'view_count': 0}",GMNChamikara,23522,1534,1285,41970,2803,Tue May 20 23:32:56 +0000 2014,"𝓒𝓸𝓻𝓽𝓲𝓼𝓸𝓵 𝓕𝓻𝓮𝓮 𝓟𝓮𝓻𝓼𝓸𝓷 ✌️
Wolf 🐺
#සුකුමාලි 
#පරණටැග්
#NCpredictions
#FoodNC",1353588107606695937,2021-01-25 06:18:47,https://pbs.twimg.com/profile_images/1898566164433018880/_R_hJugG_normal.jpg,https://twitter.com/GMNChamikara/status/1353588107606695937,King's Landing ,negative,China,"The post recalls a past incident related to the sale of Hambantota Port and mentions being unfriended for defending the sale, implying controversy around China’s involvement. The tone is somewhat humorous but critical, reflecting negative sentiment towards China.",disgust,Sri Lanka,Use of Sinhala hashtags and cultural references indicate Sri Lanka.,lk,"[7.0, 81.0]",Individual,Personal style description with emojis and hashtags typical of an individual.,
twitter,"මුතුවෙන් මඩඕනද ? හම්බන්තොට වරාය ණයවාරික අගේට ගෙවන යද්දී අදිකාරියේ ලාබෙන්, බොරු ණය බිල්ලෙක් මවලා විකුනන්න පාර කැපුවේ කවුද ? 2015 චන්දෙ ඉල්ලන්නේ නැතුව යහපලනෙට jvp චන්ද ලක්ෂ 4/5 සෙට් කරලා යහපලානේ ගෙනාවේ කවුද ? රටටම dollar ඕන වෙලාවේ dollar එවන් එපා කියලා $bil 8 වැඩිය නැති කරේ කවුද🤮?",726211519,11,"{'quote_count': 0, 'retweet_count': 2, 'like_count': 8, 'reply_count': 1, 'view_count': '251'}",haasampath,4747,157,255,10449,428,Mon Jul 30 14:50:41 +0000 2012,"read between the lines, then you will never regret... ""ඇත්ත තිත්ත උනාම followers ලා නෑ..."" :), දැන් බලාගත්තනේ, ස්තුතියි 😂🤣",1754345105736249609,2024-02-05 03:24:02,https://pbs.twimg.com/profile_images/1797679039270014976/lCzs1wc7_normal.jpg,https://twitter.com/haasampath/status/1754345105736249609,,negative,China,"The post criticizes the sale of Hambantota Port and questions who benefited from the deal, implying corruption linked to Chinese involvement. The tone is accusatory and negative towards China.",anger,Sri Lanka,Use of Sinhala language in description suggests Sri Lanka.,lk,"[7.0, 81.0]",Individual,Personal reflective statement typical of an individual user.,
twitter,"හම්බන්තොට වරාය,
ගුවන් තොටුපොළ ඇතුලු 
රාජපක්ෂලාගේ මහා පරිමාණ ව්‍යාපෘති වලින්
රට යස ඉසුරින් පිරෙන හැටි සූරියප්පෙරුම ශූරීන් එක්ක අපිට කියාදුන් හසන්තගෙ පරන වැඩසටහනක් දෙකක් ආයෙත් දාන්න කියමුද.....",1283304332855779331,9,"{'quote_count': 0, 'retweet_count': 0, 'like_count': 8, 'reply_count': 1, 'view_count': 0}",Anuradh67472762,4020,198,164,4567,212,Wed Jul 15 07:37:36 +0000 2020,,1534106339961556992,2022-06-07 09:33:48,https://pbs.twimg.com/profile_images/1370197269643812864/FimzMG1s_normal.jpg,https://twitter.com/Anuradh67472762/status/1534106339961556992,,negative,China,"The post mentions large-scale projects including Hambantota Port linked to the Rajapaksa family, implying negative consequences for the country. The tone is critical, reflecting negative sentiment towards China’s projects.",disgust,Unknown,No location or clues provided.,,,Unknown,No description or identifying information provided.,
twitter,"හම්බන්තොට වරායේ සිදුවූ ඉන්ධන කාන්දුව

හම්බන්තොට වරාය වෙත පැමිණ තිබූ වාණිජ නෞකාවකට ඉන්ධන සැපයීමේදී එහි ඉන්ධන කාන්දුවක් සිදුවී තිබේ.
#adaderanasinhala #lka #slnews #srilanka

වැඩි විස්තර - https://t.co/GPPnRQrK0D https://t.co/RZsfPF9rOc",183904448,9,"{'quote_count': 0, 'retweet_count': 1, 'like_count': 8, 'reply_count': 0, 'view_count': 0}",adaderanasin,219125,197519,8,96,131222,Sat Aug 28 04:54:46 +0000 2010,"ශ්‍රී ලංකාවේ විශ්වසනීය හා ප්‍රමුඛතම පුවත් සපයන්නා
#adaderana #srilanka #news #SLnews",1414824502534590464,2021-07-13 05:50:22,https://pbs.twimg.com/profile_images/1847218956957814784/FQH7pXFD_normal.jpg,https://twitter.com/adaderanasin/status/1414824502534590464,Sri Lanka,irrelevant,China,No mention or implication of China.,irrelevant,Sri Lanka,Reason: Use of Sinhala language and reference to Sri Lankan news.,lk,"[7.0, 81.0]",Media,"Identified as a leading and trusted news provider in Sri Lanka, indicating a media outlet.",https://pbs.twimg.com/media/E6J3Y0bXsAQ0Rlc.jpg
twitter,"හම්බන්තොට වරාය 99 අවුරුද්දට බදු දෙද්දි විකුණනවා කිව්වා. දැන් Port City යටත් අනිත් පැත්ත ඒකම කියනවා. 
@MasakoralaRohan @PortCityColombo 

මැතිසබයේ විවාදයට ගැනෙන කොළඹ වරාය නගර පනත් කෙටුම්පත.
YouTube නාලිකාව හරහා ඔබට සම්පූර්ණ වීඩියෝව නැරඹිය හැකිය. https://t.co/ZevrlfVbIP https://t.co/Twa9qSz91Z",808618584121294848,11,"{'quote_count': 1, 'retweet_count': 2, 'like_count': 8, 'reply_count': 0, 'view_count': 0}",AdvocataPlus,3464,1941,124,117,3069,Tue Dec 13 10:24:28 +0000 2016,ශ්‍රී ලංකාවේ නිදහස සහ සෞභාග්‍යය වෙනුවෙන් කැපවූ ස්වාධීන ආර්ථික පර්යේෂණ ආයතනයක් | ENGLISH (@advocatalk),1401076354628653058,2021-06-05 07:20:08,https://pbs.twimg.com/profile_images/1372874807214149633/msdVheJF_normal.jpg,https://twitter.com/AdvocataPlus/status/1401076354628653058,Sri Lanka,negative,China,"The post discusses the 99-year lease of Hambantota Port to China and related political debates, indicating critical awareness of Chinese control. The tone is neutral to negative, reflecting concern about China’s influence.",fear,Sri Lanka,Location explicitly stated and description in Sinhala language.,lk,"[7.0, 81.0]",Organization,Describes itself as an independent economic research institute.,https://pbs.twimg.com/ext_tw_video_thumb/1401075100095598594/pu/img/wAokLUkbW0kpRgih.jpg
twitter,මේ වගේ පට්ට බේගල් ඇදබාන එවුන්නම් රටට බරක්. මූ දන්නේ නැතුවද එහෙම නැත්නම් ගොන් බයියෝ රවට්ටන්න හදනවද මන්දා. හම්බන්තොට වරාය අවහිර  කරමින් විශාල ගල්පරයක් තිබුණා. වරාය අධිකාරිය ඒක ඉවත් කරන්න චීනයෙන් $ මිලියන 40 ක ණයකුත් ඉල්ලුවා. 2011 නොවැම්බර් ඒක පිපිරුවා. https://t.co/hNSbuz7ZgL,1342507944173314051,8,"{'quote_count': 0, 'retweet_count': 1, 'like_count': 7, 'reply_count': 0, 'view_count': 0}",AKD100Days_,31362,9671,6862,78853,7558,Fri Dec 25 16:30:19 +0000 2020,📊 Tracking Sri Lanka's new President AKD's deliverables. A platform for insights and discussions!,1560977816778289155,2022-08-20 13:11:27,https://pbs.twimg.com/profile_images/1839358590056091649/8wATuLpd_normal.jpg,https://twitter.com/AKD100Days_/status/1560977816778289155,Sri Lanka,negative,China,"The post mentions a $40 million loan requested from China to remove a large rock blocking Hambantota Port, indicating financial dependence on China. The tone is factual but implies criticism of reliance on Chinese loans, reflecting negative sentiment.",fear,Sri Lanka,"The description explicitly mentions tracking Sri Lanka's new President AKD, indicating a Sri Lankan focus.",lk,"[7.0, 81.0]",Unknown,The account appears to be an information/discussion platform without clear personal or organizational identity.,https://pbs.twimg.com/media/Fam1DAqUsAIZxCc.jpg
twitter,"✅ ලංකාවට🇱🇰 අවරුදු 30 නැතිවෙලා   තිබුන බුමිය 1/3 යුද්ද කරලා අපහු අරගත්ත එකම , නය අරගෙන කරපු හොඳ ආයෝජනයක් , එ පැතිවල ඕනේ කෙනෙකුට බය නැතිව ආයෝජනය කරන්න පුළුවන් !  
✅මහින්ද ගේ කලේ ගත්ත ගොඩක් නය ගියේ යුද්දේ කරන්න සහ  මහා මාර්ග, වරායවල් වෙනත් යටිටල පසුකම් හදන්න,මේවා නැතුව රටකට දියුණුවේ න  බෑ, පරක්කු කරන්න වියදම වැඩයි.
✅ඔය කියන නෙලුම් පොකුණට මහා වියදම් ගියේ නෑ , එවුනට එක කීදෙනෙක් දැන් පවිච්චිකරන්වද … කොච්චර ආයෝජනයක් එනවද …. 
✅වරයා නගරය තව අවරුදු පහකින් බලන්න,  
හම්බන්තොට  වරාය කියන්නේ ලොකු ආයෝජනයක් … ඒවයේ ප්‍රයෝජනේ ගන්නේ චිනේ යහපාලන ආණ්ඩුවෙන් විකුනපු නිසා 
✅දක්ෂිණ , කටුනායක සහ වටරවුම් අදිවේගී මාර්ග ඒකාලේ හැදුවේ නැත්නම් කවදාවත් හැදෙන්නේ නෑ.
✅2012 සැලසුම් කරපු mono rail එක කල් ගියා  දැන් අපිට එක හදන්න තරන් වත්කමක් නෑ …මද්‍යම අදිවේගී මාර්ගයත් ඒවගේ … දැන් ලෝක උද්දමන වැඩි … අපිට construction costs එක දරාගන්න අමාරුයි.
✅මේවගේ කලෙක  මේවගේ මෝඩ පරම්පරාවක් එක්ක යුද්දේ ඉවර කරන්න වෙන්නෙත් නෑ 

💥මෙව කරන කොට හොරකම් වෙන්න ඇති , නමුත් කියුබාවේ ඉන්න වගේ අපිට ඉන්න බෑ නේද

  @PresRajapaksa @GotabayaR @RajapaksaNamal @RW_UNP",1492438847321477121,12,"{'quote_count': 0, 'retweet_count': 4, 'like_count': 7, 'reply_count': 1, 'view_count': '350'}",KavithaRatwatte,12155,745,350,11749,1516,Sat Feb 12 10:02:27 +0000 2022,"I 👎🏽SAY No to Racism 👎🏽 No to Hate speech 👎🏽 no to child marriages 👎🏽 proud 🇱🇰’n follow ✝️☸️🕉️☪️ 👩‍👩‍👧‍👦 first, 🛫 engineer, tweet twice daily.",1764154738453499909,2024-03-03 05:04:00,https://pbs.twimg.com/profile_images/1900861996586639360/dNTKJhg1_normal.jpg,https://twitter.com/KavithaRatwatte/status/1764154738453499909,,positive,China,"The post praises investments including Hambantota Port as good investments for Sri Lanka, indicating a positive view of Chinese-related infrastructure. The tone is positive and hopeful.",happiness,Sri Lanka,The user mentions being proud Sri Lankan and follows multiple religious symbols commonly associated with Sri Lanka.,lk,"[7.0, 81.0]",Individual,The user's description indicates personal interests in social issues and engineering.,
twitter,"""එක් තීරයක් එක් මාවතක් යටතේ තියෙන ලංකාවේ ව්‍යාපෘති, කොළඹ වරාය නගරය, හම්බන්තොට වරාය වගේ ව්‍යාපෘති කඩිනම් වෙන්න පුළුවන්.""
https://t.co/Yrgv9ogipX",23761492,8,"{'quote_count': 0, 'retweet_count': 1, 'like_count': 7, 'reply_count': 0, 'view_count': 0}",bbcsinhala,31959,86479,0,2,3997,Wed Mar 11 13:23:42 +0000 2009,මෙම වෙබ් අඩවිය කියවීමට අපහසු නම් කරුණාකර ෆයර්ෆොක්ස් හෝ ගූගල් ක්‍රෝම් වෙබ් බ්‍රව්සරය බාගත කරන්න,1584422409368526848,2022-10-24 05:51:54,https://pbs.twimg.com/profile_images/948907475528552448/Z9-X_Fs-_normal.jpg,https://twitter.com/bbcsinhala/status/1584422409368526848,London,neutral,China,"The post mentions Hambantota Port among projects that can be expedited, without explicit mention of China. The tone is neutral and factual, reflecting neutral sentiment.",neutral,United Kingdom,"Location is London and username is bbcsinhala, linking to BBC Sinhala service based in the UK.",gb,"[54.0, -2.0]",Media,BBC Sinhala is a recognized media outlet.,
twitter,"ඊයේ මගේ මිත්‍රයා #twitter අවකාශයේ නාවික හමුදාවේ කෙනෙක් කිව්වා චීන නරකම පාරිභෝගිකයා කියලා.ඔවුන් අනෙක් රටේ කිසිම නීතියකට සවන් දී අනුගමනය කළේ නැත. හම්බන්තොට වරාය චීනයට බදු දුන් නිසා ගෙදර එනවා. යුවාන් වැන්ග් 5 මාර්ගය හම්බන්තොටට ගෙන ඒම සහ අගෝස්තු 11 වෙනිදා පැමිණීමට 
#SriLanka #China https://t.co/Axlmg44xs2",1158972625521139712,13,"{'quote_count': 0, 'retweet_count': 5, 'like_count': 7, 'reply_count': 1, 'view_count': 0}",CatherineLka,6964,4372,3412,7742,1171,Wed Aug 07 05:26:21 +0000 2019,"Planting Trees and Discovering the Truth !!
ජීවිතය දිගු නොවිය යුතුය, එය විශාල විය යුතුය.

(https://t.co/Rhf8KI6hNt)",1554773169000644609,2022-08-03 10:16:24,https://pbs.twimg.com/profile_images/1948042124764880896/QYljmZul_normal.jpg,https://twitter.com/CatherineLka/status/1554773169000644609,"kandy,Sri lanka",negative,China,"The post quotes a navy person calling China a bad consumer and criticizes China for not following laws, linking China to Hambantota Port lease. The tone is negative and critical towards China.",anger,Sri Lanka,"Location in Kandy, Sri Lanka.",lk,"[7.0, 81.0]",Individual,The user description includes personal interests and activities.,https://pbs.twimg.com/media/FZOpTi2XEAEDiE8.jpg
twitter,"මගේ මතයනම් බල්ලා පිදුරු කන්නෙත් නැහැ කන ගොනාට දෙන්නෙත් නැහැ නොවී, අපිට කරන්න බැරිනම් හම්බන්තොට වරාය වුනත් පෝර්ට් සිටිය වුනත් බදු දුන්නට කමක් නැහැ රටේ ව්‍යවස්ථාව ඇතුලේ. මොනවා වුනත් මෙතැනදී ජෙප්පෝ එකම ප්‍රතිපත්තියක ඉන්න එක ගැන සතුටු වෙන්න පුළුවන්. https://t.co/buDCHQmYdO",1342507944173314051,7,"{'quote_count': 0, 'retweet_count': 0, 'like_count': 7, 'reply_count': 0, 'view_count': 0}",AKD100Days_,31362,9671,6862,78853,7558,Fri Dec 25 16:30:19 +0000 2020,📊 Tracking Sri Lanka's new President AKD's deliverables. A platform for insights and discussions!,1396069852624809987,2021-05-22 11:46:05,https://pbs.twimg.com/profile_images/1839358590056091649/8wATuLpd_normal.jpg,https://twitter.com/AKD100Days_/status/1396069852624809987,Sri Lanka,neutral,China,"The post expresses acceptance of the Hambantota Port lease to China as constitutional and praises a consistent policy, reflecting a neutral to slightly positive stance towards China.",neutral,Sri Lanka,"The description explicitly mentions tracking Sri Lanka's new President AKD, indicating a Sri Lankan focus.",lk,"[7.0, 81.0]",Unknown,The account appears to be an information/discussion platform without clear personal or organizational identity.,https://pbs.twimg.com/media/E1_WIGcVkAUIi95.jpg
twitter,විජේදාස කියනවා හම්බන්තොට වරාය විකුණන්න රාජපක්ෂලා යහපාලනේට සහය දුන්නලු! එදා මූ එතන අධිකරණ ඇමති!ගණිකා වෘතියේ යෙදෙන කාන්තාවත් ආත්ම ගෞරවයක් තියාගෙන තමන්ගේ රැකියාව කරන්නේ!නමුත් මුන් ගණිකාවකටත් අන්තයි. මහ දවල් ප්‍රශිද්ධියේ කිසිම විලිලැජ්ජාවක් නැති එකෙක්. මුංගෙන් රටට වැඩක් තියෙනවද? https://t.co/gdlkHP9BGv,1360723681840951299,7,"{'quote_count': 0, 'retweet_count': 0, 'like_count': 7, 'reply_count': 0, 'view_count': 0}",Udayawickramar1,18580,1502,4768,3688,5790,Sat Feb 13 22:53:22 +0000 2021,රටත් එක්ක හිට ගනිමු! පරිසරය රැකගමු!සත්‍ය වෙනුවෙන් පෙනී සිටිමු!දූෂිත දේශපාලුවන්ට තරාතිරම නොබලා පහර දෙමු! නිදහස් නීතිගරුක නිවහල් දේශයක් වෙනුවෙන් ඇප කැප වෙමු!,1383237328886394880,2021-04-17 01:54:13,https://pbs.twimg.com/profile_images/1594554935999332353/Yw2rNd9A_normal.jpg,https://twitter.com/Udayawickramar1/status/1383237328886394880,,negative,China,"The post discusses political support for selling Hambantota Port to China, criticizing the Rajapaksa family and others. The tone is critical and negative towards Chinese involvement.",anger,Sri Lanka,Use of Sinhala language and references to Sri Lankan politics.,lk,"[7.0, 81.0]",Individual,Personal political and social activism statements suggest an individual.,https://pbs.twimg.com/media/EzI_BCdVUAQIdKn.jpg
twitter,"A good article By Samila on FB !

✅මුලින්ම කියන්න ඕනේ ලංකාවේ මිනිස්සු කරගත්ත ලොකුම අවුල යහාපාලන ආණ්ඩුව ගෙන ඒමයි. ලංකාව සංවර්ධනය වෙමින් ආවා විතරයි එයට එරෙහිව ජාතික හා ජාත්‍යන්තර වශයෙන් බොහෝ බලපෑම් ආවා. මට හිතාගන්නම බැරි ජවිපේ හැසිරීමයි. 1970 ඉදන් (2001-2005 හැරෙන්න) ඔවුන් පෙනී හිටියේම වැරදි මතයේ. යුද්ධය දිනාගෙන එනකොට, 2008 දී ඔවුන් අයවැය පරද්දන්න කටයුතු කලේ ඇයි කියන එක තවම ප්‍රශ්ණයක්. 
✅2009 දී මහින්ද ජනාධිපතිවරයාගේ මූලිකත්වයෙන් යුද්ධය ජයග්‍රහණය කලත්, 2010 ජනාධිපතිවරණයේදී ජවිපේ සහාය දුන්නේ මහින්ද රාජපක්ෂව පරද්දවන්න. ඇයි ඒ? ඇත්තටම ඒක ඔවුන් රටට කියන්න ඕනේ. ඇයි යුද්ධය දිනපු නායකයාව පරද්දන්න ඔවුන් කටයුතු කලේ?

✅යුද්ධයෙන් පසු මහින්ද රාජපක්ෂ ලංකාවේ බොහෝ සංවර්ධන කටයුතු කරන්න ගත්තා. බොහෝ දේ නිර්මාණය වුණා. කොළඹ නගරය දියුණු නගරයක් වුණා. ඩොලර් බිලියන 25 වගේ තිබුණු GDP එක ඩොලර් බිලියන 79 වගේ දක්වා වැඩි වුණා. හම්බන්තොට වරාය ගොඩනැගුණා. හැබැයි මේවා එක්ක රාජපක්ෂ හොරු කියන මතය සමාජගත වෙලා ඔවුන්ව 2015 දී පන්නා දානවා. ඒකට ජවිපෙත් සම්බන්ධ වුණා. එහි වුණේ කුමන්ත්‍රණයක් කියලා ජෝන් කෙරීගේ කතාවෙන් පැහැදිළි වුණා. 

2015 දී බිහිවුණේ කැද හැළියක් වගේ වූ ආණ්ඩුවක්. එහිදී එකිනෙකාට විරුද්ධ දේශපාලන මත ඇති පිරිස් ඒ ආණ්ඩු පාලනය කලා. එයින් ශ්‍රී ලංකා රාජ්‍ය පිරිහුණා. රටේ නැවත බෝම්බ පිපුරුවා. 

✅2019 දී ගෝඨා ආවා. ඒ එක්කම කෝවිඩ් ආවා. ගෝඨා කාබනික පොහොර පිස්සුවක් ගෙනත් අර්බුදයක් නිර්මාණය කලා. ඔහුම පත්කරපු පාත්පයින්ඩර් මිලින්ද මොරගොඩ වගේ අය ඒ අරගලය නිර්මාණය වීමට හේතු වුණා. එහෙම වෙලා 2022 මැයි 9 රාජ්‍යය කඩාවැටෙන්න ඔන්න මෙන්න තියෙනකොට රනිල් අගමැති වෙනවා. ඒ නිසා සාලීයට ඕනේ විදියට අන්තර්වාර පාලනයක් බිහිවෙන්නේ නැහැ. රනිල්ට හොද සහයක් පොහොට්ටුව ලබාදෙනවා. ඒ හරහා ඒ ආණ්ඩුව රැකෙනවා. 

✅දැන් පැමිණ තියෙන්නේ අරගලයෙන් පසු මුල්ම ජනාධිපතිවරණයයි. එහි ඉන්න ජනාධිපති අපේක්ෂකයන් අතරින් මට කෙලින්ම කියන්න පුළුවන් ජාතික ජනබලවේගයට පැහැදිළි වැඩසටහනක් නැහැ කියලා. ඒකේ එක් එක් අය එක එක දේ කියන්නේ. ප්‍රතිපත්ති සම්පුර්ණයෙන් වෙනස් මිනිස්සු එක් වූ තැනක් තමයි ජාතික ජනබලවේගය කියන්නේ. ජාතිකවාදීයෙක් විදියට කොහොමත් අනුරගේ ප්‍රතිපත්තිවලට එකග වෙන්න බැහැ. ඔවුන් විධායක ඡනාධිපතිධුර අහෝසි කරන්න එකගයි. රනිල්ට මම කොහොමත් විරුද්ධයි. ඔහු ක්‍රියාත්මක කරන්නේ IMF කියන දේ විතරයි. එයින් ලංකාවේ දේශපාලනික ව්‍යුහයට බොහෝ හානී වෙනවා වගේම අදාළ රටවල් ඔවුන්ගේ භූදේශපාලනික ඕනෑ එපාකම් ඉටුකරගන්නවා. සජිත්ගේ ආර්ථික වැඩසටහන යම් සාධනීය බවක් තියෙනවා හා එහි ආර්ථික ප්‍රතිපත්ති සම්බන්ධයෙන් බොහෝ වෙලාවට එක මතයක් තියෙනවා. හැබැයි බෙදුම්වාදී පක්ෂ ඔවුන්ට එක් වෙලා තියෙනවා. 

✅නාමල්ගේ ප්‍රතිපත්තිය මහින්ද චින්තනයේ ඉදිරි දැක්ම. ඔහුට පුළුවන් ඉදිරියේදී හොද වැඩපිළිවෙළක් එක්ක ඉදිරියට එන්න. ඔහුට හොද දේශපාලන අනාගතයක් තියෙනවා. ලංකාවේ දැනට පිළිගන්න පුළුවන්, පවතින ආර්ථික හා දේශපාලන ප්‍රශ්ණ විසදන්න පුළුවන් ජාතිකවාදී ප්‍රතිපත්ති එක්ක උපාය මාර්ගික වැඩපිළිවෙළක් ඉදිරිපත් කරලා තියෙන්නේ දිලිත් විතරයි. මෙවර ඔහු බොහෝ විට දිනන්නේ නැතිවෙයි. හැබැයි ජාතිකවාදී මිනිස්සු ඒ ප්‍රතිපත්ති තවමත් ශක්තිමත් කියලා පෙන්වන්න ඔහුට සහාය දෙන්න ඕනේ!

#srilanka  #SriLankaNews #srilankaelection
#NamalRajapaksa #Political #SLPP
#ethniccleansingOfSinhaleseInNorth 
@PresRajapaksa @RajapaksaNamal @Media_NR @RW_SRILANKA @anuradisanayake",1492438847321477121,9,"{'quote_count': 0, 'retweet_count': 3, 'like_count': 6, 'reply_count': 0, 'view_count': '195'}",KavithaRatwatte,12155,745,350,11749,1516,Sat Feb 12 10:02:27 +0000 2022,"I 👎🏽SAY No to Racism 👎🏽 No to Hate speech 👎🏽 no to child marriages 👎🏽 proud 🇱🇰’n follow ✝️☸️🕉️☪️ 👩‍👩‍👧‍👦 first, 🛫 engineer, tweet twice daily.",1833798754584997932,2024-09-11 09:24:28,https://pbs.twimg.com/profile_images/1900861996586639360/dNTKJhg1_normal.jpg,https://twitter.com/KavithaRatwatte/status/1833798754584997932,,neutral,China,"The post discusses political history and development including Hambantota Port, implying it as a significant investment. The tone is neutral to positive, reflecting a neutral sentiment towards China.",neutral,Sri Lanka,The user mentions being proud Sri Lankan and follows multiple religious symbols commonly associated with Sri Lanka.,lk,"[7.0, 81.0]",Individual,The user's description indicates personal interests in social issues and engineering.,
twitter,"පෝට් සිටි ගැන අප මධ්‍යස්ථ විය යුතු අැයි ? 
1. හම්බන්තොට වරාය , ත්‍රිකුණාමල තෙල් ටැංකි වැනි අවාසි ගිවිසුම් ගැසූවන් අද කතා නැත.
2. දේශපාලකයන්ගේ ගිවිසුම් මෙහි රැඳුණද ඔවුන් මෙහි රැඳේවියැයි ස්ථිර නැත. 
3. පවරාගන්නවා කියූ කිසිවක් කිසිදු අාණ්ඩුවක් මගින් පවරාගෙන නැත.
#SriLanka #lka",2945217588,7,"{'quote_count': 0, 'retweet_count': 0, 'like_count': 6, 'reply_count': 1, 'view_count': 0}",DarNayanajith,15641,897,879,39074,231,Sat Dec 27 16:01:19 +0000 2014,BA Sp. in IR @ UOC. '2012',1399659167174955016,2021-06-01 09:28:44,https://pbs.twimg.com/profile_images/1598306761714601984/KP_WNmLM_normal.jpg,https://twitter.com/DarNayanajith/status/1399659167174955016,"Eheliyagoda, Sri Lanka",negative,China,"The post questions why Sri Lanka should be neutral about Port City and Hambantota Port deals, implying skepticism about political agreements involving China. The tone is skeptical and critical, reflecting negative sentiment.",disgust,Sri Lanka,Location explicitly stated and university abbreviation (UOC) likely University of Colombo.,lk,"[7.0, 81.0]",Individual,Educational background and year indicate a personal account.,
twitter,"හම්බන්තොට වරාය ගිය ආණ්ඩුවෙන් චීනෙට විකුනනකොට මේ වගේ චීන අකුරුත් නැහැ, චීන සෙල්ලන් මොකුත් නැහැ. 
හේතුව: 
යහපාලන කුක්කො සද්ද නැහැ එයාලගේ ආණ්ඩුව නිසා. පොහොට්ටුවො සද්දෙ දැම්මෙත් නැහැ චීන ගැතිභාවය නිසා. අද පොහොට්ටුවෝ සද්ද නැහැ, එදා කටයි පුකයි වහන් හිටපු යහපාලකයෝ කෑ ගහනවා. #පක්ෂවහල්ලු",2584899049,10,"{'quote_count': 0, 'retweet_count': 2, 'like_count': 6, 'reply_count': 2, 'view_count': 0}",TweetsbyNarada,15327,830,1557,17905,2143,Tue Jun 24 01:31:42 +0000 2014,"විශ්වය සැමටම යුක්තිය ඉටුවන ලස්සන ලොවක් සදම්.
Let's build a better world where justice is served for all.",1396858276130795524,2021-05-24 15:59:00,https://pbs.twimg.com/profile_images/1839292589335576576/h58Crjkn_normal.jpg,https://twitter.com/TweetsbyNarada/status/1396858276130795524,Los Angeles & Colombo,negative,China,"The post contrasts past and present governments’ handling of Hambantota Port and Chinese influence, criticizing Chinese presence and political complicity. The tone is negative and accusatory towards China.",anger,Sri Lanka,Location includes Colombo and description in Sinhala language.,lk,"[7.0, 81.0]",Individual,Personal mission statement and mixed location suggest an individual.,
twitter,"දැන් රනිල් හම්බන්තොට වරාය චීනෙට දුන්න එක හරිද, වැරදිද? එතකොට අපි ඒ ආන්ඩුව අයීන් කරලා වෙන ආන්ඩුවක් ගෙනාවේ මක්කටෙයී? අන්තෝ ජටා බහි ජටා  ජටාය ජටිතා පජා..",1269375633886449664,6,"{'quote_count': 0, 'retweet_count': 0, 'like_count': 6, 'reply_count': 0, 'view_count': 0}",KOTTANOFFICIAL,26082,3867,3033,10435,1046,Sat Jun 06 21:08:44 +0000 2020,,1396271913144504320,2021-05-23 01:09:00,https://pbs.twimg.com/profile_images/1276715651093204992/9Tb5Wi-C_normal.jpg,https://twitter.com/KOTTANOFFICIAL/status/1396271913144504320,,neutral,China,"The post questions whether it was right or wrong to give Hambantota Port to China, reflecting public debate. The tone is neutral but implies controversy, reflecting neutral sentiment.",surprise,Unknown,No location or clear cultural clues provided.,,,Unknown,No description or identifying information provided.,
twitter,@IshanAbeygunaw1 අර හම්බන්තොට වරාය විකුණන පනත ට @PresRajapaksa @RajapaksaNamal ඇතුළු රාජපක්ෂ පවුලේ කිසිම කෙනෙක් සහභාගි නොවුණ වගේ 🤣,1466195686836211713,7,"{'quote_count': 1, 'retweet_count': 1, 'like_count': 5, 'reply_count': 0, 'view_count': '141'}",Nemal77PhD,7504,1124,109,9809,491,Thu Dec 02 00:01:23 +0000 2021,Tweets are personal views.,1672647245752090624,2023-06-25 01:25:02,https://pbs.twimg.com/profile_images/1672623688179671040/_7LhKj57_normal.jpg,https://twitter.com/Nemal77PhD/status/1672777889518075904,Singapore ,negative,China,"The post sarcastically denies involvement of Rajapaksa family in the law selling Hambantota Port to China, implying criticism. The tone is sarcastic and negative towards China.",disgust,Singapore,The location 'Singapore' suggests a Singaporean origin.,sg,"[1.367, 103.8]",Individual,"The user's description states that tweets are personal views, indicating an individual account.",
twitter,"2015 - 2019 කාල සීමාවේ විකිණූ ඩොලර් මිලියන 13,000කට ආසන්න ජාත්‍යන්තර ස්වෛරී බැඳුම්කර, ඩොලර් මිලියන 750ක පමණ  ස්වෛරි බැඳුම්කර වාරික ගෙවන්න සිද්ද වුනේ මහින්ද නිසාද?
හම්බන්තොට වරාය හා  රාජ්‍ය සම්පත් විකුණා ඩොලර් සොයා ගත්තේ එදා වේල කෑමටය. එදා වේල කෑමට ඩොලර් සපයා ගත්තේ මහින්දද?",1376102453402341377,11,"{'quote_count': 0, 'retweet_count': 4, 'like_count': 5, 'reply_count': 2, 'view_count': '230'}",sarasavi82,16744,965,964,16864,4236,Sun Mar 28 09:23:21 +0000 2021,,1668887723044753409,2023-06-14 07:46:54,https://pbs.twimg.com/profile_images/2017518249114587136/dvLL6IO0_normal.jpg,https://twitter.com/sarasavi82/status/1668887723044753409,"Salvador, Brazil",negative,China,"The post questions if Mahinda Rajapaksa was responsible for selling Hambantota Port and state assets to get dollars, implying criticism of the deal involving China. The tone is critical and negative.",anger,Brazil,"Location explicitly stated as Salvador, Brazil.",br,"[-10.0, -55.0]",Unknown,No description or identifying information provided.,
twitter,හම්බන්තොට වරාය බදු දෙනකොට අපේ ආණ්ඩුවක් යටතේ පවරාගන්නවා කියපු පොහොට්ටු මන්ත්‍රී වරු පව් ඕයි,1439013441071509504,8,"{'quote_count': 0, 'retweet_count': 1, 'like_count': 5, 'reply_count': 2, 'view_count': 0}",SumanaAbeyseke1,58849,828,981,35883,2871,Fri Sep 17 23:48:48 +0000 2021,"#ආර්ථිකඝාතකයෝ 

රට හදන්න සුදුසුම අත්‍යවශ්‍ය යෝජනා දේශපාලන සංස්කෘතියක් උදෙසා නව යෝජනා",1600499092513329153,2022-12-07 14:34:54,https://pbs.twimg.com/profile_images/1527135126353653761/OmNkAGfs_normal.jpg,https://twitter.com/SumanaAbeyseke1/status/1600499092513329153,,negative,China,"The post accuses certain politicians of wrongdoing related to leasing Hambantota Port to China, reflecting negative sentiment towards China’s involvement.",anger,India,The lack of explicit location and the user description suggest an Indian origin.,in,"[20.0, 77.0]",Individual,The user description includes personal interests and activities.,
twitter,"@yunesh_k ඇත්තටම කොහොමද බන් ඉන්ටනෙට් පාවිච්චි කරන එවුනුත් මෙච්චර ගොන් වෙන්නෙ..
උඹ හොයල බලපන් පෝට් සිටියෙ චීනගෙ ඉන්වෙස්ට්මන්ට් එකේ ගාන කීයද, හම්බන්තොට වරාය චින ගත්තෙ කීයටද කියල ,, උබල වගේ එවුන්ට ඔය ඉන්ෆො දාන එකේ මෙලෝ වැඩක් නෑ..
එච්චරට ගොන්. මහින්ද ට රැවටිල ඩයනගෙ ටෝක්ස් වලටත් රැවටෙන 🐄",1514096818640019457,6,"{'quote_count': 0, 'retweet_count': 0, 'like_count': 5, 'reply_count': 1, 'view_count': 0}",Saho01062460,4866,396,720,10786,244,Wed Apr 13 04:23:25 +0000 2022,A Civilian,1593835955089068032,2022-11-19 05:42:38,https://pbs.twimg.com/profile_images/1521100189494542337/bSjVfWfu_normal.jpg,https://twitter.com/Saho01062460/status/1593842162684174336,,negative,China,"The post criticizes people for not knowing the details of Chinese investments in Hambantota Port, implying frustration and negative sentiment towards China.",disgust,Unknown,No location or cultural clues provided.,,,Individual,"Self-described as a civilian, indicating a personal account.",
twitter,"හම්බන්තොට වරාය සම්බන්ධයෙන් චීන සමාගම්වලට දුන් බදු සහන බලරහිත කරන ලෙස ඉල්ලා පෙත්සමක්

#adaderanasinhala #lka #slnews 
වැඩි විස්තර - https://t.co/JlZWh48vzI https://t.co/Z1U5VA3Ro5",183904448,8,"{'quote_count': 1, 'retweet_count': 1, 'like_count': 5, 'reply_count': 1, 'view_count': 0}",adaderanasin,219125,197519,8,96,131222,Sat Aug 28 04:54:46 +0000 2010,"ශ්‍රී ලංකාවේ විශ්වසනීය හා ප්‍රමුඛතම පුවත් සපයන්නා
#adaderana #srilanka #news #SLnews",1376835519636725760,2021-03-30 09:55:42,https://pbs.twimg.com/profile_images/1847218956957814784/FQH7pXFD_normal.jpg,https://twitter.com/adaderanasin/status/1376835519636725760,Sri Lanka,neutral,China,"The post reports a petition demanding tax relief for Chinese companies related to Hambantota Port, implying scrutiny of Chinese privileges. The tone is neutral to critical.",fear,Sri Lanka,Reason: Use of Sinhala language and reference to Sri Lankan news.,lk,"[7.0, 81.0]",Media,"Identified as a leading and trusted news provider in Sri Lanka, indicating a media outlet.",https://pbs.twimg.com/media/ExuAm_tXIAIE9NB.jpg
twitter,"මෙය චයිනා ඩෙබිට් උගුල ලෙස හැඳින්වේ.මෙම ගනුදෙනුව සිදු කළ ඇමතිවරු කිසි විටෙක පසුතැවෙන්නේ නැත. චීන වෛරසය අපේ රට විනාශ කර ඇති අතර කිසි විටෙකත් ශ්‍රී ලංකාවෙන් පිටව යන්නේ නැත. චීනය හම්බන්තොට වරාය බද්ද වසර 198 දක්වා දීර් s කරයි
#srilanka #colombo @ThilinaPrasang4
https://t.co/vAqnGZXmQu",1158972625521139712,6,"{'quote_count': 0, 'retweet_count': 0, 'like_count': 5, 'reply_count': 1, 'view_count': 0}",CatherineLka,6964,4372,3412,7742,1171,Wed Aug 07 05:26:21 +0000 2019,"Planting Trees and Discovering the Truth !!
ජීවිතය දිගු නොවිය යුතුය, එය විශාල විය යුතුය.

(https://t.co/Rhf8KI6hNt)",1364821873905655810,2021-02-25 06:17:46,https://pbs.twimg.com/profile_images/1948042124764880896/QYljmZul_normal.jpg,https://twitter.com/CatherineLka/status/1364821873905655810,"kandy,Sri lanka",negative,China,"The post calls the Hambantota Port deal a 'China debt trap' and accuses China of destroying Sri Lanka, reflecting strong negative sentiment.",anger,Sri Lanka,"Location in Kandy, Sri Lanka.",lk,"[7.0, 81.0]",Individual,The user description includes personal interests and activities.,
twitter,"ඉන්දු චීන ගැටුමින් චීන හමුදා භටයින් 4ක් මිය ගිහින්.
ඉන්දියාවට හා චීනෙට කොලඹ වරාය ජැටි. චීනෙට හම්බන්තොට වරාය. 
යාපනය අර්ඨද්වීපයේ විශාලම දූපත විදුලි ව්‍යාපෘතියක් සදහා චීනෙට. 
දූපතේ සිට ඉන්දියාවට දුර කි.මි 42.5. 
ලෝක බලවතුන්ගෙ යුදපිටියක් බවට ලංකාව පත්වේද? https://t.co/tna0rUfHm6",2266065026,5,"{'quote_count': 0, 'retweet_count': 0, 'like_count': 5, 'reply_count': 0, 'view_count': 0}",realChamith,32897,2477,1631,64115,3138,Sat Dec 28 15:35:47 +0000 2013,Founder & CEO at Nexcode London | SaaS | Growth & Digital Products 🚀 | London Met grad |,1362660908296638467,2021-02-19 07:10:52,https://pbs.twimg.com/profile_images/2040053772949573633/LlI47FYm_normal.jpg,https://twitter.com/realChamith/status/1362660908296638467,London | Colombo ,negative,China,"The post mentions Chinese military deaths in India-China conflict and Chinese investments in Colombo and Hambantota Ports, questioning Sri Lanka’s geopolitical position. The tone is concerned and somewhat negative towards China.",fear,Sri Lanka,"Location includes Colombo and London, with Sri Lankan context implied.",lk,"[7.0, 81.0]",Individual,Founder & CEO with educational background indicates a personal professional account.,https://pbs.twimg.com/media/Eukk3dzUUAAR_B6.jpg
twitter,@Dileep_Wije හම්බන්තොට වරාය සින්නක්කරේට චීනෙට වික්කා.....ස්තූතී ජනාධිපති තුමනි ........අම්මා හිටියා නං අම්මාවත් විකුනලා .......😜,1607923824300855296,6,"{'quote_count': 0, 'retweet_count': 0, 'like_count': 4, 'reply_count': 2, 'view_count': '170'}",RuwanMallikara1,3181,125,724,22326,627,Wed Dec 28 02:18:58 +0000 2022,,1795702510017241404,2024-05-29 09:18:04,https://pbs.twimg.com/profile_images/1614975711139303425/X822VL4d_normal.jpg,https://twitter.com/RuwanMallikara1/status/1795746420349350284,,negative,China,"The post sarcastically thanks the president for selling Hambantota Port to China, implying strong negative sentiment.",disgust,Unknown,No location or clues provided.,,,Unknown,No description or identifying information provided.,
twitter,@RatataHithathiA මට මතක් වෙනවා හම්බන්තොට වරාය විවුර්ත කරන උත්සවයට මහින්ද නටපු නාඩගමට ගිය වියදම. #SriLanka https://t.co/rMg7h8Q0qo,2584899049,5,"{'quote_count': 0, 'retweet_count': 0, 'like_count': 4, 'reply_count': 1, 'view_count': '77'}",TweetsbyNarada,15327,830,1557,17905,2143,Tue Jun 24 01:31:42 +0000 2014,"විශ්වය සැමටම යුක්තිය ඉටුවන ලස්සන ලොවක් සදම්.
Let's build a better world where justice is served for all.",1741434443351663048,2024-01-01 01:31:57,https://pbs.twimg.com/profile_images/1839292589335576576/h58Crjkn_normal.jpg,https://twitter.com/TweetsbyNarada/status/1741633324244717832,Los Angeles & Colombo,irrelevant,China,No mention or implication of China.,irrelevant,Sri Lanka,Location includes Colombo and description in Sinhala language.,lk,"[7.0, 81.0]",Individual,Personal mission statement and mixed location suggest an individual.,https://pbs.twimg.com/media/GCuGO7uXwAAi841.png
twitter,"බොළද තර්ක කරමින් නාකි මයිනාව ශුද්ධ කරන්නේ ඇයි ?

හම්බන්තොට වරාය වගේම තමයි කොළඹ වාරය 
මේවා ජනතාවට අයිතියි

කොළඹ වාරය හම්බන්තොට වරාය අතර වෙනස මොකද්ද?",1439013441071509504,7,"{'quote_count': 1, 'retweet_count': 0, 'like_count': 4, 'reply_count': 2, 'view_count': '146'}",SumanaAbeyseke1,58849,828,981,35883,2871,Fri Sep 17 23:48:48 +0000 2021,"#ආර්ථිකඝාතකයෝ 

රට හදන්න සුදුසුම අත්‍යවශ්‍ය යෝජනා දේශපාලන සංස්කෘතියක් උදෙසා නව යෝජනා",1719268786778554506,2023-10-31 08:23:15,https://pbs.twimg.com/profile_images/1527135126353653761/OmNkAGfs_normal.jpg,https://twitter.com/SumanaAbeyseke1/status/1719268786778554506,,neutral,China,"The post compares Hambantota Port and Colombo Port as public assets, implying political debate but no direct mention of China. Sentiment is neutral.",neutral,India,The lack of explicit location and the user description suggest an Indian origin.,in,"[20.0, 77.0]",Individual,The user description includes personal interests and activities.,
twitter,"හම්බන්තොට වරාය පරිශ්‍රයට තීරු බදු රහිත සාප්පු සංකීර්ණයක්
Read more&gt;&gt;&gt; https://t.co/8VRS5pgrL8
#Hirunews #HiruSinhalaNews #HiruEnglishNews #LKA #Srilanka #TruthAtAllCosts https://t.co/rPqRMPdJiE",351341475,5,"{'quote_count': 0, 'retweet_count': 1, 'like_count': 4, 'reply_count': 0, 'view_count': '759'}",hirunews,106596,200662,8,111,80994,Tue Aug 09 03:29:46 +0000 2011,"Hiru News, Latest news updates and discussions from Sri Lanka. Official news portal of Asia Broadcasting Corporation.",1668865892212670466,2023-06-14 06:20:09,https://pbs.twimg.com/profile_images/1261671246846144516/PN_-1D2B_normal.jpg,https://twitter.com/hirunews/status/1668865892212670466,Colombo ,irrelevant,China,No mention or implication of China.,irrelevant,Sri Lanka,The user is associated with Hiru News in Sri Lanka.,lk,"[7.0, 81.0]",Media,Clearly identified as a news portal providing news updates from Sri Lanka.,https://pbs.twimg.com/media/FykArkkaAAA5S-Z.png
twitter,"බලන්නකො ඉතින් චීනා ලංකාවෙ හදපුවා,

නොරොච්චොලෙ හැමතිස්සෙම ඩවුන්

හම්බන්තොට වරාය හැදුවා ගලක් ඉතුරැ කරලා ( පස්සෙ ගල කඩන්න උනා)

නෙලුම් කුලුන හදලා ක්‍රියාත්මක කරන්න බැරිව හිටියා අවුරැදු 3ක්.

පොට් සිටිය මුහුදට හෙදිලා යයිද මන්දා චීනා ලංකාවෙ කරපු නැඩ බැලුවම 🤔",1061142887553884160,6,"{'quote_count': 1, 'retweet_count': 0, 'like_count': 4, 'reply_count': 1, 'view_count': 0}",Toddy_Lad,19748,2264,1211,93271,2107,Sat Nov 10 06:25:54 +0000 2018,"🅻🅾🆅🅴 🅶🅸🅽 & 🆃🅾🅽🅸🅲 සාමාන්‍යය මනුස්සයෙක්,❤️ ජොලියෙන්, සැහැල්ලුවෙන්, වෛරයෙන් තොරව ගෙවන්න ඔන මේ ජිවිතෙ. පොඩ්ඩක් දෙශපාලකයන්ට බයින්නත් ඕනා 😉",1574685870715969538,2022-09-27 09:02:22,https://pbs.twimg.com/profile_images/1080014735620345856/Wo-TOmT1_normal.jpg,https://twitter.com/Toddy_Lad/status/1574685870715969538,Sri Lanka,negative,China,"The post discusses Chinese construction of Hambantota Port and criticizes delays and failures, reflecting negative sentiment towards China.",disgust,Sri Lanka,"The user description includes references to Sri Lankan culture, indicating the likely country of origin.",lk,"[7.0, 81.0]",Individual,The personal description and location details indicate an individual account.,
twitter,@BuviniL මුන්ගේ කතාවලට ඇත්තටම ඉස්සරනම් මමත් රැවටුනා. හම්බන්තොට වරාය ඕපන් කරන කොට කිව්වේ වරාය ලගින් යන නැව්වලට වතුර විකුන්නත් අපි ගොඩ කියල. අන්තිමට වරායත් චීනෙට දුන්නා. සමහරවිට මේකත් 😬,945477498,7,"{'quote_count': 0, 'retweet_count': 2, 'like_count': 4, 'reply_count': 1, 'view_count': 0}",JWeerawardane,1976,390,807,7408,205,Tue Nov 13 09:39:58 +0000 2012,"A Father, A Husband, A Man - Focus on the Family. Human rights, System change.",1571162311209123841,2022-09-17 15:44:29,https://pbs.twimg.com/profile_images/1611537031020314624/v17W8pzL_normal.jpg,https://twitter.com/JWeerawardane/status/1571163189634797570,Colombo,negative,China,"The post mentions Hambantota port being given to China, with a tone of regret and suspicion, implying a negative sentiment towards China’s involvement.",disgust,Sri Lanka,Location explicitly stated as Colombo and description fits local context.,lk,"[7.0, 81.0]",Individual,Personal family roles and social interests indicate an individual.,
twitter,"රනිල් හාමු , රත්තරන් මලික් අයියයි , ආර් පාස්කරලිංගම් හා චරිත රත්වත්තේ විසින් නොරිච්චෝලේ ගල් අඟුරු බලාගාරයට ගල් අඟුරු සැපයීමේදී මුදල් වංචාවක් කලාය යන චෝදනාව 
රත්තරන් මලික් අයියා ,  ප්‍රජාතන්ත්‍රවාදි රනිල් හාමු එකතු වෙලා  හම්බන්තොට වරාය විකිණීම 

වගෙ එව තිබුණොත් අටපට්ටමට කියන්න ඈ",1376102453402341377,9,"{'quote_count': 0, 'retweet_count': 3, 'like_count': 4, 'reply_count': 2, 'view_count': 0}",sarasavi82,16744,965,964,16864,4236,Sun Mar 28 09:23:21 +0000 2021,,1521402885715677185,2022-05-03 08:15:18,https://pbs.twimg.com/profile_images/2017518249114587136/dvLL6IO0_normal.jpg,https://twitter.com/sarasavi82/status/1521403008730361856,"Salvador, Brazil",negative,China,"The post refers to allegations of corruption related to Hambantota port sale, implicitly involving China as the port was sold to them, reflecting a negative sentiment.",anger,Brazil,"Location explicitly stated as Salvador, Brazil.",br,"[-10.0, -55.0]",Unknown,No description or identifying information provided.,
twitter,@Nemal77PhD @RajapaksaNamal @GotabayaR @RealBRajapaksa හම්බන්තොට වරාය වික්කා කියල පොහොට්ටු ආණ්ඩුව කියන හැම වෙලාවකම මේක මතක් කරන්න.,2584899049,5,"{'quote_count': 0, 'retweet_count': 1, 'like_count': 4, 'reply_count': 0, 'view_count': 0}",TweetsbyNarada,15327,830,1557,17905,2143,Tue Jun 24 01:31:42 +0000 2014,"විශ්වය සැමටම යුක්තිය ඉටුවන ලස්සන ලොවක් සදම්.
Let's build a better world where justice is served for all.",1488104210709184519,2022-02-07 14:45:40,https://pbs.twimg.com/profile_images/1839292589335576576/h58Crjkn_normal.jpg,https://twitter.com/TweetsbyNarada/status/1490698281533554694,Los Angeles & Colombo,negative,China,"The post mentions the sale of Hambantota port as a recurring issue raised by the government, implying criticism of the sale to China, thus a negative sentiment.",anger,Sri Lanka,Location includes Colombo and description in Sinhala language.,lk,"[7.0, 81.0]",Individual,Personal mission statement and mixed location suggest an individual.,
twitter,"ත්‍රිකුණාමලය වරාය කර්මාන්ත වරායක් ලෙස ද ගාලු වරාය සංචාරක වරායක් ලෙස ද හම්බන්තොට වරාය සේවා වරායක් ලෙස ද සංවර්ධනය
20222 #අයවැය https://t.co/KZzOHkbOyE",254179307,8,"{'quote_count': 1, 'retweet_count': 2, 'like_count': 4, 'reply_count': 1, 'view_count': 0}",newsdotlk,92918,32874,576,1402,13408,Fri Feb 18 19:34:17 +0000 2011,රජයේ නිල පුවත් වෙබ් අඩවිය | அரசாங்கத்தின் உத்தியோக பூர்வ இணையதளம் அரச தகவல் | The Official Government News Portal of Sri Lanka,1459114487580020743,2021-11-12 11:02:57,https://pbs.twimg.com/profile_images/1253712884825239553/pGFLYbh6_normal.jpg,https://twitter.com/newsdotlk/status/1459114487580020743,Sri Lanka,irrelevant,China,"The post discusses development of various ports including Hambantota but does not mention China or imply it, so sentiment is irrelevant.",irrelevant,Sri Lanka,"The description is in Sinhala and Tamil, Sri Lanka's official languages, and mentions the official government news portal of Sri Lanka.",lk,"[7.0, 81.0]",Organization,"Described as the official government news portal, indicating a governmental agency account.",https://pbs.twimg.com/media/FD_Q5LFXsAkaYAX.jpg
twitter,"@efonz2013 ජාතික සම්පත් රැකපු හැටි අපිට අමතක නැහැ උන්නැහෙ! ගුවන්තොටුපොලේ වී ගබඩා කරලා පටන් අරන්, මහා බැංකුව හුරාකාලා රටෙන් පනින්න යාලුවට ප්ලෑන සකස් කරලා දුන්නා. හම්බන්තොට වරාය වික්කා, නුල් පොටේ ඉදලා හැමදේම පිටින් ගෙනත් අපේ දේශීය නිෂ්පාදන, කර්මාන්ත වගේම ගොවිතැන වගාකරුවන් වැට්ටුවා, අතරමං කළා",40320649,6,"{'quote_count': 0, 'retweet_count': 2, 'like_count': 4, 'reply_count': 0, 'view_count': 0}",Neetwit,253121,3346,2911,188683,30858,Fri May 15 20:06:00 +0000 2009,against deception of public with fabricated lies n' #sriLanka politics. Abhor ආප්ප-betrayal for power #SLpolitics,1448213880254181379,2021-10-13 12:37:31,https://pbs.twimg.com/profile_images/1511743254756147210/h7pbmrFg_normal.jpg,https://twitter.com/Neetwit/status/1448266649677664256,Colombo,negative,China,"The post criticizes the sale of Hambantota port to China, blaming it for harming local industries and agriculture, showing a negative sentiment towards China.",anger,Sri Lanka,The location 'Colombo' and the user description against deception in Sri Lankan politics indicate a Sri Lankan origin.,lk,"[7.0, 81.0]",Individual,The user description reflects personal beliefs and values.,
twitter,"මහා රාවණා ප්‍රදීපාගාරයේ සිට නාවික සැතපුම් 610 ක් පමණ ඈත ගැඹුරු මුහුදේදී සිදු වූ හදිසි අනතුරකින් තුවාල ලබා අසාධ්‍යව සිටි, බහුදින යාත්‍රාවක ධීවරයෙකු ශ්‍රි ලංකා නාවික හමුදා නෞකාවක් මගින් හම්බන්තොට වරාය වෙත රැගෙනවිත් ප්‍රතිකාර සඳහා හම්බන්තොට රෝහල වෙත ඇතුලත් කර ඇත #lka @srilanka_navy https://t.co/5vD21s7qqH",2569552316,4,"{'quote_count': 0, 'retweet_count': 0, 'like_count': 4, 'reply_count': 0, 'view_count': 0}",greatgalle,20730,2438,159,6737,1119,Sun Jun 15 19:46:33 +0000 2014,"Journalist & Galle Court Correspondent 🇱🇰 | 
Freelance Writer | Independent fact-checker | Former Radio Presenter at SLBC",1416773135110578176,2021-07-18 14:53:32,https://pbs.twimg.com/profile_images/1834923692734005248/95cXGQe2_normal.jpg,https://twitter.com/greatgalle/status/1416773135110578176,Galle Srilanka,irrelevant,China,"The post mentions a naval rescue near Hambantota port but does not mention or imply China, so sentiment is irrelevant.",irrelevant,Sri Lanka,"Location explicitly stated and references to Galle, Sri Lanka.",lk,"[7.0, 81.0]",Individual,Journalist and freelance writer description indicates a real person.,https://pbs.twimg.com/media/E6ljnhHVIAYTS9H.jpg
twitter,@NDinushal හම්බන්තොට වරාය චීනෙට විකුණද්දි සිරස තිබ්බේ නැද්ද දන්නෑ 😅,1310958880638332940,4,"{'quote_count': 0, 'retweet_count': 0, 'like_count': 4, 'reply_count': 0, 'view_count': 0}",MudaligeSandeep,2160,221,267,14895,61,Tue Sep 29 15:06:01 +0000 2020,Sri Lankan 🇱🇰 Buddhist ☸️ Music Lover 🎸 Cricket Lover 🏏 Football Lover ⚽️,1395922288738922497,2021-05-22 02:39:07,https://pbs.twimg.com/profile_images/1514999819005468673/Np43BrbF_normal.jpg,https://twitter.com/MudaligeSandeep/status/1395932205080186883,Ratnapura,negative,China,"The post sarcastically questions if the media was silent when Hambantota port was sold to China, indicating a negative sentiment towards China.",disgust,Sri Lanka,Location explicitly stated and use of Sri Lankan flag emoji.,lk,"[7.0, 81.0]",Individual,Personal interests and nationality indicate an individual.,
twitter,@irajonline හම්බන්තොට වරාය බදු දෙනකොට පාර්ලිමේන්තුවේ ඡන්දයක් තිබුනා... ඒකට විරුද්ධව ඡන්ද 6 යි තිබුනේ . එතකොට ඔච්චර අරගල කරලා කෑ ගහපු උදවියගේ ඡන්දේට මොකද උනෙ කියලා හොයනවකො ඉරාජ්. අර වැසිකිළි වල හැංගිලා උන්නු උදවිය එම ඡන්දේ දුන්නෙ නැත්තෙ ඇයි දන්නැ 😂😂 මේවා මේ මෝඩ  ජනතාව දැනගන්නොනි,1215965723031416834,4,"{'quote_count': 0, 'retweet_count': 0, 'like_count': 4, 'reply_count': 0, 'view_count': 0}",Nethsara18,610,24,265,761,21,Sat Jan 11 11:56:50 +0000 2020,"I'm professional for ELECTRONICS💡 & ROBOTICS🤖 
I dream of creating a green earth 🌎 with full of peace ✌LOVE🇱🇰
Geopolitics, politics, technology, science",1355417507172151301,2021-01-30 12:13:24,https://pbs.twimg.com/profile_images/1559435322844495872/MEmXCKRi_normal.jpg,https://twitter.com/Nethsara18/status/1355489286414458880,,negative,China,"The post discusses a parliamentary vote against leasing Hambantota port, implying opposition to the sale to China, reflecting negative sentiment.",anger,Sri Lanka,Description includes Sri Lankan flag and local interests.,lk,"[7.0, 81.0]",Individual,Professional interests and personal dreams indicate an individual.,
twitter,"එදා වර්ජන මැද නොසැලී පෙලපාලි ගිය එවුන්ට කඳුලු ගෑස් ගහලා හම්බන්තොට වරාය අවු 99 කටම දීලා දැම්මා මතකනේ? අද වරායට කෑ ගහන අය එදා මීක්  නැහැ නේද හාමුදුරුවනේ? JVP-UNP කඩප්පුලි දේශපාලනේ! https://t.co/btH31pjKfk

 #lka #SriLanka @ApiWenuwen
 @ReflectMind @nirowa74 https://t.co/FIhNfCiALY",40320649,9,"{'quote_count': 0, 'retweet_count': 3, 'like_count': 4, 'reply_count': 2, 'view_count': 0}",Neetwit,253121,3346,2911,188684,30858,Fri May 15 20:06:00 +0000 2009,against deception of public with fabricated lies n' #sriLanka politics. Abhor ආප්ප-betrayal for power #SLpolitics,1352870171048861697,2021-01-23 06:45:58,https://pbs.twimg.com/profile_images/1511743254756147210/h7pbmrFg_normal.jpg,https://twitter.com/Neetwit/status/1352870171048861697,Colombo,negative,China,"The post recalls protests against the sale of Hambantota port to China, criticizing political parties involved, showing negative sentiment.",anger,Sri Lanka,The location 'Colombo' and the user description against deception in Sri Lankan politics indicate a Sri Lankan origin.,lk,"[7.0, 81.0]",Individual,The user description reflects personal beliefs and values.,https://pbs.twimg.com/media/EsZa7-RWMAApvCx.jpg
twitter,"ඉන්දියාව කොළඹ වරායේ නැගෙනහිරම ඉල්ලන්නේ , දකුණේ තියෙන හම්බන්තොට වරාය චීනේට විකුණපු බැලැන්ස් කරන්න ලු.
නැගෙනහිර පර්යන්තය කියන්නේ ශ්‍රි ලංකාවේ තියෙන ආර්ථික මර්මස්ථාන වලින් එකක්, 
රටේ ආර්ථික අභිවෘද්දිය වෙනුවෙන් මේක අප රට සතුවම තියෙන්න ඕන.
අපි දකිනවා ත්‍රිකුණාමල තෙල් ටැංකි දීලා .(1/2) https://t.co/4RNAMhUZBg",859781372998803457,5,"{'quote_count': 0, 'retweet_count': 0, 'like_count': 4, 'reply_count': 1, 'view_count': 0}",SamanthaLive365,21806,2592,606,34354,4863,Wed May 03 14:47:08 +0000 2017,"Hi, nice to tweet you!🙂 |Chartered Accountant ACA-LK |ACCA-UK | CPA-Aus | ICAEW-UK | https://t.co/B8I35ZPSQZ USJ🎓| |Equity#Investor #CSE|",1352854359051124737,2021-01-23 05:43:08,https://pbs.twimg.com/profile_images/2006952919694966784/vI-_Fa-C_normal.jpg,https://twitter.com/SamanthaLive365/status/1352854359051124737,"Sri Lanka, Seychelles",negative,China,"The post contrasts India’s demands on Colombo port with the sale of Hambantota port to China, implying the sale was detrimental, reflecting negative sentiment.",anger,Sri Lanka,Location includes Sri Lanka and professional qualifications with LK suffix indicating Sri Lanka.,lk,"[7.0, 81.0]",Individual,Personal professional credentials and education listed.,https://pbs.twimg.com/media/EsZN220XYAA62jh.jpg
twitter,"#අවස්ථාවාදීන් ගේ තුට්ටු දෙකේ දේශපාලනය 

ශ්‍රී ලංකා නිදහස් පක්ෂ නායකතුමා ජනපති කාලේ නැගෙනහිර පර්යන්තය විකුනන්න දුන්නේ නැහැලු...එතකොට රනිල්තුමා හම්බන්තොට වරාය තුට්ටු දෙකට විකුණා දාන කොට නිකං හිටියේ ඇයි ? 
#lka #SriLanka #Colombo #Srilankapolitics  @ApiWenuwen @ReflectMind @nirowa74 https://t.co/iO8QkWRdVu",40320649,5,"{'quote_count': 0, 'retweet_count': 1, 'like_count': 4, 'reply_count': 0, 'view_count': 0}",Neetwit,253121,3346,2911,188684,30858,Fri May 15 20:06:00 +0000 2009,against deception of public with fabricated lies n' #sriLanka politics. Abhor ආප්ප-betrayal for power #SLpolitics,1352616190846369793,2021-01-22 13:56:44,https://pbs.twimg.com/profile_images/1511743254756147210/h7pbmrFg_normal.jpg,https://twitter.com/Neetwit/status/1352616190846369793,Colombo,negative,China,"The post accuses a political leader of selling Hambantota port to China, criticizing the act, showing negative sentiment.",anger,Sri Lanka,The location 'Colombo' and the user description against deception in Sri Lankan politics indicate a Sri Lankan origin.,lk,"[7.0, 81.0]",Individual,The user description reflects personal beliefs and values.,https://pbs.twimg.com/media/EsV1LqWXIAAO5bP.jpg
twitter,"INSEE සිමෙන්ති හම්බන්තොට වරාය හරහා ගාල්ලේ පිහිටි  කර්මාන්ත ශාලාව වෙත අමුද්‍රව්‍ය ප්‍රවාහනය කිරීමේ කාර්යක්ෂමතාව සහතික කිරීමට හම්බන්තොට ජාත්‍යන්තර වරාය සමූහය සමඟ අවබෝධතා ගිවිසුමක් අත්සන් කරයි

2021දී හම්බන්තොට වරාය වියළි තොග මෙට්‍රික් ටොන් මිලියනයකට  වැඩි ප්‍රමාණයක් හසුරුවා ඇත.#lka https://t.co/Uo2z14s760",1019884067339161600,6,"{'quote_count': 0, 'retweet_count': 2, 'like_count': 4, 'reply_count': 0, 'view_count': 0}",TnDsrilanka,1523,158,191,1215,694,Thu Jul 19 09:58:05 +0000 2018,A correspondent firm to @RSM_Global. T&D specialised in serving businesses and organisations under one roof with the trust backed by 20+ years in the industry.,1466073482647592961,2021-12-01 15:55:31,https://pbs.twimg.com/profile_images/1555828349594783745/vI4s4ByL_normal.jpg,https://twitter.com/TnDsrilanka/status/1466073482647592961,Sri Lanka,irrelevant,China,"The post discusses a logistics agreement involving Hambantota port but does not mention China or imply it, so sentiment is irrelevant.",irrelevant,Sri Lanka,Location is Sri Lanka and company name includes Sri Lanka.,lk,"[7.0, 81.0]",Organization,Described as a correspondent firm with 20+ years in the industry serving businesses.,https://pbs.twimg.com/media/FFiJOU-VUAY38Mq.jpg
twitter,"@CoolgadgetMania 1. බටලන්ද - 🤣🤣
2. මිලේනියම් සිටී  පාවාදීම- 😁😁
3. අර්ජුන් මහේන්ද්‍රන් - 😆😆
4. හම්බන්තොට වරාය - 🤪🤪
5. අයි. එස්. බී ණය කන්ද- 🤮🤮
6. පාස්කු ප්‍රහරය - 🤮🤮",164190959,3,"{'quote_count': 0, 'retweet_count': 0, 'like_count': 3, 'reply_count': 0, 'view_count': '103'}",sithumrc,441,54,183,525,40,Thu Jul 08 07:35:30 +0000 2010,"Engineer, Let's make the world a better place together!",1835944787498647865,2024-09-18 02:17:41,https://pbs.twimg.com/profile_images/1137996338753343488/EB9ubCQv_normal.jpg,https://twitter.com/sithumrc/status/1836228067645362404,Sri Lanka,negative,China,"The post lists Hambantota port among other issues with mocking emojis, implying negative sentiment towards the port and indirectly towards China due to the port’s association.",disgust,Sri Lanka,Location explicitly stated.,lk,"[7.0, 81.0]",Individual,Professional title and motivational statement indicate an individual.,
twitter,"@Chathurangaab එහෙ ඉන්නේ මරු බුද්දිමත් ජනත්වක්, හම්බන්තොට වරාය විකුනන්න සතියකට කලින් වරයට km 10 විතර ඇතින් විකුණනවට විරුද්දව පෙළපාලියක් ගියා, හෙන සද්දේ, විකුනද්දී එකෙක් මික් නෑ, සුපිරි වහල්ලු ඉන්නේ, පක්ෂේ කියන විදියට තමයි, නැත්නම් ඉතින් විකුණන දවසේ එහෙම ඉන්න පුළුවන්ය, පක්ෂෙට හිලෑ යක්කු බොලවූ.🤮",726211519,4,"{'quote_count': 0, 'retweet_count': 1, 'like_count': 3, 'reply_count': 0, 'view_count': '104'}",haasampath,4747,157,255,10449,428,Mon Jul 30 14:50:41 +0000 2012,"read between the lines, then you will never regret... ""ඇත්ත තිත්ත උනාම followers ලා නෑ..."" :), දැන් බලාගත්තනේ, ස්තුතියි 😂🤣",1746504309607645367,2024-01-14 16:51:48,https://pbs.twimg.com/profile_images/1797679039270014976/lCzs1wc7_normal.jpg,https://twitter.com/haasampath/status/1746575857584611501,,negative,China,"The post sarcastically describes protests against the sale of Hambantota port to China, indicating negative sentiment towards China.",anger,Sri Lanka,Use of Sinhala language in description suggests Sri Lanka.,lk,"[7.0, 81.0]",Individual,Personal reflective statement typical of an individual user.,
twitter,"ඉන්දියාව සිය පළමු ප්‍රතිනැව්ගත කිරීමේ හැකියාව සහිත ගැඹුරු වරායේ මෙහෙයුම් කටයුතු ආරම්භ කර තිබෙනවා. කොළඹ වරායේ බටහිර පර්‍යන්තයේ  මෙහෙයුම් හිමිකාරිත්වය දරණ අදානි සමාගම කේරළයේ ඉදිකල මෙම නව Vizhinjam වරායේද මෙහෙයුම් හිමිකාරීත්වය දරනු ලබයි.  මෙතෙක් කොළඹ, ඩුබායි, සිංගප්පූරු වරායන් හරහා සිදුකල ඉන්දීය ප්‍රතිනැව්ගත කිරීමේ කටයුතු මෙම Vizhinjam වරාය වෙත ආකර්ශණය වීමේ ඉහළ විභවයක් පවතී. 

ශ්‍රී ලංකාව මේ මොහොතේ උපායමාර්ගික වශයෙන් සිතා කටයුතු නොකලොත් සිදුවන පාඩුව විශාලයි. 

ඒ සඳහා අප, 

▪️ කොළඹ වරායේ කාර්‍යක්ෂමතාවය ඉහළ නැංවීම සහ කොළඹ වරාය තවත් පුළුල් කිරීමට ඇති හැකියාව කඩිනමින් සොයා බැලිය යුතුය. (උතුරු කොළඹ වරාය සංවර්ධන ව්‍යාපෘතිය - ජා ඇළ දක්වා - දළ වශයෙන් වරායේ දිග 10KM) 

▪️ ත්‍රීකුණාමලය වරාය කඩිනමින්  සංවර්ධනය කල යුතුය.

 ත්‍රි'මලය වරාය සංවර්ධනයට සමඟාමීව ඉන්දු ලංකා දෙරට සම්බන්ධ කෙරෙන පාලම ඉදිකිරීම සහ මදුරෛයි - රාමේෂ්වරම් - තලෛයිමන්නාරම් - ත්‍රීකුණාමල (දළ වශයෙන් 380KM)  සම්බන්ධ කරමින් දුම්රිය මාර්ගයක් ඉදිකිරීම.  මේ සඳහා ඉන්දු - ජපන් - ශ්‍රී ලංකා තෛපාර්ශවික සංවර්ධන හවුල්කාරීත්වයක් ඇතිකරගැනීමට උත්සාහ කල යුතුය. 

දකුණු ඉන්දීය නිශ්පාදන කඩිනමින් නැගෙනහිර ආසියාවට ගෙනයාමට සහ ඉන්දීයාවට අවශ්‍ය සැපයුම් අඩු පිරිවැයකින් රට තුළට ගෙන ඒමට මෙම නව ආර්ථික කොරිඩෝවට හැකියාව ලැබෙනු ඇත. 

එසේම, 

▪️ හම්බන්තොට වරාය ආශ්‍රිතව ආරම්භ කිරීමට නියමිත චීන - ශ්‍රී ලංකා ආර්ථික කලාපයේ නිශ්පාදනයන් සඳහා තීරු බදු රහිතව ඉන්දියාව ඇතුලු දකුණු ආසියානු වෙළඳපොලවල් වෙත ප්‍රවේශවීමට හැකියාව ලැබෙන පරිදි නිදහස් වෙළඳ ගිවිසුම් ඇතිකරගැනීමද H'tota වරායේ මෙහෙයුම් කටයුතු වර්ධනය වීම කෙරෙහි බෙහෙවින් වැදගත්වනු ඇත.",3269230976,3,"{'quote_count': 0, 'retweet_count': 0, 'like_count': 3, 'reply_count': 0, 'view_count': '292'}",SPriyawickrama,4523,3153,2343,5772,732,Sun Jul 05 16:37:00 +0000 2015,"Communication Strategist | Very enthusiastic about AI, Geopolitics, Economics, facts & Propaganda",1721762915160862997,2023-11-07 05:34:02,https://pbs.twimg.com/profile_images/2012869357576040448/fQadROYw_normal.jpg,https://twitter.com/SPriyawickrama/status/1721762915160862997,Sri Lanka,irrelevant,China,"The post discusses Indian port operations and strategic concerns but does not mention China or imply it directly, so sentiment is irrelevant.",irrelevant,Sri Lanka,Location explicitly stated.,lk,"[7.0, 81.0]",Individual,Professional description and interests indicate an individual.,https://pbs.twimg.com/media/F-TuOPmasAAeb9x.jpg
twitter,හම්බන්තොට වරාය වාහනවලින් පිරෙයි https://t.co/kPZgdCyWBh  #lka #srilanka #news https://t.co/PdQO5CyTkM,1370910446824263680,3,"{'quote_count': 0, 'retweet_count': 0, 'like_count': 3, 'reply_count': 0, 'view_count': 0}",ukussanews,12008,278,394,110,11964,Sun Mar 14 01:32:12 +0000 2021,news,1577887252033986562,2022-10-06 05:03:31,https://pbs.twimg.com/profile_images/1370910861989048324/AJsFJO_k_normal.jpg,https://twitter.com/ukussanews/status/1577887252033986562,,irrelevant,China,"The post mentions Hambantota port being full of vehicles but does not mention or imply China, so sentiment is irrelevant.",irrelevant,Unknown,Username suggests UK but no explicit location or description.,,,Media,Username and description suggest a news-related account.,https://pbs.twimg.com/media/FeXIFmoaYAAly1D.jpg
twitter,"විමල්, ගොම්මන්, වාසු, Namal !   
මිනිස්සු    ගැහැනුන්ඟෙ  නිරුවත  බලන්න ඔතනට ආවට, ඔයගොල්ලන්ගෙ ගැහැනුන්ගෙ නිරුවත බලලා මැරෙන්නවුනාට   චන්දෙකදි ඔයමිනිස්සු නැහැ. ඔයා  හම්බන්තොට  වරාය විව්‍රත කරන වෙලාවෙ ගෑනු නටවන්න කෝටි කියක් වියදම් කරාද?",1177189008864161797,4,"{'quote_count': 0, 'retweet_count': 0, 'like_count': 3, 'reply_count': 1, 'view_count': 0}",GLSFonseka1,18995,808,1826,60359,4803,Thu Sep 26 11:52:49 +0000 2019,"ex Director- Human Resources
Plan Intl. Sri Lankla. (HO- Surrey-London)
Accountant by profession.

fonseka.gls@gmail.com  0704539804",1566638226315833344,2022-09-05 04:03:54,https://pbs.twimg.com/profile_images/1977332731047469056/89ln2YCY_normal.jpg,https://twitter.com/GLSFonseka1/status/1566638226315833344, Primrose Garden -Kandy,irrelevant,China,"The post sarcastically questions spending on entertainment during the opening of Hambantota port but does not mention China, so sentiment is irrelevant.",irrelevant,Sri Lanka,"The user is located in Primrose Garden, Kandy, Sri Lanka.",lk,"[7.0, 81.0]",Individual,"The user description includes professional details and contact information, indicating an individual account.",
twitter,"හම්බන්තොට වරාය චිනට දුන්න නිසා එකට චීන වරාය කිව්වට කමක් නෑ කියමුකෝ එතකොට ත්‍රිකුණාමලේ එකට චීන වරාය කියන්නේ ඇයි 🤔

#දැවෙනප්‍රශ්න",1072765984468021248,3,"{'quote_count': 0, 'retweet_count': 0, 'like_count': 3, 'reply_count': 0, 'view_count': 0}",iamharshana1,20496,3032,949,32313,863,Wed Dec 12 08:11:56 +0000 2018,Husband & Father 👨‍👩‍👧‍👦,1559536001504133120,2022-08-16 13:42:12,https://pbs.twimg.com/profile_images/1808926103987441666/KSSjz02e_normal.jpg,https://twitter.com/iamharshana1/status/1559536001504133120,Al Khobar,negative,China,"The post acknowledges Hambantota port was given to China and questions why Trincomalee port is also called a Chinese port, showing a critical and somewhat negative sentiment.",surprise,Saudi Arabia,"Al Khobar is a city in Saudi Arabia, indicating the user is likely from there.",sa,"[25.0, 45.0]",Individual,"Describes himself as Husband & Father, indicating a personal account.",
twitter,"@charith9 මහාචාර්යතුමනි, 
රටේ ප්‍රතිපත්ති ඌනතාවය පිළිබදව ඔබතුමා කරන ප්‍රකාශය ඉතා වැදගත්ය. 

නිදහස ලබා වසර 74 ගෙවුණු පසු, ජනගහනයෙන් 50% පිරිසිදු පානීය ජලය නැති රටක, මත්තල ගුවන්තොටුපොළ, හම්බන්තොට වරාය, රාජපක්ෂ ක්‍රීඩාංගණය, සහ නෙළුම් කුලුන බිහිකිරීමට විරුද්ධ වූ මන්ත්‍රී සංඛ්‍යාව කොපමණද?",183159390,4,"{'quote_count': 0, 'retweet_count': 0, 'like_count': 3, 'reply_count': 1, 'view_count': 0}",blackaustralian,14473,1195,3632,9344,511,Thu Aug 26 08:39:05 +0000 2010,"Ex civil servant for 25 years in Aus. Foundation staffer: Asian Disaster Mgt Ctr, BKK. Political and cultural critic. Sri Lankalogist. published poet & novelist",1556644027571015680,2022-08-11 00:52:23,https://pbs.twimg.com/profile_images/1111119276/Sunil_G_s_phorto_for_Siew_wei_normal.jpg,https://twitter.com/blackaustralian/status/1557530333222162434,"Sydney, Australia",neutral,China,"The post mentions Hambantota port among national infrastructure issues but does not explicitly mention China or imply it, so sentiment is neutral.",sadness,Australia,"Location explicitly stated as Sydney, Australia.",au,"[-27.0, 133.0]",Individual,Personal career history and literary interests indicate an individual.,
twitter,"විජිත හේරත් මන්‍ත්‍රී තුමා මේ දැං ස්වර්ණවාහිණියෙ කියනව, ""රනිල් හම්බන්තොට වරාය විකුණපු එක මේ රට කඩාගෙන වැටෙන්න එක ප්‍රධාන හේතුවක්"" කියල.

ඒක තියාගෙන හිටියනං රට කඩාගෙන වැටෙන එක නතර වෙනවද මහත්තයො. කාවද මේ රවට්ටන්න හදන්නෙ? 🤷🏿‍♂️",1041887826978193408,5,"{'quote_count': 0, 'retweet_count': 0, 'like_count': 3, 'reply_count': 2, 'view_count': 0}",kurunggurung,10626,290,237,29786,269,Tue Sep 18 03:13:10 +0000 2018,I am here to see random people with random thoughts and find an escape from daily routine. No room for arguments in any case.,1550173365553463296,2022-07-21 17:38:25,https://pbs.twimg.com/profile_images/1687666718343127040/UXf8DCzJ_normal.jpg,https://twitter.com/kurunggurung/status/1550173365553463296,Dubai,negative,China,"The post quotes a politician blaming the sale of Hambantota port for the country’s downfall, implying negative sentiment towards China.",sadness,UAE,Location explicitly stated as Dubai.,,,Individual,Personal statement about mindset and routine indicates an individual.,
twitter,"හම්බන්තොට වරාය බදු දී ගත් මුදලින් වරාය ඉදිකිරීමට ගත් ණය වත් ගෙවා නෑ

#lka #SriLanka #lanka #Hambanthotaport #SriLankaEconomicCrisis  @CBSL  @RW_UNP

වැඩිවිස්තර&gt;&gt;&gt;https://t.co/m4igxTiGV5 https://t.co/fXLYEI6ggY",1534857127465889792,21,"{'quote_count': 0, 'retweet_count': 18, 'like_count': 3, 'reply_count': 0, 'view_count': 0}",lankaweblk,197,5,64,6,184,Thu Jun 09 11:21:09 +0000 2022,,1539936103066521600,2022-06-23 11:39:12,https://pbs.twimg.com/profile_images/1549001621291802624/vWQS7TlA_normal.jpg,https://twitter.com/lankaweblk/status/1539936103066521600,,irrelevant,China,"The post discusses financial issues related to Hambantota port but does not mention China or imply it, so sentiment is irrelevant.",irrelevant,Sri Lanka,"Username includes ""lanka"" suggesting Sri Lanka.",lk,"[7.0, 81.0]",Unknown,No description or identifying information provided.,https://pbs.twimg.com/media/FV7zt4PUYAAutdL.jpg
twitter,"දැන් රට පෙරළන්න පාරට බහින මුන් එදා රනිල් හාමු හම්බන්තොට වරාය විකුණා දාන කොට කොහෙද හිටියේ ?? මේවා තමයි රටගැන කොහෙත්ම කැක්කුමක් නැති එවුන්, තමන්ගේ මඩිය පුරවාගන්න කෙලින තුට්ටුදෙකේ තුප්පැහි පොලිටික්ස්. මුන් එක්ක කිසිදා මේ රට හැදෙන්නේ නැහැ https://t.co/55bvmNIAsx",40320649,7,"{'quote_count': 0, 'retweet_count': 4, 'like_count': 3, 'reply_count': 0, 'view_count': 0}",Neetwit,253121,3346,2911,188683,30858,Fri May 15 20:06:00 +0000 2009,against deception of public with fabricated lies n' #sriLanka politics. Abhor ආප්ප-betrayal for power #SLpolitics,1503066958203617280,2022-03-13 17:54:23,https://pbs.twimg.com/profile_images/1511743254756147210/h7pbmrFg_normal.jpg,https://twitter.com/Neetwit/status/1503066958203617280,Colombo,negative,China,"The post criticizes politicians who sold Hambantota port to China, showing negative sentiment towards China.",anger,Sri Lanka,The location 'Colombo' and the user description against deception in Sri Lankan politics indicate a Sri Lankan origin.,lk,"[7.0, 81.0]",Individual,The user description reflects personal beliefs and values.,https://pbs.twimg.com/media/FNv3Y7zagAAPou6.jpg
twitter,"2011 රාජපක්ෂලාම ගෑස් නිධි හම්බුනා කිවුවා. කයිවාරු දෙඩුවා. එදා ඉදලා අද වෙනකම් මොකද කලෙ? ගැස් නිධි එසෙ තියෙනවනම් අන්න ඒවා ගැනිම සදහා එදා ප්‍රමුඛතාව ගෙන ආයොජනය කරන්න තිබ්බෙ, අර හම්බන්තොට වරාය, ගුවන්තොටුපළ, නෙලුම් කුලුන වැනි සුදු අලින්ට කලින්. 
https://t.co/ClMYWpDw5B",1061142887553884160,3,"{'quote_count': 0, 'retweet_count': 0, 'like_count': 3, 'reply_count': 0, 'view_count': 0}",Toddy_Lad,19748,2264,1211,93271,2107,Sat Nov 10 06:25:54 +0000 2018,"🅻🅾🆅🅴 🅶🅸🅽 & 🆃🅾🅽🅸🅲 සාමාන්‍යය මනුස්සයෙක්,❤️ ජොලියෙන්, සැහැල්ලුවෙන්, වෛරයෙන් තොරව ගෙවන්න ඔන මේ ජිවිතෙ. පොඩ්ඩක් දෙශපාලකයන්ට බයින්නත් ඕනා 😉",1500862473146183684,2022-03-07 15:54:32,https://pbs.twimg.com/profile_images/1080014735620345856/Wo-TOmT1_normal.jpg,https://twitter.com/Toddy_Lad/status/1500862473146183684,Sri Lanka,neutral,China,"The post mentions Hambantota port among projects delayed or neglected but does not mention China, so sentiment is neutral.",sadness,Sri Lanka,"The user description includes references to Sri Lankan culture, indicating the likely country of origin.",lk,"[7.0, 81.0]",Individual,The personal description and location details indicate an individual account.,
twitter,හම්බන්තොට වරාය දේශීය නිපැයුම් නැව්ගත කිරීම අරඹයි! https://t.co/EMw9r2bp7m,1245047811105648641,3,"{'quote_count': 0, 'retweet_count': 0, 'like_count': 3, 'reply_count': 0, 'view_count': 0}",NoizeNews,10265,960,26,32,1907,Tue Mar 31 17:58:39 +0000 2020,Sri Lanka’s Number 1 Mobile TV Channel,1464452614314156032,2021-11-27 04:34:46,https://pbs.twimg.com/profile_images/1245048828979335168/EQqgcUE4_normal.jpg,https://twitter.com/NoizeNews/status/1464452614314156032,Sri Lanka,irrelevant,China,"The post announces local shipbuilding at Hambantota port but does not mention China, so sentiment is irrelevant.",irrelevant,Sri Lanka,Location is Sri Lanka and description states Sri Lanka’s number 1 mobile TV channel.,lk,"[7.0, 81.0]",Media,Described as Sri Lanka’s Number 1 Mobile TV Channel.,
twitter,@AshWarunasuriya රනිලා හම්බන්තොට වරාය චීනට විකුණන් හොරා කාපු කාලෙ ඉදන්ම practice කරනවා.. ඕවා පුලුවන් දැන්. අමාරු ඒවා දාන්නකො..😂😂,1233188496078229511,4,"{'quote_count': 0, 'retweet_count': 1, 'like_count': 3, 'reply_count': 0, 'view_count': 0}",KanishkaRathna9,107,11,69,119,1,Fri Feb 28 00:34:03 +0000 2020,,1395732825790312451,2021-05-21 17:21:06,https://pbs.twimg.com/profile_images/1320983835413114880/pZYcOgsX_normal.jpg,https://twitter.com/KanishkaRathna9/status/1395791776535891968,Kandy,negative,China,"The post accuses politicians of stealing and selling Hambantota port to China, mocking them, showing strong negative sentiment.",anger,Sri Lanka,Location explicitly stated as Kandy.,lk,"[7.0, 81.0]",Unknown,No description or identifying information provided.,
twitter,"Fact Check ❌False

හම්බන්තොට වරාය වෙත ඇතුළු වූ විකිරණශීලී ද්‍රව්‍ය අඩංගු නෞකාව වෙත ශ්‍රී ලංකා නාවික හමුදාවට ඇතුළු වීමට ඉඩ නොදීම හා එය හම්බන්තොට වරායට බලහත්කාරයෙන් ඇතුළු වූ බවට පලවන වාර්තා කිසිදු සත්‍යතාවක් නොමැති අසත්‍ය ප්‍රකාශයකි.
https://t.co/rEcg0rkfg5 https://t.co/7tnGxYP4eh",1368843773430566915,5,"{'quote_count': 0, 'retweet_count': 1, 'like_count': 3, 'reply_count': 1, 'view_count': 0}",srilankatruth21,3285,1236,1067,3676,1246,Mon Mar 08 08:40:21 +0000 2021,"This handle breaks factual, accurate & trustworthy news from all sources in SL. It is operated by the Media Center for National Development.",1388183724970287104,2021-04-30 17:29:25,https://pbs.twimg.com/profile_images/1469525406873108481/MX5GwtB6_normal.jpg,https://twitter.com/srilankatruth21/status/1388183724970287104,"Colombo, Sri Lanka",irrelevant,China,"The post fact-checks and denies reports of a radioactive ship entering Hambantota port, no mention of China, so sentiment is irrelevant.",irrelevant,Sri Lanka,Location explicitly stated and description related to Sri Lankan media.,lk,"[7.0, 81.0]",Media,Describes itself as a news source operated by a media center.,https://pbs.twimg.com/media/E0PRvCVVIAAd7DM.jpg
twitter,"මට පක්ෂ වලින් වැඩක් නැහැ නමුත් පාර්ලිමේන්තුවේ ඔය හම්බන්තොට වරාය සම්බන්ධ විවාදයේ ජන්දය වර්ජනය කලේ මොන පක්ෂයද?

නැවත හම්බන්තොට වරාය පවරාගන්නවා කියලා පම්පොරී ගහපු පොහොට්ටු ආඩම්බර තාත්තා කවුද ?

පිළිතුරු දිඨ ඔබත් පාඩමක් ඉගෙනගන්න https://t.co/SDTjiDIIhK",1359739462662516739,3,"{'quote_count': 0, 'retweet_count': 0, 'like_count': 3, 'reply_count': 0, 'view_count': 0}",DjE6sRhJXFJIrCR,7968,984,3836,5722,1420,Thu Feb 11 05:42:48 +0000 2021,"දෙන දෙයක් කාලා වෙන දෙයක් බලාගෙන ඉන්න එපා 
දුෂණ අක්‍රමිකතා අකටයුතු අවම කරන්න යම් දායකත්වයක් ෂෙයා කරලා යුතුකම් ඉටු කරන්න
ඉන්න හිටින්න රටක් අවශ්‍ය අය පමණයි",1381994934622855169,2021-04-13 15:37:23,https://pbs.twimg.com/profile_images/1359739868885098496/Lwim0yaO_normal.jpg,https://twitter.com/DjE6sRhJXFJIrCR/status/1381994934622855169,,neutral,China,"The post discusses parliamentary votes and political disputes over Hambantota port but does not mention China, so sentiment is neutral.",anger,Sri Lanka,"The user description is in Sinhala, and the location is not specified.",lk,"[7.0, 81.0]",Unknown,The username and description are vague and do not provide any clear indication of the user's identity or purpose.,https://pbs.twimg.com/media/Ey3VEUnVEAMhexM.jpg
twitter,"2021.03.29
චීන - ශ්‍රී ලංකා නායකයෝ දුරකථන කථා බහක : සෑම ක්ෂේත්‍රයකම ද්විපාර්ශ්වික සබඳතා වර්ධනයට එකඟ වෙති ....
- වරාය නගර සහ හම්බන්තොට වරාය ව්‍යාපෘති කඩිනම් කෙරේ ...
- අන්තර්ජාතික වේදිකාවලදී ශ්‍රී ලංකාවට දිගටම සහය ...
- චීනයේ චාරිකාවක් සඳහා ජනපතිට යළි ඇරයුම් ...
#Srilankan https://t.co/CCgUq6OAIB",254179307,3,"{'quote_count': 0, 'retweet_count': 0, 'like_count': 3, 'reply_count': 0, 'view_count': 0}",newsdotlk,92918,32874,576,1402,13408,Fri Feb 18 19:34:17 +0000 2011,රජයේ නිල පුවත් වෙබ් අඩවිය | அரசாங்கத்தின் உத்தியோக பூர்வ இணையதளம் அரச தகவல் | The Official Government News Portal of Sri Lanka,1376724379015413761,2021-03-30 02:34:04,https://pbs.twimg.com/profile_images/1253712884825239553/pGFLYbh6_normal.jpg,https://twitter.com/newsdotlk/status/1376724379015413761,Sri Lanka,positive,China,"The post mentions China-Sri Lanka bilateral talks and cooperation on Hambantota port projects, reflecting a positive sentiment towards China.",happiness,Sri Lanka,"The description is in Sinhala and Tamil, Sri Lanka's official languages, and mentions the official government news portal of Sri Lanka.",lk,"[7.0, 81.0]",Organization,"Described as the official government news portal, indicating a governmental agency account.",https://pbs.twimg.com/media/ExsbhJwU4AIZ-PK.jpg
twitter,"නැත්නම් 
අන්තිමට කියන්න වෙයි ,

""යහපාලනේ උන් හම්බන්තොට වරාය චීනේට දුන්නා
69ලක්ෂේ කරේ තියන් ආපූ ආණ්ඩුව වරායට වතුර ටික දුන්නා කියලා""
(3/3)",859781372998803457,3,"{'quote_count': 0, 'retweet_count': 0, 'like_count': 3, 'reply_count': 0, 'view_count': 0}",SamanthaLive365,21806,2592,606,34354,4863,Wed May 03 14:47:08 +0000 2017,"Hi, nice to tweet you!🙂 |Chartered Accountant ACA-LK |ACCA-UK | CPA-Aus | ICAEW-UK | https://t.co/B8I35ZPSQZ USJ🎓| |Equity#Investor #CSE|",1374546893171163138,2021-03-24 02:21:33,https://pbs.twimg.com/profile_images/2006952919694966784/vI-_Fa-C_normal.jpg,https://twitter.com/SamanthaLive365/status/1374546898934059008,"Sri Lanka, Seychelles",negative,China,"The post sarcastically claims the previous government gave Hambantota port to China and the current government only gave water, implying negative sentiment towards China.",disgust,Sri Lanka,Location includes Sri Lanka and professional qualifications with LK suffix indicating Sri Lanka.,lk,"[7.0, 81.0]",Individual,Personal professional credentials and education listed.,
twitter,"""හම්බන්තොට වරාය විකුණන කාලේ ජවිපෙ තිබුනන් ඒක විකුණන්න රනිල්ට කවදාවත් අපි ඉඩ තියන්නේ නෑ!
-සුදු හඳුන් "" 😂-----&gt;https://t.co/JqLPudAhjJ

#lka #SriLanka #Colombo #Srilankapolitics  @ApiWenuwen @ReflectMind @nirowa74 https://t.co/m7I0ofbIIb",40320649,4,"{'quote_count': 0, 'retweet_count': 1, 'like_count': 3, 'reply_count': 0, 'view_count': 0}",Neetwit,253121,3346,2911,188684,30858,Fri May 15 20:06:00 +0000 2009,against deception of public with fabricated lies n' #sriLanka politics. Abhor ආප්ප-betrayal for power #SLpolitics,1359466794889564164,2021-02-10 11:38:36,https://pbs.twimg.com/profile_images/1511743254756147210/h7pbmrFg_normal.jpg,https://twitter.com/Neetwit/status/1359466794889564164,Colombo,negative,China,"The post quotes a political figure denying JVP’s involvement in selling Hambantota port to China, implying negative sentiment towards the sale and China.",anger,Sri Lanka,The location 'Colombo' and the user description against deception in Sri Lankan politics indicate a Sri Lankan origin.,lk,"[7.0, 81.0]",Individual,The user description reflects personal beliefs and values.,https://pbs.twimg.com/media/Et3LxMCVgAQclD3.jpg
twitter,"හම්බන්තොට වරාය පුරයට මෙට්ට කම්හලක්...!
https://t.co/lvzZNeJ1W5 https://t.co/uRCbQ8EoVh",1087987960027467777,2,"{'quote_count': 0, 'retweet_count': 0, 'like_count': 2, 'reply_count': 0, 'view_count': '15'}",Emanisa12,27144,2565,153,181,22949,Wed Jan 23 08:18:38 +0000 2019,,1870064593420079567,2024-12-20 11:11:57,https://pbs.twimg.com/profile_images/1088376207534481408/mX-vElbY_normal.jpg,https://twitter.com/Emanisa12/status/1870064593420079567,,irrelevant,China,No mention or implication of China.,irrelevant,Unknown,No location or clues provided.,,,Unknown,No description or identifying information provided.,https://pbs.twimg.com/media/GfPN0oMXUAAPFYE.png
twitter,"බොහොම අමාරැවෙන් එක රැළියක් තියනවා
අනුර සහොදරයා රැලි 4/5 ක් පවත්වනවා එක දවසට
හම්බන්තොට වරාය විකුනපු රනිල් දෙන පොරොන්දු ,
මාලීමාවට ජය",1242393816243429377,3,"{'quote_count': 0, 'retweet_count': 0, 'like_count': 2, 'reply_count': 1, 'view_count': '198'}",H_S_KandyHamu,60257,3002,619,12914,9563,Tue Mar 24 10:12:30 +0000 2020,අපි හම්බකලත් අපිට කන්න නැ,1829369824448843867,2024-08-30 04:05:28,https://pbs.twimg.com/profile_images/1822372842476060672/D4E_Cxiy_normal.jpg,https://twitter.com/H_S_KandyHamu/status/1829369824448843867,Kandy,negative,China,"Mentions Hambantota port sale promises by Ranil but does not explicitly mention China; however, Hambantota port is widely known to be linked with China. The tone is critical of the sale and promises made, implying negative sentiment towards China by association.",anger,Sri Lanka,Location explicitly stated as Kandy and use of Sinhala language.,lk,"[7.0, 81.0]",Individual,The user description indicates personal interests and experiences related to a specific location.,
twitter,@BandulaSenarat2 හම්බන්තොට වරාය චීනෙට සින්නක්කරේට වික්කා .....බොරු නං ආන්න මේ  පිනාධිපති ගෙන් ......😀,1607923824300855296,4,"{'quote_count': 0, 'retweet_count': 0, 'like_count': 2, 'reply_count': 2, 'view_count': '194'}",RuwanMallikara1,3181,125,724,22326,627,Wed Dec 28 02:18:58 +0000 2022,,1826875020398018669,2024-08-24 06:42:55,https://pbs.twimg.com/profile_images/1614975711139303425/X822VL4d_normal.jpg,https://twitter.com/RuwanMallikara1/status/1827235120845353406,,negative,China,"Explicitly mentions Hambantota port being sold to China with a sarcastic tone and a smiley, indicating disbelief or mockery. This reflects a negative sentiment towards China’s acquisition of the port.",disgust,Unknown,No location or clues provided.,,,Unknown,No description or identifying information provided.,
twitter,"@sajkooler ඔව් ඔබ හරි. 
අනුර රටේ සම්පත් කුනුකොල්ලයට වික්කේ නැහැ (හම්බන්තොට වරාය )
අනුර භාණ්ඩාගාර බැදුම්කර වංචා කලේ නැහැ (මහබැංකු මහා වංචාව )
අනුර රටේ මහජන මුදල් තම සුඛවිහරණයට යොදා ගෙන නැහැ (අයවැය මගින් රුපියල් මිලියන 15500 වෙන්කර ගැනීම )
තව ඕනෑ තරම් ඔවුන් දෙදෙනා අතර වෙනස් කම් කිව හැකි .",1692431962617921536,4,"{'quote_count': 0, 'retweet_count': 0, 'like_count': 2, 'reply_count': 2, 'view_count': '133'}",jay853531,1883,266,595,533,958,Fri Aug 18 07:04:31 +0000 2023,,1821574148126302476,2024-08-08 18:39:38,https://pbs.twimg.com/profile_images/1822612751057084416/42KtLmnc_normal.jpg,https://twitter.com/jay853531/status/1821617279810798002,,neutral,China,"Discusses Hambantota port and denies corruption by Anura, indirectly referencing China’s involvement. The tone is defensive and somewhat neutral-positive towards local figures but implies neutral to negative sentiment towards China’s role.",neutral,Unknown,No location or clues provided.,,,Unknown,No description or identifying information provided.,
twitter,"විදුලි බල අමාත්‍යංශයේ දූෂණ ගැන සංවාදයේ take home එක, හම්බන්තොට වරාය, නොරෙච්චෝලේ, කොළඹ බටහරි ජැටිය, ඔය සෝලා ෆාම් එක වගේ එකක් වත් දීල තියෙන්නෙ විවෘත ටෙන්ඩර් කැදවල නෙමෙයි. තෝරාගත් සමාගම් වලට කැබිනට් මණ්ඩලයෙන් අනුමත කරලා. මුන් එළවලා ජනතාවාදී ආණ්ඩුවක් ගේන්න මේ හේතුවම විතරක් ඇති.",2537180798,2,"{'quote_count': 0, 'retweet_count': 0, 'like_count': 2, 'reply_count': 0, 'view_count': '59'}",ravinda88,15819,620,129,45153,2031,Sat May 31 10:35:19 +0000 2014,මානවවාදියෙක් | වාමවාදියෙක් | වඩා සාධාරණ ලෝකයක් ගැන සිහින දකින්නෙක් | 3%න් එකෙක්,1735052756803801575,2023-12-13 21:43:07,https://pbs.twimg.com/profile_images/1925333342846844928/kAvHFmwc_normal.jpg,https://twitter.com/ravinda88/status/1735052756803801575,Melbourne,negative,China,"Mentions Hambantota port in the context of corruption and political decisions, implying criticism of how the port (linked to China) was handled. The sentiment towards China is indirectly negative due to association with political corruption.",anger,Australia,Location explicitly stated as Melbourne and description in Sinhala suggests Sri Lankan diaspora.,au,"[-27.0, 133.0]",Individual,Personal political and ideological beliefs indicate an individual.,
twitter,@KaviSenu හම්බන්තොට වරාය චීනෙට දීල නේද තියෙන්නෙ,1854484849,2,"{'quote_count': 0, 'retweet_count': 0, 'like_count': 2, 'reply_count': 0, 'view_count': '93'}",Ravindusisira,944,224,789,5320,91,Wed Sep 11 14:14:10 +0000 2013,Software Engineer | Computer Programmer @ParliamentLK | 🇱🇰 | Views are my own and not of my employer | #LKA,1728110365341364700,2023-11-25 09:46:12,https://pbs.twimg.com/profile_images/1609277216302530567/iSiDkTb2_normal.jpg,https://twitter.com/Ravindusisira/status/1728349356628340864,Sri Lanka,negative,China,"Directly questions if Hambantota port was given to China, implying skepticism or criticism. The tone suggests negative sentiment towards China’s control of the port.",anger,Sri Lanka,Location explicitly stated and references to Sri Lankan Parliament.,lk,"[7.0, 81.0]",Individual,Professional role and personal views indicate an individual.,
twitter,"නාකි මයිනගේ අධිවේගී මාර්ගය නෙලුම් කුලුන මත්තල ගුවන් තොටුපොළ හම්බන්තොට වරාය ගැන ගහපු බයිලා වලට රැවටුන ජනතාව හට සින්පෙක් ටෙලිනාට්‍ය ගැනත් යථාර්ථය අවබෝධ වනු ඇත

දෙසිය විසි පහේ සුරංගනා කතා වලට  රැවටෙන්න නැවතත් රැවටෙන්න",1439013441071509504,3,"{'quote_count': 0, 'retweet_count': 1, 'like_count': 2, 'reply_count': 0, 'view_count': '138'}",SumanaAbeyseke1,58849,828,981,35883,2871,Fri Sep 17 23:48:48 +0000 2021,"#ආර්ථිකඝාතකයෝ 

රට හදන්න සුදුසුම අත්‍යවශ්‍ය යෝජනා දේශපාලන සංස්කෘතියක් උදෙසා නව යෝජනා",1708648592741998941,2023-10-02 01:02:24,https://pbs.twimg.com/profile_images/1527135126353653761/OmNkAGfs_normal.jpg,https://twitter.com/SumanaAbeyseke1/status/1708648592741998941,,negative,China,"Mentions Hambantota port and Sinpec (Chinese company) in a critical context, implying the public was misled by propaganda. This reflects negative sentiment towards China’s involvement.",anger,India,The lack of explicit location and the user description suggest an Indian origin.,in,"[20.0, 77.0]",Individual,The user description includes personal interests and activities.,
twitter,"2005 -2012 යුගයේ නාකි මයිනගේ අධිවේගී මාර්ග නෙලුම් කුලුන මත්තල ගුවන් තොටුපොළ හම්බන්තොට වරාය මහජනයාගේ ආකර්ශනීය ව්‍යපෘති රට බංකොලොත් වු විට රට බංකොලොත් කලේ ඒවා බව මහජනයා තේරුම් ගත්තා 

රැවටිම කියන්නේ එයයි",1439013441071509504,4,"{'quote_count': 0, 'retweet_count': 1, 'like_count': 2, 'reply_count': 1, 'view_count': '38'}",SumanaAbeyseke1,58849,828,981,35883,2871,Fri Sep 17 23:48:48 +0000 2021,"#ආර්ථිකඝාතකයෝ 

රට හදන්න සුදුසුම අත්‍යවශ්‍ය යෝජනා දේශපාලන සංස්කෘතියක් උදෙසා නව යෝජනා",1708395834415669749,2023-10-01 08:18:02,https://pbs.twimg.com/profile_images/1527135126353653761/OmNkAGfs_normal.jpg,https://twitter.com/SumanaAbeyseke1/status/1708395834415669749,,negative,China,"Discusses Hambantota port and other projects leading to bankruptcy, implying these projects (linked to China) caused harm. The sentiment towards China is negative due to association with failed projects.",sadness,India,The lack of explicit location and the user description suggest an Indian origin.,in,"[20.0, 77.0]",Individual,The user description includes personal interests and activities.,
twitter,"@HarshadeSilvaMP @sjbsrilanka Eureka,,, දැන් JVP ද බන් රට කරන්නෙ? ඔය 3% උන් නේද ඒ.. ඇයි ඔබලාවගේ පතාක අලි දැන් ටැලිෆෝන් හෙට... ඔය ජන්දෙට අදාල නැති පක්සෙක අස්සක තියෙන කෑල්ලක් අල්ලන් දගලන්නෙ. ලැජ්ජා නැද්ද? ඔය හෙන පොරක් වගේ දැගලුවට අර මහබැංකුව කඩපු සහ හම්බන්තොට වරාය තක්සේරු වටිනාකමටත් අඩුවෙන් චීනෙට විකුණන්කෑවා නේ",3847378754,2,"{'quote_count': 0, 'retweet_count': 0, 'like_count': 2, 'reply_count': 0, 'view_count': '163'}",minthaka23,86,10,40,7,15,Sat Oct 10 12:30:08 +0000 2015,,1626604715504189440,2023-02-18 12:34:08,https://pbs.twimg.com/profile_images/1259812788932800512/YlpO0y_Y_normal.jpg,https://twitter.com/minthaka23/status/1626923014460944385,kiribathgoda,negative,China,"Mentions Hambantota port being sold cheaply to China with a tone of shame and criticism, reflecting negative sentiment towards China’s acquisition.",anger,Sri Lanka,Location kiribathgoda is a suburb in Sri Lanka.,lk,"[7.0, 81.0]",Unknown,No description or identifying information provided.,
twitter,හම්බන්තොට වරාය සම්මානයෙන් පිදුම් ලබයි... https://t.co/W8aiwuZHOZ,183904448,4,"{'quote_count': 0, 'retweet_count': 1, 'like_count': 2, 'reply_count': 1, 'view_count': 0}",adaderanasin,219125,197519,8,96,131222,Sat Aug 28 04:54:46 +0000 2010,"ශ්‍රී ලංකාවේ විශ්වසනීය හා ප්‍රමුඛතම පුවත් සපයන්නා
#adaderana #srilanka #news #SLnews",1577578634201640960,2022-10-05 08:37:11,https://pbs.twimg.com/profile_images/1847218956957814784/FQH7pXFD_normal.jpg,https://twitter.com/adaderanasin/status/1577578634201640960,Sri Lanka,positive,China,"Mentions Hambantota port receiving an award, which is a positive recognition. Although China is not explicitly mentioned, the port is known to be Chinese-controlled, implying a positive sentiment towards China’s management.",happiness,Sri Lanka,Reason: Use of Sinhala language and reference to Sri Lankan news.,lk,"[7.0, 81.0]",Media,"Identified as a leading and trusted news provider in Sri Lanka, indicating a media outlet.",https://pbs.twimg.com/ext_tw_video_thumb/1577575572539985921/pu/img/1KZIvFdUmng9HEX0.jpg
twitter,"""අපේ රජයක් යටතේ කොළඹ හා හම්බන්තොට වරාය දෙකෙන් නියම ආර්ථිකයක් හදලා පෙන්නන... https://t.co/xEtfwRbctF via @YouTube",722930083858505732,3,"{'quote_count': 0, 'retweet_count': 1, 'like_count': 2, 'reply_count': 0, 'view_count': 0}",ChandiWicks1,12054,3206,4259,8519,2242,Wed Apr 20 23:28:58 +0000 2016,My belief is Live in the future & build what's missing. My guiding principal is Buddhist Philosophy & Dr. Stephen Covey's 7 Habits of Highly Effective People.,1567860194310344709,2022-09-08 12:59:34,https://pbs.twimg.com/profile_images/722931499373367296/j7_RVFGN_normal.jpg,https://twitter.com/ChandiWicks1/status/1567860194310344709,,positive,China,"Mentions Hambantota and Colombo ports under the government creating a good economy, implying positive economic impact. China is implied as Hambantota port is Chinese-involved, reflecting positive sentiment.",happiness,Sri Lanka,Buddhist philosophy mentioned and username suggests Sri Lankan origin.,lk,"[7.0, 81.0]",Individual,Personal beliefs and guiding principles indicate a personal account.,
twitter,"හම්බන්තොට වරාය බදු දීලා ගත්ත සල්ලිවලින් ණය ගෙවලා නෑ
https://t.co/2OhK8E0U7Z",3022042728,3,"{'quote_count': 0, 'retweet_count': 0, 'like_count': 2, 'reply_count': 1, 'view_count': 0}",mawbimaonline,72960,17438,12,86,11859,Mon Feb 16 07:20:22 +0000 2015,The official Twitter account for https://t.co/AhBIxucWUk,1540160697971228672,2022-06-24 02:31:39,https://pbs.twimg.com/profile_images/1384833703025659905/Z2V1K4XD_normal.jpg,https://twitter.com/mawbimaonline/status/1540160697971228672,"Colombo, Sri Lanka",negative,China,"Mentions Hambantota port lease money not being used to pay debt, implying criticism of financial management related to the port (linked to China). The sentiment towards China is indirectly negative due to mismanagement.",anger,Sri Lanka,Location explicitly stated as Colombo and name suggests Sri Lankan media.,lk,"[7.0, 81.0]",Media,"Described as the official Twitter account, likely of a media outlet.",
twitter,"@Djayatissa නැහැ. හිස් තැන පුරන්න තියෙනවා. පෘතුගීසීන්ගේ ගාලු වරාය, පෘතුගීසීන්ගේ ගාලු කොටුව. චීනේ හම්බන්තොට වරාය, චීනේ හම්බන්තොට ..... ?",1269375633886449664,3,"{'quote_count': 0, 'retweet_count': 1, 'like_count': 2, 'reply_count': 0, 'view_count': 0}",KOTTANOFFICIAL,26082,3867,3033,10435,1046,Sat Jun 06 21:08:44 +0000 2020,,1509754387672961024,2022-04-01 04:57:07,https://pbs.twimg.com/profile_images/1276715651093204992/9Tb5Wi-C_normal.jpg,https://twitter.com/KOTTANOFFICIAL/status/1509756722302398511,,negative,China,"Mentions Chinese Hambantota port sarcastically questioning its presence, implying skepticism or criticism. The sentiment towards China is negative.",disgust,Unknown,No location or clear cultural clues provided.,,,Unknown,No description or identifying information provided.,
twitter,"කටුණායක අධිවේගෙ චන්ද්‍රිකාගෙ,හම්බන්තොට වරාය රනිල්ගෙ  නය සහ හොරාකෑම විතරක් මහින්දගෙ..  😂😂😂😂 https://t.co/ynE1rY70BR",1422215464718159872,2,"{'quote_count': 0, 'retweet_count': 0, 'like_count': 2, 'reply_count': 0, 'view_count': 0}",Sanjayawijeko10,259,51,109,621,42,Mon Aug 02 15:20:23 +0000 2021,,1491275418783318019,2022-02-09 04:59:01,https://pbs.twimg.com/profile_images/1422231347939119109/FBafZ-gO_normal.jpg,https://twitter.com/Sanjayawijeko10/status/1491275418783318019,Ajman UAE,negative,China,"Mentions Hambantota port and political corruption, indirectly linking China with negative political actions. The sentiment towards China is negative by association.",anger,UAE,"Location explicitly stated as Ajman, UAE.",,,Unknown,No description or identifying information provided.,https://pbs.twimg.com/media/FLITFvMXEAAOPQ8.jpg
twitter,@Emanisa12 හම්බන්තොට වරාය විකුනගෙන කනකන් සද්ද නොකර ඉදපු එකා දැන් හදයි ඔික පච නොකියා හිටපං,1397368918268862473,3,"{'quote_count': 0, 'retweet_count': 1, 'like_count': 2, 'reply_count': 0, 'view_count': 0}",LahiruD84921261,64,198,951,374,19,Wed May 26 03:06:38 +0000 2021,සුබ දවසක්,1448587540773093378,2021-10-14 15:14:47,https://pbs.twimg.com/profile_images/1397389196457693189/3C-m1x9F_normal.jpg,https://twitter.com/LahiruD84921261/status/1448668614643445760,,negative,China,"Mentions selling Hambantota port and criticizes the person who did it, implying negative sentiment towards China’s acquisition.",anger,Sri Lanka,"The username and description use Sinhala script, which is primarily used in Sri Lanka.",lk,"[7.0, 81.0]",Individual,The username and brief greeting in Sinhala suggest a personal account.,
twitter,"Pfizer එක දීලා තීන්නේ හම්බන්තොට වරාය ලග නිසාලු
එතකොට Sinoparm දුන්නේ බොරැල්ලේ කනත්ත ලග නිසාද😂💔",1123511272652398593,2,"{'quote_count': 0, 'retweet_count': 0, 'like_count': 2, 'reply_count': 0, 'view_count': 0}",aprodhite_leo,25696,3328,1965,33275,1613,Wed May 01 08:55:36 +0000 2019,"ආයුබොහෝවේවා!

හිතට එන දේ අකුරැ කරමී ʕ•͡ᴥ•ʔ
වචනයේ පරිසමාප්තියෙන්ම
ආතල් බුවෙකි👀😂

#ලෝකය_කෲරයි ",1435601103786164227,2021-09-08 13:49:09,https://pbs.twimg.com/profile_images/2005313740129124352/g_7c7QhL_normal.jpg,https://twitter.com/aprodhite_leo/status/1435601103786164227,,negative,China,"Mentions Sinoparm (Chinese vaccine) and Hambantota port in a sarcastic tone, implying distrust or criticism of Chinese involvement. The sentiment towards China is negative.",disgust,Sri Lanka,The description is in Sinhala language and includes Sinhala script phrases.,lk,"[7.0, 81.0]",Individual,"The description is personal and expressive, indicating an individual user.",
twitter,"කබර ගොයා තලගොයා වෙලා,හම්බන්තොට වරාය නිසා ෆයිසර් දුන්නා නම් ගාල්ල,ත්‍රිකු... https://t.co/TkGLBdnw6G via @YouTube",2456992327,3,"{'quote_count': 0, 'retweet_count': 1, 'like_count': 2, 'reply_count': 0, 'view_count': 0}",hamsoon,154166,6133,6263,128926,4110,Mon Apr 21 18:43:01 +0000 2014,Retweets are not endorsements,1435262614389485568,2021-09-07 15:24:07,https://pbs.twimg.com/profile_images/1750011237994471424/EHl7kP8j_normal.jpg,https://twitter.com/hamsoon/status/1435262614389485568,Sri Lanka,negative,China,"Mentions Hambantota port and Pfizer vaccine sarcastically, implying criticism of Chinese vaccine and port dealings. The sentiment towards China is negative.",disgust,Sri Lanka,hamsoon,lk,"[7.0, 81.0]",Individual,"The user states that retweets are not endorsements, suggesting a personal account.",
twitter,"@RajitaFernando @IamKeshara @Sansajran @BizColombo @ranjanieguruge @ShayamikaM @Neetwit @srijudge1 @Wasanth53468261 @SriCitizen @RanjitWickreme2 @sidathsaumya @LankanRealist @Wazigar12 @pdsiriwardana @Chandhi_03_12 @Shenali_WithU කලිං උන් හොදයි කරපු එකම වැරද්ද හම්බන්තොට වරාය බදු දිපු එක
දැන් මෙම හරක් පට්ටිය රටම විනාශ 
කරනවා කරන වැරදි ලියන්න ඉඩ නෑ.",1253624574467588099,7,"{'quote_count': 1, 'retweet_count': 0, 'like_count': 2, 'reply_count': 4, 'view_count': 0}",AnandaKumaras12,6573,3595,4291,13843,1559,Fri Apr 24 09:59:42 +0000 2020,"පිය සටහන් මැකී නොමැත අද
මා ආ දිගු ගමනේ
මගේම පීයවර මත පිය නගමින්
ඔබ එනු දුටුවෙමි මා ලුහු බදිමින්🌹🌹🌹",1430865629054181381,2021-08-27 08:08:19,https://pbs.twimg.com/profile_images/1291775051524501504/v6T3noGj_normal.jpg,https://twitter.com/AnandaKumaras12/status/1431166673940140033,,negative,China,"Criticizes the lease of Hambantota port and blames current political group for destruction, implying negative sentiment towards China’s involvement.",anger,Sri Lanka,"The text is in Sinhala language and script, indicating Sri Lankan origin.",lk,"[7.0, 81.0]",Individual,Poetic and personal language implies a personal account.,
twitter,"හම්බන්තොට වරාය දුන්නේ චීනෙට නෙවෙයි චීන සමාගමකට.
ටෙලිකොම් එක දුන්නේ ජපානයට නෙවෙයි ජපන් සමාගමකට.
ඔරුවල වානේ දුන්නේ කොරයාවට නෙවෙයි කොරියන් සමාගමකට.
නියම තර්කය. @PodujanaParty වාරකන් කාලෙට https://t.co/qMGqRH3jD7",3189787423,4,"{'quote_count': 0, 'retweet_count': 1, 'like_count': 2, 'reply_count': 1, 'view_count': 0}",ApiWenuwen,353500,5523,761,28501,51020,Sat May 09 12:09:55 +0000 2015,"“you can, you should, and if you’re brave enough to start, you will.”🇱🇰",1416773654029950987,2021-07-18 14:55:36,https://pbs.twimg.com/profile_images/1863729182343073792/VW7fZNIf_normal.jpg,https://twitter.com/ApiWenuwen/status/1416773654029950987,Sri Lanka,neutral,China,"Clarifies that Hambantota port was given to a Chinese company, not China itself, with a neutral tone explaining facts. The sentiment towards China is neutral.",neutral,Sri Lanka,The location 'Sri Lanka' suggests a Sri Lankan origin.,lk,"[7.0, 81.0]",Individual,The user shares a motivational quote and identifies with Sri Lanka.,https://pbs.twimg.com/media/E6ljwybWEAA5VSQ.png
twitter,"@PLalindra 2005 සිට 2015 දක්වා ණය අරගෙන තිබුණෙ ඩොලර් බිලියන පහක් පමණයි එහෙත් හම්බන්තොට වරාය මත්තල ගුවන් තොටුපොළ ඒ වගේම හයිවේ ඒ වගේම යුද්ධය අවසාන කරා ,ඔය තරම් වැඩ කොටසක් කරාද අවුරුදු දහයට ඩොලර් බිලියන පහකින් , එහෙත් යහපාලන ආණ්ඩුව ඩොලර් බිලියන පහක් ගත්තා රටක් විනාශ කරලා within 5 years",3134728669,2,"{'quote_count': 0, 'retweet_count': 0, 'like_count': 2, 'reply_count': 0, 'view_count': 0}",uwimala2222,4713,70,347,715,136,Fri Apr 03 08:20:41 +0000 2015,,1411980381100797957,2021-07-05 16:10:38,https://pbs.twimg.com/profile_images/981215092091080704/6urfU7uL_normal.jpg,https://twitter.com/uwimala2222/status/1412081495586574338,london ,negative,China,"Mentions loans taken for Hambantota port and other projects leading to destruction, implying negative sentiment towards China due to association with debt and failed projects.",sadness,United Kingdom,"The location is explicitly given as ""london,"" indicating the UK.",gb,"[54.0, -2.0]",Unknown,"No description and generic username with location only, likely anonymous or unclear.",
twitter,"3⃣ හම්බන්තොට වරාය සංවර්ධන ව්‍යාපෘතියේ ණය ශේෂය භාණ්ඩාගාරය සහ #SriLanka වරාය අධිකාරිය අතර නිරන්තරයෙන් මාරු වී ඇත.

🔴ජාතික විගණන කාර්යාලයේ අනාවරණය🔴
ගෙවීමට ඉතිරිව ඇති ණය ප‍්‍රමාණය භාණ්ඩාගාර සහ ශ‍්‍රී ලංකා වරාය අධිකාරිය යන ආයතන දෙකෙහිම ගිණුම්වල සඳහන් වී නොමැත

#debtdisplacement https://t.co/IkTcVU2cX7",1244510546579292160,5,"{'quote_count': 0, 'retweet_count': 3, 'like_count': 2, 'reply_count': 0, 'view_count': 0}",PublicFinanceLK,1501,4864,39,240,857,Mon Mar 30 06:24:07 +0000 2020,"🏛️📈Analysis & coverage of Sri Lanka's Public Finance landscape.
Visit our website for articles, reports & videos, or to find out how much income tax you pay!",1402220965040463876,2021-06-08 11:08:29,https://pbs.twimg.com/profile_images/1764651334899318784/8lf6ukk__normal.jpg,https://twitter.com/PublicFinanceLK/status/1402220984724344844,,negative,China,"Discusses Hambantota port debt and financial irregularities, implying criticism of financial dealings related to the port (linked to China). The sentiment towards China is indirectly negative.",anger,Sri Lanka,The description explicitly mentions Sri Lanka’s public finance landscape.,lk,"[7.0, 81.0]",Organization,Focus on analysis and coverage of public finance indicates an institutional or organizational account.,https://pbs.twimg.com/media/E3WwPEEXwAU_-0Q.png
twitter,කොලඹ පෝට් සිටිය පාලනෙ කරන ආර්තික කොමිසම පත් කරපුහාම හම්බන්තොට වරාය චීනෙට ගිය නිසා තමිල් නාඩු පොලිසිය ඇලර්ට් එකේ ලූ🤪,1168542199992242177,3,"{'quote_count': 0, 'retweet_count': 0, 'like_count': 2, 'reply_count': 1, 'view_count': 0}",AiyaGune,21954,1978,1910,271668,647,Mon Sep 02 15:12:50 +0000 2019,Broke Ass troll,1399475768179134466,2021-05-31 21:19:58,https://pbs.twimg.com/profile_images/1168542567119671302/jEKDthsR_normal.jpg,https://twitter.com/AiyaGune/status/1399475768179134466,,negative,China,"Mentions Hambantota port going to China and resulting Tamil Nadu police alert, implying negative consequences and negative sentiment towards China.",fear,Likely USA,"The description ""Broke Ass troll"" is in English with no local language clues, and the username is generic, suggesting a Western English-speaking country, most likely USA.",,,Individual,"Self-described as a ""Broke Ass troll,"" indicating a personal, informal account.",
twitter,"හම්බන්තොට වරාය ජන්දය විමසන විට පොහොට්ටු පක්ෂයේ මන්ත්‍රීවරුන් පාර්ලිමේන්තුවේ ජන්දය දුන්නාය?

#පක්ෂවහලුන් කියන සිත නිවන කතා නේද?",1359739462662516739,4,"{'quote_count': 0, 'retweet_count': 0, 'like_count': 2, 'reply_count': 2, 'view_count': 0}",DjE6sRhJXFJIrCR,7968,984,3836,5722,1420,Thu Feb 11 05:42:48 +0000 2021,"දෙන දෙයක් කාලා වෙන දෙයක් බලාගෙන ඉන්න එපා 
දුෂණ අක්‍රමිකතා අකටයුතු අවම කරන්න යම් දායකත්වයක් ෂෙයා කරලා යුතුකම් ඉටු කරන්න
ඉන්න හිටින්න රටක් අවශ්‍ය අය පමණයි",1395574061699256320,2021-05-21 02:55:59,https://pbs.twimg.com/profile_images/1359739868885098496/Lwim0yaO_normal.jpg,https://twitter.com/DjE6sRhJXFJIrCR/status/1395574061699256320,,neutral,China,"Mentions Hambantota port in the context of political party votes, no direct sentiment towards China but implies political manipulation related to the port. Sentiment towards China is neutral.",neutral,Sri Lanka,"The user description is in Sinhala, and the location is not specified.",lk,"[7.0, 81.0]",Unknown,The username and description are vague and do not provide any clear indication of the user's identity or purpose.,
twitter,"හම්බන්තොට වරාය බදු ගිවිසුම සංශෝධනය කර තවත් අවුරුදු 99කට.ඒ අනුව පසුගිය රජය විසින් හම්බන්තොට වරාය බදු ගිවිසුම දීර්ඝ කිරීමත් සමගම අවුරුදු 198ක් දක්වා වැඩි වී තිබේ 

https://t.co/0NALBuMh9c 

#lka #srilanka @sjbsrilanka @sajithpremadasa @ruwanw_unp @officialunp @RW_UNP @PodujanaParty",3185439146,3,"{'quote_count': 0, 'retweet_count': 1, 'like_count': 2, 'reply_count': 0, 'view_count': 0}",ashanthi_w,15686,2866,565,38020,6545,Mon May 04 16:54:28 +0000 2015,Lankadeepa Online SM & Sirikatha Journalsit #SriLanka #lka #media #journalist #editors #producer #host #concept #content creator,1386008882271514624,2021-04-25 04:03:22,https://pbs.twimg.com/profile_images/1554767292520595456/azgyGoIK_normal.jpg,https://twitter.com/ashanthi_w/status/1386168933514846216,Sri Lanka,negative,China,"Mentions extension of Hambantota port lease for 99 years, implying criticism of long Chinese control. The sentiment towards China is negative.",anger,Sri Lanka,The location is given as Sri Lanka and hashtags include #SriLanka and #lka.,lk,"[7.0, 81.0]",Media,"Identifies as a journalist and content creator, clearly media-related.",
twitter,"@ShayamikaM එහෙම හම්බන්තොට වරාය දෙනකොට ගන්න එපා මම බලයට ඇවිත් හම්බන්තොට වරාය නැවත ගන්නවා කිව්වේ කවුද?

දැන් අරගෙනද?

ඔවා තමයි චින ණය උගුලේ ප්‍රතිඑල බහුතරයක් දුෂිත නායකයන් ඉන්න රටවල් ඔය ණය උගුලේ අහුවෙලා නේද? https://t.co/Z9IqhEpGtb",1328349125025345536,3,"{'quote_count': 0, 'retweet_count': 1, 'like_count': 2, 'reply_count': 0, 'view_count': 0}",Bandula07160007,22664,1306,4319,19915,2258,Mon Nov 16 14:48:52 +0000 2020,"රටක ව්‍යවස්ථාව හැදිය යුත්තේ අති බලවත් රජකු බිහි කිරිමට නොව බලය බෙදා හැර දුෂිත රජුන් වෙතින් ජනතාව ආරක්ෂා කරගැනීමටය 
#අසාර්ථකදුෂිතපාලකයෝ #පක්ෂවහලුන්",1385666060330979336,2021-04-24 02:52:46,https://pbs.twimg.com/profile_images/1355724783338414084/H8dH8q-k_normal.jpg,https://twitter.com/Bandula07160007/status/1385788779969925120,,negative,China,"Mentions not to accept Hambantota port again due to Chinese debt trap and corrupt leaders, explicitly negative towards China.",anger,Unknown,"The user description is in Sinhala, the official language of Sri Lanka, without specifying a location.",,,Individual,The user description indicates personal identity.,https://pbs.twimg.com/media/EztPjMcUYAE9CsV.jpg
twitter,"@Udayawickramar1 @ShayamikaM @mdpiyananda @Cats1st_ @nnalani1231 @DjE6sRhJXFJIrCR @pdsiriwardana @RanjitWickreme2 @blackaustralian @deshanlasitha7 @KirbyslA @uruzikal @UdanaNadun @ceylonincolor @DulithK @Wasanth53468261 @ChabieHerath @KuwaitNjb @officialunp @RW_UNP @anuradisanayake @GotabayaR @TDissnayaka @slppofficial @kRZyb137TROd7nL @8skcMWByyTnXuU3 @KMeeeaaow @PivithuruHelaU @leaderslk @duplicatesiri @F3Il2LaKdgeaVUw @imVedda @KaviSenu නැහැ නැහැ යහපාලනය තමයි මැතිවරණයෙදී බැඳුම්කර හොරුන් හට පාස්කු ප්‍රහාරකයන් හට දඩුවම් දෙනවා කියලා කිව්වේ 
පොහොට්ටු පක්ෂයේ අය එහෙම කිව්වේ නැහැ නේද ? 
හම්බන්තොට වරාය නැවත පවරා ගැනීමට පොරොන්දු වුණා නේද ?
මොකද තවම බැරි වුණා නේද ?
ප්‍රශ්න විසඳන්න සර් ගමක් ගමක් ගානේ රස්තියාදු ගහනවා නේද? https://t.co/sg9UI1MPIn",1328349125025345536,2,"{'quote_count': 0, 'retweet_count': 0, 'like_count': 2, 'reply_count': 0, 'view_count': 0}",Bandula07160007,22664,1306,4319,19915,2258,Mon Nov 16 14:48:52 +0000 2020,"රටක ව්‍යවස්ථාව හැදිය යුත්තේ අති බලවත් රජකු බිහි කිරිමට නොව බලය බෙදා හැර දුෂිත රජුන් වෙතින් ජනතාව ආරක්ෂා කරගැනීමටය 
#අසාර්ථකදුෂිතපාලකයෝ #පක්ෂවහලුන්",1380085897253675010,2021-04-20 02:09:34,https://pbs.twimg.com/profile_images/1355724783338414084/H8dH8q-k_normal.jpg,https://twitter.com/Bandula07160007/status/1384328355885903872,,negative,China,"Mentions promises to regain Hambantota port and political failures, implying criticism of Chinese control and local governance. Sentiment towards China is negative.",anger,Unknown,"The user description is in Sinhala, the official language of Sri Lanka, without specifying a location.",,,Individual,The user description indicates personal identity.,https://pbs.twimg.com/media/EzYfTXcVgAIMgxp.jpg
twitter,@mdpiyananda @Cats1st_ @Udayawickramar1 @blackaustralian @RanjitWickreme2 @pdsiriwardana @Bandula07160007 @DjE6sRhJXFJIrCR @nnalani1231 @deshanlasitha7 @KirbyslA @uruzikal @UdanaNadun @ceylonincolor @DulithK @Wasanth53468261 @ChabieHerath @KuwaitNjb @officialunp @RW_UNP @anuradisanayake @GotabayaR @TDissnayaka @slppofficial @kRZyb137TROd7nL @8skcMWByyTnXuU3 @KMeeeaaow @PivithuruHelaU @leaderslk @duplicatesiri @F3Il2LaKdgeaVUw @imVedda @KaviSenu හම්බන්තොට වරාය සහ මුහුදු තීරයත් ගිවිසුම මගින් චීනයට ලබා දී තිබුන නේද.  එම මුහුදු තීරය සම්බන්ද කොන්දේසිය ඉවත් කර එය නැවත ලංකා රජයට පවරාගත්තද නැද්ද..,1376102453402341377,6,"{'quote_count': 1, 'retweet_count': 0, 'like_count': 2, 'reply_count': 3, 'view_count': 0}",sarasavi82,16744,965,964,16864,4236,Sun Mar 28 09:23:21 +0000 2021,,1380085897253675010,2021-04-20 00:30:54,https://pbs.twimg.com/profile_images/2017518249114587136/dvLL6IO0_normal.jpg,https://twitter.com/sarasavi82/status/1384303527674007553,"Salvador, Brazil",negative,China,"Mentions Hambantota port and maritime boundary agreement given to China and questions if it was returned, implying concern and negative sentiment towards China.",fear,Brazil,"Location explicitly stated as Salvador, Brazil.",br,"[-10.0, -55.0]",Unknown,No description or identifying information provided.,
twitter,"හම්බන්තොට වරාය තියෙන්නේ දකුණෙ , 
ඒක චීනේට දීපූ එක බැලැන්ස් කරන්න කියලා,
බස්නාහිර තියෙන කොළඹ වරායෙ කොටසක් ඉන්දියාවේ #adani සමාගමට දීලා හරියන්නෙ නැ,
එහෙනම් දෙන්න ඕන 
උතුරේ තියෙන වරායක්, 
ධීවර වරායක් හරි කමක් නැ.
එතකොට තමයි බැලැන්ස් වෙන්නේ.
#ඇයි_නැගෙනහිර_ජැටියම
#නිකමටහිතුණා https://t.co/8ZEvLowC1J",859781372998803457,3,"{'quote_count': 0, 'retweet_count': 0, 'like_count': 2, 'reply_count': 1, 'view_count': 0}",SamanthaLive365,21806,2592,606,34354,4863,Wed May 03 14:47:08 +0000 2017,"Hi, nice to tweet you!🙂 |Chartered Accountant ACA-LK |ACCA-UK | CPA-Aus | ICAEW-UK | https://t.co/B8I35ZPSQZ USJ🎓| |Equity#Investor #CSE|",1352860823442493440,2021-01-23 06:08:49,https://pbs.twimg.com/profile_images/2006952919694966784/vI-_Fa-C_normal.jpg,https://twitter.com/SamanthaLive365/status/1352860823442493440,"Sri Lanka, Seychelles",negative,China,"Mentions Hambantota port given to China and imbalance with Adani company given Colombo port, implying criticism of Chinese control and imbalance. Sentiment towards China is negative.",anger,Sri Lanka,Location includes Sri Lanka and professional qualifications with LK suffix indicating Sri Lanka.,lk,"[7.0, 81.0]",Individual,Personal professional credentials and education listed.,https://pbs.twimg.com/media/EsZTv50W4AAUTlJ.jpg
twitter,"09.ධීවර වරාය ගණනාවක නිර්මාතෘ ආචාර්ය කුලසිංහ. ඔහු කලකට ඉහත හම්බන්තොට වරාය ගැන දැක්වූ ආකල්ප මොන තරම් සාධනීය දැයි ඔහුගේ පහත එන ප්‍රකාශයෙන් සාක්ෂාත් වෙනවා.

“හම්බන්තොට වරායක් හැදුවොත් ලංකාවට විශාල ආදායමක් එනවා. මහවැලියට වඩා ලොකු විශාල ව්‍යාපෘතියක් වෙනවා. ⬇️",3145021238,3,"{'quote_count': 0, 'retweet_count': 0, 'like_count': 2, 'reply_count': 1, 'view_count': 0}",haritha98,10674,443,28,62,990,Wed Apr 08 15:36:42 +0000 2015,"Pause Think  Restart 

🧑‍🌾 | 🏏",1472709614684676098,2021-12-19 23:33:20,https://pbs.twimg.com/profile_images/1654857020032561153/m_YvS_hn_normal.jpg,https://twitter.com/haritha98/status/1472711679238565888,Sri Lanka,positive,China,"Mentions Hambantota port as a large project that would bring revenue, implying positive sentiment towards the port and indirectly towards China’s involvement.",happiness,Sri Lanka,"The location is Sri Lanka and the description includes cricket, popular in Sri Lanka.",lk,"[7.0, 81.0]",Individual,Personal interests and emojis suggest an individual user.,
twitter,"ලංකාවේ චීන මෙගා ව්‍යාපෘති කොට උඩ 
හම්බන්තොට වරාය ආශ්‍රිත සිනොපෙක් තෙල් පිරිපහදු ව්‍යාපෘතියත්, කොළඹ වරායේ ව්‍යාපෘතියත් ආරම්භය පමා වී තිබෙන බව වාර්තා වේ.
https://t.co/6NxK3gV1l3",780211700,1,"{'quote_count': 0, 'retweet_count': 0, 'like_count': 1, 'reply_count': 0, 'view_count': '67'}",ajithperakum,4327,1308,765,2260,528,Sat Aug 25 12:23:55 +0000 2012,Ajith Perakum Jayasinghe,1919731504856629769,2025-05-06 12:30:32,https://pbs.twimg.com/profile_images/1130771552700588032/u865IvKD_normal.png,https://twitter.com/ajithperakum/status/1919731504856629769,"Panadura, Sri Lanka",negative,China,"Mentions Chinese mega projects including Hambantota port and Sinopec refinery being stalled, implying negative sentiment towards China due to project delays.",disgust,Sri Lanka,"Panadura is a city in Sri Lanka, and the name is Sinhalese.",lk,"[7.0, 81.0]",Individual,Full personal name and location indicate a personal account.,
twitter,ආනයනය කෙරෙන වාහන පිළිගැනීමට හම්බන්තොට වරාය සූදානම් කරයි - වැඩි විස්තර : https://t.co/X8wWLssS4H https://t.co/lNBYryN5ax,1841751254227419136,1,"{'quote_count': 0, 'retweet_count': 0, 'like_count': 1, 'reply_count': 0, 'view_count': '21'}",irinewslk,992,14,8,0,991,Thu Oct 03 08:05:18 +0000 2024,Fastest News alert service in Sri Lanka 🇱🇰,1887036854421061794,2025-02-05 07:13:40,https://pbs.twimg.com/profile_images/1841752636506406912/Fwug8PrX_normal.jpg,https://twitter.com/irinewslk/status/1887036854421061794,Sri Lanka,irrelevant,China,"No mention or implication of China. The post talks about preparations at Hambantota port for vehicle imports, with no reference to China.",irrelevant,Sri Lanka,"The description explicitly states ""Fastest News alert service in Sri Lanka 🇱🇰.""",lk,"[7.0, 81.0]",Media,"Describes itself as a news alert service, indicating a media outlet.",https://pbs.twimg.com/media/GjAaAqqWAAAR3o5.jpg
twitter,"@Ranjith86783010 ඊට කලින් පාර M3 ට දීපු එකේ ඉන්නව නේද ?. අර බැංකු හොරකම උනේ
අර ISB බිලියන 17න් 12ක්ම ගත්ත අවුරුදු 5
අර පාස්කු ප්‍රහාරය වෙලා සිය ගනං මැරුනෙེ..
අර හම්බන්තොට වරාය විකුනුවෙ... 

හිටිය නේද හොරා වගේ...😂😂",2576724433,2,"{'quote_count': 0, 'retweet_count': 0, 'like_count': 1, 'reply_count': 1, 'view_count': '23'}",MaheshKumudu,557,18,184,2899,31,Thu Jun 19 11:24:23 +0000 2014,,1857284390360903716,2024-11-16 10:30:03,https://pbs.twimg.com/profile_images/1911397599950635008/_6OGvrDe_normal.jpg,https://twitter.com/MaheshKumudu/status/1857732858460197352,,irrelevant,China,"No direct mention of China, but the post criticizes the sale of Hambantota port, implying corruption. Since China is not explicitly mentioned or implied, sentiment is irrelevant.",irrelevant,Sri Lanka,"The username MaheshKumudu is typical Sinhalese name, suggesting Sri Lanka.",lk,"[7.0, 81.0]",Unknown,"No description or location, unclear identity.",
twitter,"වංචා සිදු වූ ආකාරය කියන හිටපු විගණකාධිපතිතුමා. හම්බන්තොට වරාය වැනි සමහර විශාල ව්‍යාපෘති වල එක කොන්දේසියක් තමයි ශ්‍රී ලංකා විගණකාධිපතිට විගණනය කිරීම තහනම් වීම. 
උපුටාගැනීම. 👇
https://t.co/PwHEhrG4RL",2584899049,2,"{'quote_count': 0, 'retweet_count': 1, 'like_count': 1, 'reply_count': 0, 'view_count': '54'}",TweetsbyNarada,15327,830,1557,17905,2143,Tue Jun 24 01:31:42 +0000 2014,"විශ්වය සැමටම යුක්තිය ඉටුවන ලස්සන ලොවක් සදම්.
Let's build a better world where justice is served for all.",1846744273049284974,2024-10-17 02:45:20,https://pbs.twimg.com/profile_images/1839292589335576576/h58Crjkn_normal.jpg,https://twitter.com/TweetsbyNarada/status/1846744273049284974,Los Angeles & Colombo,negative,China,"The post discusses auditing restrictions on large projects like Hambantota port, implying lack of transparency. China is indirectly implied as Hambantota port is known to be Chinese-invested, reflecting a critical tone towards Chinese involvement or its consequences.",anger,Sri Lanka,Location includes Colombo and description in Sinhala language.,lk,"[7.0, 81.0]",Individual,Personal mission statement and mixed location suggest an individual.,
twitter,"2014 දී කොමිස් අරගෙන කල හාල් ආනයන වංචාවේ පාඩුව මිලියන 1500ක්. ලොකු ළුනු වංචාව. සීනි බදු වංචාව.
සමහර ව්‍යාපෘති පරික්ෂා කිරීම විගණකාධිපතිට තහනම්, හම්බන්තොට වරාය එවැන්නක්.

මෙන්න කට්ටිය එකතුවෙලා ගහපු ගැහිලි. බලන්න. 👇#SriLanka #srilankaelections2024 #lka 

https://t.co/7te2YPSvu9",2584899049,4,"{'quote_count': 0, 'retweet_count': 1, 'like_count': 1, 'reply_count': 2, 'view_count': '60'}",TweetsbyNarada,15327,830,1557,17905,2143,Tue Jun 24 01:31:42 +0000 2014,"විශ්වය සැමටම යුක්තිය ඉටුවන ලස්සන ලොවක් සදම්.
Let's build a better world where justice is served for all.",1846591054729916805,2024-10-16 16:36:30,https://pbs.twimg.com/profile_images/1839292589335576576/h58Crjkn_normal.jpg,https://twitter.com/TweetsbyNarada/status/1846591054729916805,Los Angeles & Colombo,negative,China,"Mentions large-scale corruption related to projects including Hambantota port, which is known to be Chinese-funded. The tone is critical of the lack of auditing and corruption, reflecting negative sentiment towards Chinese projects in Sri Lanka.",anger,Sri Lanka,Location includes Colombo and description in Sinhala language.,lk,"[7.0, 81.0]",Individual,Personal mission statement and mixed location suggest an individual.,
twitter,@MaheshaSamarat2 කියලා හිතපු ගමන් හම්බන්තොට වරාය වික්කා කියලා මතක් වුනා,1509835093468061703,2,"{'quote_count': 0, 'retweet_count': 0, 'like_count': 1, 'reply_count': 1, 'view_count': '26'}",MaarlonDeA,2326,28,112,48,616,Fri Apr 01 10:09:07 +0000 2022,Forgive me Lord,1826646783038292392,2024-08-23 03:20:32,https://pbs.twimg.com/profile_images/1509835585669656579/fcmJDkZS_normal.jpg,https://twitter.com/MaarlonDeA/status/1826821799515996487,,irrelevant,China,"Mentions Hambantota port but no direct or implied reference to China. The post is a personal reflection or thought, so sentiment towards China is irrelevant.",irrelevant,Sri Lanka,"The username and phrase ""Forgive me Lord"" is generic but connected to other Sri Lankan accounts nearby",lk,"[7.0, 81.0]",Individual,Personal and vague phrase suggests an individual user.,
twitter,"අසාර්ථක හම්බන්තොට වරාය සාර්ථක කරනවා - විපක්ෂනායක 
Read more &gt;&gt;&gt;https://t.co/8fnVFyw5ED
#Hirunews #HiruSinhalaNews #HiruEnglishNews #LKA #Srilanka #TruthAtAllCosts #SJB #Sajith #Hambantota https://t.co/4x7sF0SDCo",351341475,1,"{'quote_count': 0, 'retweet_count': 0, 'like_count': 1, 'reply_count': 0, 'view_count': '338'}",hirunews,106596,200662,8,111,80994,Tue Aug 09 03:29:46 +0000 2011,"Hiru News, Latest news updates and discussions from Sri Lanka. Official news portal of Asia Broadcasting Corporation.",1822479295354143028,2024-08-11 03:44:58,https://pbs.twimg.com/profile_images/1261671246846144516/PN_-1D2B_normal.jpg,https://twitter.com/hirunews/status/1822479295354143028,Colombo ,negative,China,"Mentions Hambantota port as unsuccessful but does not explicitly mention China. Given the port's known Chinese involvement, the post indirectly critiques the project, reflecting a negative sentiment towards Chinese investment consequences.",disgust,Sri Lanka,The user is associated with Hiru News in Sri Lanka.,lk,"[7.0, 81.0]",Media,Clearly identified as a news portal providing news updates from Sri Lanka.,https://pbs.twimg.com/media/GUq_LfpbwAA23-W.jpg
twitter,"@KMeeeaaow අපි හම්බන්තොට වරාය කිසිවටිනාකමක් නැති ණය බිල්ලෙක් ලෙස හුවාදක්වා හම්බන්තොට වරයා විකුණන්නට contract එකගත්තේ යම්සේද(විකුනද්දී වහල්ලු සැනසීමට චුන් එකක් දුන්නා), සියලු යෝජිත ඉන්දියානු ව්‍යාපෘති කිසිදු බාදාවකින් තොරව රිසි සේ ගැනීමට අදාලව  contract එක බාරගෙන ඇත්තේය...  ""ජෙයි හින්ද්""",726211519,1,"{'quote_count': 0, 'retweet_count': 0, 'like_count': 1, 'reply_count': 0, 'view_count': '29'}",haasampath,4747,157,255,10449,428,Mon Jul 30 14:50:41 +0000 2012,"read between the lines, then you will never regret... ""ඇත්ත තිත්ත උනාම followers ලා නෑ..."" :), දැන් බලාගත්තනේ, ස්තුතියි 😂🤣",1757299062733173198,2024-02-13 08:48:56,https://pbs.twimg.com/profile_images/1797679039270014976/lCzs1wc7_normal.jpg,https://twitter.com/haasampath/status/1757325972636930390,,neutral,China,"Discusses the sale and contracts related to Hambantota port, mentioning Indian projects but no direct mention of China. The post implies criticism of the handling of the port but does not clearly reference China, so sentiment is neutral to negative but China is not explicitly mentioned.",disgust,Sri Lanka,Use of Sinhala language in description suggests Sri Lanka.,lk,"[7.0, 81.0]",Individual,Personal reflective statement typical of an individual user.,
twitter,"@Chathurangaab අමුතුවෙන් මඩ ඕනද ? හම්බන්තොට වරාය ණය වාරික අගේට ගෙවන යද්දී අදිකාරියේ ලාබෙන්, බොරු ණය බිල්ලෙක් මවලා විකුනන්න පාර කැපුවේ කවුද ? 2015 චන්දෙ ඉල්ලන්නේ නැතුව යහපලනෙට jvp චන්ද ලක්ෂ 4/5 සෙට් කරලා යහපලානේ ගෙනාවේ කවුද ? රටටම dollar ඕන වෙලාවේ dollar එවන් එපා කියලා $bil 8 වැඩිය නැති කරේ කවුද",726211519,1,"{'quote_count': 0, 'retweet_count': 0, 'like_count': 1, 'reply_count': 0, 'view_count': '105'}",haasampath,4747,157,255,10449,428,Mon Jul 30 14:50:41 +0000 2012,"read between the lines, then you will never regret... ""ඇත්ත තිත්ත උනාම followers ලා නෑ..."" :), දැන් බලාගත්තනේ, ස්තුතියි 😂🤣",1754195456069148992,2024-02-05 03:22:24,https://pbs.twimg.com/profile_images/1797679039270014976/lCzs1wc7_normal.jpg,https://twitter.com/haasampath/status/1754344697563340930,,irrelevant,China,"Critiques the financial handling and political decisions around Hambantota port, no explicit mention of China. The post implies mismanagement but does not clearly reference China, so sentiment towards China is neutral/irrelevant.",irrelevant,Sri Lanka,Use of Sinhala language in description suggests Sri Lanka.,lk,"[7.0, 81.0]",Individual,Personal reflective statement typical of an individual user.,
twitter,"@anuradisanayake එහෙ ඉන්නේ මරු බුද්දිමත් ජනත්වක්, හම්බන්තොට වරාය විකුනන්න සතියකට කලින් වරයට km 10 විතර ඇතින් විකුණනවට විරුද්දව පෙළපාලියක් ගියා, හෙන සද්දේ, විකුනද්දී එකෙක් මික් නෑ, සුපිරි වහල්ලු ඉන්නේ, පක්ෂේ කියන විදියට තමයි, නැත්නම් ඉතින් විකුණන දවසේ එහෙම ඉන්න පුළුවන්ය, පක්ෂෙට හිලෑ යක්කු බොලවූ.🤮",726211519,1,"{'quote_count': 0, 'retweet_count': 0, 'like_count': 1, 'reply_count': 0, 'view_count': '30'}",haasampath,4747,157,255,10449,428,Mon Jul 30 14:50:41 +0000 2012,"read between the lines, then you will never regret... ""ඇත්ත තිත්ත උනාම followers ලා නෑ..."" :), දැන් බලාගත්තනේ, ස්තුතියි 😂🤣",1747503619849736213,2024-01-18 08:58:52,https://pbs.twimg.com/profile_images/1797679039270014976/lCzs1wc7_normal.jpg,https://twitter.com/haasampath/status/1747906389484466268,,irrelevant,China,"Describes protests and opposition to the sale of Hambantota port, no explicit mention of China. The post is critical of the sale but does not mention China, so sentiment towards China is irrelevant.",irrelevant,Sri Lanka,Use of Sinhala language in description suggests Sri Lanka.,lk,"[7.0, 81.0]",Individual,Personal reflective statement typical of an individual user.,
twitter,"@Chathurangaab එහෙ ඉන්නේ මරු බුද්දිමත් ජනත්වක්, හම්බන්තොට වරාය විකුනන්න සතියකට කලින් වරයට km 10 විතර ඇතින් විකුණනවට විරුද්දව පෙළපාලියක් ගියා, හෙන සද්දේ, විකුනද්දී එකෙක් මික් නෑ, සුපිරි වහල්ලු ඉන්නේ, පක්ෂේ කියන විදියට තමයි, නැත්නම් ඉතින් විකුණන දවසේ එහෙම ඉන්න පුළුවන්ය, පක්ෂෙට හිලෑ යක්කු බොලවූ.🤮",726211519,1,"{'quote_count': 0, 'retweet_count': 0, 'like_count': 1, 'reply_count': 0, 'view_count': '143'}",haasampath,4747,157,255,10449,428,Mon Jul 30 14:50:41 +0000 2012,"read between the lines, then you will never regret... ""ඇත්ත තිත්ත උනාම followers ලා නෑ..."" :), දැන් බලාගත්තනේ, ස්තුතියි 😂🤣",1745689969929408918,2024-01-12 06:38:07,https://pbs.twimg.com/profile_images/1797679039270014976/lCzs1wc7_normal.jpg,https://twitter.com/haasampath/status/1745696643486228670,,irrelevant,China,"Duplicate of 128, same analysis applies: no explicit mention or implication of China, so irrelevant.",irrelevant,Sri Lanka,Use of Sinhala language in description suggests Sri Lanka.,lk,"[7.0, 81.0]",Individual,Personal reflective statement typical of an individual user.,
twitter,හම්බන්තොට වරාය සම්බන්ධ විවාදයේ  ජන්දය විමසන විටත් බලු නාකි මයිනා සමගින් පොහොට්ටු මන්ත්‍රී වරුන් හිටියේ නැහැ නේද?,1439013441071509504,1,"{'quote_count': 0, 'retweet_count': 0, 'like_count': 1, 'reply_count': 0, 'view_count': '9'}",SumanaAbeyseke1,58849,828,981,35883,2871,Fri Sep 17 23:48:48 +0000 2021,"#ආර්ථිකඝාතකයෝ 

රට හදන්න සුදුසුම අත්‍යවශ්‍ය යෝජනා දේශපාලන සංස්කෘතියක් උදෙසා නව යෝජනා",1722947750013309200,2023-11-10 12:02:09,https://pbs.twimg.com/profile_images/1527135126353653761/OmNkAGfs_normal.jpg,https://twitter.com/SumanaAbeyseke1/status/1722947750013309200,,irrelevant,China,Mentions Hambantota port in the context of political debate but no mention or implication of China. Sentiment towards China is irrelevant.,irrelevant,India,The lack of explicit location and the user description suggest an Indian origin.,in,"[20.0, 77.0]",Individual,The user description includes personal interests and activities.,
twitter,"නාකි මයිනගේ අධිවේගී මාර්ග නෙලුම් කුලුන මත්තල ගුවන් තොටුපොළ හම්බන්තොට වරාය සූරියවැව ක්‍රීඩාංගණය ඔක්කොම ගිනි පොලියට ඩොලර් අරගෙන විනිවිදභාවය වගවීම  නොමැතිව කරලා ණය වාරිකය ගෙවන්න ඩොලර් උපයන්නේ නැත

රට බංකොලොත් විමට හේතුව වූයේ එයයි 

ණය ගෙවන්නේ වෙනත් සම්ප්‍රදායිකව උපයන ඩොලර් වලින්",1439013441071509504,2,"{'quote_count': 0, 'retweet_count': 1, 'like_count': 1, 'reply_count': 0, 'view_count': '18'}",SumanaAbeyseke1,58849,828,981,35883,2871,Fri Sep 17 23:48:48 +0000 2021,"#ආර්ථිකඝාතකයෝ 

රට හදන්න සුදුසුම අත්‍යවශ්‍ය යෝජනා දේශපාලන සංස්කෘතියක් උදෙසා නව යෝජනා",1719353123331027291,2023-10-31 13:58:23,https://pbs.twimg.com/profile_images/1527135126353653761/OmNkAGfs_normal.jpg,https://twitter.com/SumanaAbeyseke1/status/1719353123331027291,,irrelevant,China,"Discusses mismanagement and debt related to Hambantota port, no explicit mention of China. The post implies criticism of governance but does not mention China, so sentiment towards China is irrelevant.",irrelevant,India,The lack of explicit location and the user description suggest an Indian origin.,in,"[20.0, 77.0]",Individual,The user description includes personal interests and activities.,
twitter,"ඩොලර් බිලියන ගණනක ණය ගෙවීම් අකර්මණ්‍ය වී ඇති අතර සංවර්ධන ව්‍යාපෘති ද මඟ නැවතී ඇත. 2022 වසරේ දී බංකොලොත් බව ප්‍රකාශ කළ ශ්‍රී ලංකාවේ හම්බන්තොට වරාය එක් උදාහරණයකි.
https://t.co/gV6QxskbFB",23761492,1,"{'quote_count': 0, 'retweet_count': 0, 'like_count': 1, 'reply_count': 0, 'view_count': '416'}",bbcsinhala,31959,86479,0,2,3997,Wed Mar 11 13:23:42 +0000 2009,මෙම වෙබ් අඩවිය කියවීමට අපහසු නම් කරුණාකර ෆයර්ෆොක්ස් හෝ ගූගල් ක්‍රෝම් වෙබ් බ්‍රව්සරය බාගත කරන්න,1714241410579198258,2023-10-17 11:26:16,https://pbs.twimg.com/profile_images/948907475528552448/Z9-X_Fs-_normal.jpg,https://twitter.com/bbcsinhala/status/1714241410579198258,London,negative,China,"Mentions Hambantota port as an example of failed development projects and debt default in Sri Lanka. While China is not explicitly mentioned, the port is widely known as a Chinese project, implying a negative sentiment towards Chinese involvement.",sadness,United Kingdom,"Location is London and username is bbcsinhala, linking to BBC Sinhala service based in the UK.",gb,"[54.0, -2.0]",Media,BBC Sinhala is a recognized media outlet.,
twitter,"2020 දී කිවුවා  වගේම හම්බන්තොට වරාය ආපසු ගත්තා.  !

දැන්  මේ වැඩෙත්  කරාවි.  ! https://t.co/4Jptksw9My",1150033076564611073,1,"{'quote_count': 0, 'retweet_count': 0, 'like_count': 1, 'reply_count': 0, 'view_count': '28'}",HapugodaP,14280,501,328,27890,8551,Sat Jul 13 13:23:46 +0000 2019,"Retired. Interested in world affairs, Politics, Environment, social media etc..",1709543842511553011,2023-10-04 12:19:48,https://pbs.twimg.com/profile_images/1442763253910695939/BV0lJtE0_normal.jpg,https://twitter.com/HapugodaP/status/1709543842511553011,,irrelevant,China,"Mentions Hambantota port being taken back in 2020, no explicit mention of China. The tone is neutral to positive about regaining control, but China is not referenced, so sentiment towards China is neutral/irrelevant.",irrelevant,United States,"The user does not have a specific location but mentions interest in world affairs, politics, and the environment.",us,"[38.0, -97.0]",Individual,"Describes retired status and personal interests, indicating an individual.",https://pbs.twimg.com/media/F7mFDQIXUAAYTi3.jpg
twitter,ඒ රැවටිමත් නාකි මයිනගේ අධිවේගී මාර්ගය නෙලුම් කුලුන මත්තල ගුවන් තොටුපොළ හම්බන්තොට වරාය වඩා දෙවැනි විය නොහැකිද?,1439013441071509504,1,"{'quote_count': 0, 'retweet_count': 0, 'like_count': 1, 'reply_count': 0, 'view_count': '37'}",SumanaAbeyseke1,58849,828,981,35883,2871,Fri Sep 17 23:48:48 +0000 2021,"#ආර්ථිකඝාතකයෝ 

රට හදන්න සුදුසුම අත්‍යවශ්‍ය යෝජනා දේශපාලන සංස්කෘතියක් උදෙසා නව යෝජනා",1708710701500641774,2023-10-02 05:09:12,https://pbs.twimg.com/profile_images/1527135126353653761/OmNkAGfs_normal.jpg,https://twitter.com/SumanaAbeyseke1/status/1708710701500641774,,irrelevant,China,"Mentions Hambantota port among other infrastructure projects, no mention or implication of China. Sentiment towards China is irrelevant.",irrelevant,India,The lack of explicit location and the user description suggest an Indian origin.,in,"[20.0, 77.0]",Individual,The user description includes personal interests and activities.,
twitter,"@thnsameera @rajivdayarathne @Yurajchamara රනිල් කාර් හදන කර්මාන්ත ශාලා ගේනවා, ගොවීන්ට ඩෙනිම් අන්දනවා (ඔවුන්ගේ ජීවන තත්ත්වය දියුණු කරනවා), AI තාක්ෂණය දියුණු කරනවා වගේ කරපු කථා යථාර්ථවාදී සැලසුම්. මේවා ගැන අවබෝධ කරගන්න.

ඒවා ඔය ජේවීපිය උමා ඔය, වරාය නගරය, හම්බන්තොට වරාය, සැහැල්ලු දුම්රිය ගැන කියපු ගල් පැලෙන බොරු නෙමෙයි.😁",1537407537817190400,2,"{'quote_count': 0, 'retweet_count': 0, 'like_count': 1, 'reply_count': 1, 'view_count': '29'}",Dileep_Wije,17393,1012,994,97483,5052,Thu Jun 16 12:12:01 +0000 2022,Hired social media troll | සමාජ මාධ්‍ය කුලී ලියන්නා ✍️,1696946702954148007,2023-09-01 09:19:22,https://pbs.twimg.com/profile_images/1959055189635461120/6COhsX10_normal.jpg,https://twitter.com/Dileep_Wije/status/1697539636296638810,Singapore,neutral,China,"Mentions Hambantota port along with other projects, denying false claims about them. No explicit mention of China, but the post indirectly defends projects including Hambantota port, which is Chinese-funded, reflecting a neutral to positive sentiment towards Chinese involvement.",happiness,Singapore,"The location is explicitly Singapore, and the description includes Sinhala script.",sg,"[1.367, 103.8]",Individual,"Self-described as a hired social media troll, personal account.",
twitter,"@hthemaka @UNPunOfficial @blackaustralian @RW_UNP @KamalPe69257601 @SumanaVelu හම්බන්තොට වරාය ආපසු අරන් මිසක් පස්ස බලන්නේ නැහැ

විකුණුන රාජ්ය දේපළ මගේ ආණ්ඩුවක් යටතේ පවරා ගන්නවා

යහපාලනය යුගයේ කියපු එවුන් දැන් කියන්නේ මොනවාද? https://t.co/cSftck7Tlg",1439013441071509504,2,"{'quote_count': 0, 'retweet_count': 1, 'like_count': 1, 'reply_count': 0, 'view_count': '96'}",SumanaAbeyseke1,58849,828,981,35883,2871,Fri Sep 17 23:48:48 +0000 2021,"#ආර්ථිකඝාතකයෝ 

රට හදන්න සුදුසුම අත්‍යවශ්‍ය යෝජනා දේශපාලන සංස්කෘතියක් උදෙසා නව යෝජනා",1647424943251132419,2023-04-17 03:01:15,https://pbs.twimg.com/profile_images/1527135126353653761/OmNkAGfs_normal.jpg,https://twitter.com/SumanaAbeyseke1/status/1647797341183942657,,irrelevant,China,"Mentions taking back Hambantota port and criticizes previous sales, no explicit mention of China. The post implies criticism of the sale but does not mention China, so sentiment towards China is neutral/irrelevant.",irrelevant,India,The lack of explicit location and the user description suggest an Indian origin.,in,"[20.0, 77.0]",Individual,The user description includes personal interests and activities.,https://pbs.twimg.com/tweet_video_thumb/Ft4m8KFaMAAceO4.jpg
twitter,@DPMJayawardhan1 @ChandiWicks1 හම්බන්තොට වරාය විකුනා ණය ගෙවලා තියෙනවාද?,1439013441071509504,3,"{'quote_count': 0, 'retweet_count': 0, 'like_count': 1, 'reply_count': 2, 'view_count': '26'}",SumanaAbeyseke1,58849,828,981,35883,2871,Fri Sep 17 23:48:48 +0000 2021,"#ආර්ථිකඝාතකයෝ 

රට හදන්න සුදුසුම අත්‍යවශ්‍ය යෝජනා දේශපාලන සංස්කෘතියක් උදෙසා නව යෝජනා",1640098013753364486,2023-03-28 11:45:19,https://pbs.twimg.com/profile_images/1527135126353653761/OmNkAGfs_normal.jpg,https://twitter.com/SumanaAbeyseke1/status/1640681470191886336,,irrelevant,China,"Questions whether the debt from selling Hambantota port has been paid, no mention of China. Sentiment towards China is irrelevant.",irrelevant,India,The lack of explicit location and the user description suggest an Indian origin.,in,"[20.0, 77.0]",Individual,The user description includes personal interests and activities.,
twitter,"ඕකා නේද ඒ දවස්වල බැදුම්කර හොරුන් ටොප් ටෙන් හොරුන් හිරගෙදර යවන්න වලි කෑවා නේද?

ඕකා නේද ඒ දවස්වල හම්බන්තොට වරාය වික්කා කියලා ප්‍රසිද්ධියේ බයිලා ගැහූවේ ?

පව් ඕයි මුං",1439013441071509504,1,"{'quote_count': 0, 'retweet_count': 0, 'like_count': 1, 'reply_count': 0, 'view_count': 0}",SumanaAbeyseke1,58849,828,981,35883,2871,Fri Sep 17 23:48:48 +0000 2021,"#ආර්ථිකඝාතකයෝ 

රට හදන්න සුදුසුම අත්‍යවශ්‍ය යෝජනා දේශපාලන සංස්කෘතියක් උදෙසා නව යෝජනා",1600453566392840194,2022-12-07 11:33:59,https://pbs.twimg.com/profile_images/1527135126353653761/OmNkAGfs_normal.jpg,https://twitter.com/SumanaAbeyseke1/status/1600453566392840194,,irrelevant,China,"Mentions corruption and public protests related to Hambantota port, no explicit mention of China. Sentiment towards China is irrelevant.",irrelevant,India,The lack of explicit location and the user description suggest an Indian origin.,in,"[20.0, 77.0]",Individual,The user description includes personal interests and activities.,
twitter,"Port city එක හම්බන්තොට වරාය සමගින් රාජ්‍ය මාධ්‍ය අණබෙර ගහලා බදු සහන දිලා හදපු රට නිල වශයෙන් බංකොලොත් ඕයි 

පව් ඕයි ලංකාව නිල වශයෙන් බංකොලොත් ඕයි මාර වැඩේ ලංකාවට වුනේ

සෞභාග්‍යය පිස්සාගේ සෞභාග්‍යය දැක්ම කොහොමද?",1439013441071509504,1,"{'quote_count': 0, 'retweet_count': 0, 'like_count': 1, 'reply_count': 0, 'view_count': 0}",SumanaAbeyseke1,58849,828,981,35883,2871,Fri Sep 17 23:48:48 +0000 2021,"#ආර්ථිකඝාතකයෝ 

රට හදන්න සුදුසුම අත්‍යවශ්‍ය යෝජනා දේශපාලන සංස්කෘතියක් උදෙසා නව යෝජනා",1594172899099054080,2022-11-20 03:36:52,https://pbs.twimg.com/profile_images/1527135126353653761/OmNkAGfs_normal.jpg,https://twitter.com/SumanaAbeyseke1/status/1594172899099054080,,negative,China,"Mentions Port City and Hambantota port in the context of state media and bankruptcy, no explicit mention of China. Port City is a Chinese project, so the post indirectly criticizes Chinese investments, reflecting negative sentiment.",anger,India,The lack of explicit location and the user description suggest an Indian origin.,in,"[20.0, 77.0]",Individual,The user description includes personal interests and activities.,
twitter,"හම්බන්තොට දිස්ත්‍රික්කයේ හම්බන්තොට වරාය වගේ විය නොහැකිද?

රාජ්‍ය මාධ්‍ය වලින් උදේ හවස කයිය ගහපු ආයෝජන වලින් රටට වැඩක් වුනා නම් රට නිල වශයෙන් බංකොලොත් බවට පත්වුයේ ඇයි?",1439013441071509504,1,"{'quote_count': 0, 'retweet_count': 0, 'like_count': 1, 'reply_count': 0, 'view_count': 0}",SumanaAbeyseke1,58849,828,981,35883,2871,Fri Sep 17 23:48:48 +0000 2021,"#ආර්ථිකඝාතකයෝ 

රට හදන්න සුදුසුම අත්‍යවශ්‍ය යෝජනා දේශපාලන සංස්කෘතියක් උදෙසා නව යෝජනා",1590539309467447300,2022-11-10 02:58:16,https://pbs.twimg.com/profile_images/1527135126353653761/OmNkAGfs_normal.jpg,https://twitter.com/SumanaAbeyseke1/status/1590539309467447300,,negative,China,"Questions why Hambantota port and related investments did not prevent bankruptcy, no explicit mention of China. Since Hambantota port is Chinese-funded, the post indirectly reflects negative sentiment towards Chinese projects.",sadness,India,The lack of explicit location and the user description suggest an Indian origin.,in,"[20.0, 77.0]",Individual,The user description includes personal interests and activities.,
twitter,"@samith78 හම්බන්තොට වරාය වික්කේ කවුද බං?විකුණන ක්‍රමය 99 අවුරුදු බදු, 33 අවුරුදු බදු, විකුණපු ඒවා හොයලා බලපල්ලා උඹලත් පුරවැසියො නේද? පුරවස්සෝ වගේ ඉන්නකම් පේනනේ නැ. විකුණපු ඒවා ගන්න පුලවන් වටේ ඉන්න එකෙක්ගේ නම කියපං සුදුසු දක්ෂ අවංක නීතිගරුක.. ඌත් හොරා වටේ උනුත් හොරු.",1360723681840951299,2,"{'quote_count': 0, 'retweet_count': 0, 'like_count': 1, 'reply_count': 1, 'view_count': 0}",Udayawickramar1,18580,1502,4768,3688,5790,Sat Feb 13 22:53:22 +0000 2021,රටත් එක්ක හිට ගනිමු! පරිසරය රැකගමු!සත්‍ය වෙනුවෙන් පෙනී සිටිමු!දූෂිත දේශපාලුවන්ට තරාතිරම නොබලා පහර දෙමු! නිදහස් නීතිගරුක නිවහල් දේශයක් වෙනුවෙන් ඇප කැප වෙමු!,1580449373972230145,2022-10-16 13:56:42,https://pbs.twimg.com/profile_images/1594554935999332353/Yw2rNd9A_normal.jpg,https://twitter.com/Udayawickramar1/status/1581645311813918721,,irrelevant,China,"Criticizes the sale and lease terms of Hambantota port, no explicit mention of China. The post implies corruption and mismanagement but does not mention China, so sentiment towards China is irrelevant.",irrelevant,Sri Lanka,Use of Sinhala language and references to Sri Lankan politics.,lk,"[7.0, 81.0]",Individual,Personal political and social activism statements suggest an individual.,
twitter,@DPMJayawardhan1 @Udayawickramar1 @nipuna__d දන්න හිංදා තමයි කියන්නේ හම්බන්තොට වරාය විකුනන් කාපු රනිල්,722930083858505732,2,"{'quote_count': 0, 'retweet_count': 0, 'like_count': 1, 'reply_count': 1, 'view_count': 0}",ChandiWicks1,12054,3206,4260,8519,2242,Wed Apr 20 23:28:58 +0000 2016,My belief is Live in the future & build what's missing. My guiding principal is Buddhist Philosophy & Dr. Stephen Covey's 7 Habits of Highly Effective People.,1578643192701804544,2022-10-08 09:49:17,https://pbs.twimg.com/profile_images/722931499373367296/j7_RVFGN_normal.jpg,https://twitter.com/ChandiWicks1/status/1578683945683599360,,irrelevant,China,"Blames Ranil for selling Hambantota port, no explicit mention of China. The post implies criticism of the sale but does not mention China, so sentiment towards China is irrelevant.",irrelevant,Sri Lanka,Buddhist philosophy mentioned and username suggests Sri Lankan origin.,lk,"[7.0, 81.0]",Individual,Personal beliefs and guiding principles indicate a personal account.,
twitter,ප්‍රධාන යුධනැව්  ශ්‍රීලංකා මුහුදු කලාපයට පැමිනෙමින් ඇති අතර එහි ප්‍රධානතම සැපයුම් හා සේවා මද්‍යස්ථානය වන හම්බන්තොට වරාය හා සම්බන්ද වෙනුඇත.මෙම තත්වයන් චීන බල මෙහෙයුමේ පෙර සැලසුම් තත්වයන් යටතේ ක්‍රියාත්මක වන්නක් අතරම එම ත්ත්වයන් ශ්‍රීලංකා භූමියට &gt;&gt;&gt;,1165447935745609728,2,"{'quote_count': 0, 'retweet_count': 0, 'like_count': 1, 'reply_count': 1, 'view_count': 0}",Darsha0,18497,783,472,28735,2498,Sun Aug 25 02:17:54 +0000 2019,"For the sake of human identity, for the sake of democracy, for the preservation of nature, for the sake of human development. And..etc..",1555845874265206784,2022-08-06 09:18:57,https://pbs.twimg.com/profile_images/1853850461234679808/I_p7bEJJ_normal.jpg,https://twitter.com/Darsha0/status/1555845877016641537,我到处都是그리고 나는 어디에나every where ,negative,China,"Mentions Chinese military presence and influence related to Hambantota port, describing it as part of a Chinese power operation affecting Sri Lanka. The tone is cautionary and negative towards Chinese strategic influence.",fear,Unknown/International,"The description is in multiple languages (Chinese, Korean, English) and no location is given, suggesting a global or international user.",,,Individual,Personal mission statement and broad ideals suggest an individual.,
twitter,"හම්බන්තොට වරාය ඉදිකිරීමට ගත් ණය ගිණුම් ප්‍රකාශවල නොමැති බවට හෙළිදරව්වක් 
READ MORE &gt;&gt;&gt;  https://t.co/XLzqABfRV5 https://t.co/JQUhEIShFo",1055111823832174593,1,"{'quote_count': 0, 'retweet_count': 0, 'like_count': 1, 'reply_count': 0, 'view_count': 0}",colombo_times,53588,2912,199,44,27350,Wed Oct 24 15:00:36 +0000 2018,"𝗧𝗵𝗲 𝗗𝗶𝗴𝗶𝘁𝗮𝗹 𝗡𝗲𝘄𝘀 𝗣𝗼𝗿𝘁𝗮𝗹 𝗼𝗳 𝗦𝗿𝗶 𝗟𝗮𝗻𝗸𝗮.
Colombo Times provides the latest news and information as and when it happens",1539967054295728128,2022-06-23 13:42:11,https://pbs.twimg.com/profile_images/2039691617465159680/nft6HRxg_normal.jpg,https://twitter.com/colombo_times/status/1539967054295728128,Sri Lanka,irrelevant,China,"Mentions lack of transparency in loans taken for Hambantota port construction, no explicit mention of China. Sentiment towards China is irrelevant.",irrelevant,Sri Lanka,The user is associated with a news portal in Sri Lanka.,lk,"[7.0, 81.0]",Media,Clearly identified as a news portal providing the latest news and information.,https://pbs.twimg.com/media/FV8P3jzakAA8j68.jpg
twitter,හම්බන්තොට වරාය 99 වසරකට බදුදීමෙන් ගත් මුදලින් වරාය ඉදිකිරීමට ගත් ණය ගෙවා නැහැ -කෝප් කමිටුවේදී අනාවරණය වෙයි https://t.co/gHo1Epr7qq,1229405089,1,"{'quote_count': 0, 'retweet_count': 0, 'like_count': 1, 'reply_count': 0, 'view_count': 0}",liveat8,29710,1318,124,7,16068,Fri Mar 01 09:18:28 +0000 2013,ජනතාවාදී පුවත් පරමාධිපත්‍යය,1539909502215913473,2022-06-23 09:53:30,https://pbs.twimg.com/profile_images/1834245310698455040/bd6Qv9nZ_normal.jpg,https://twitter.com/liveat8/status/1539909502215913473,"Bellatrix Building,Orion City",irrelevant,China,"Reveals that money from 99-year lease of Hambantota port was not used to repay loans, no mention of China. Sentiment towards China is irrelevant.",irrelevant,Sri Lanka,"Location is Bellatrix Building, Orion City (Sri Lanka) and description in Sinhala.",lk,"[7.0, 81.0]",Media,Described as a news outlet with a political slant.,
twitter,@KaviSenu මත්තල...හම්බන්තොට වරාය...නෙළුම් කුලුන....හම්බන්තොට රාජපක්ශ ලොකු හෝල් එකක් තියෙන්නේ...ඔන්න ඔයවගේ කිසිම ලාභයක් නැති project නිසා තමයි අද මිනිස්සුන්ට මේ පව් ගෙවන්න සිද්දවෙලා තියෙන්නේ...😐😐😐,1099556261450911745,1,"{'quote_count': 0, 'retweet_count': 0, 'like_count': 1, 'reply_count': 0, 'view_count': 0}",FerozMeedin,3332,121,63,21711,105,Sun Feb 24 06:26:56 +0000 2019,Onsite Operations  Agent - DHL Express,1536596249511616512,2022-06-14 11:12:45,https://pbs.twimg.com/profile_images/1999317883466448902/KaRh5NsB_normal.jpg,https://twitter.com/FerozMeedin/status/1536667955315998720,"Dubai, United Arab Emirates",irrelevant,China,"Mentions Hambantota port as a project with no profit causing problems, no explicit mention of China. Sentiment towards China is irrelevant.",irrelevant,United Arab Emirates,"Location explicitly given as Dubai, UAE.",ae,"[24.0, 54.0]",Individual,Job title and location indicate a personal professional account.,
twitter,"හම්බන්තොට වරාය, ගාල්ලේ ඉඳන් මත්තලට high way , හම්බන්තොට conference hall, නෙලුම් කුළුණු , වගේ කොමිස් උදෙසා මිනිස්සුන්ගේ ජීවිත උගස් තියන project තව වැඩි වෙන එක වෙන්නේ ..",98108213,11,"{'quote_count': 0, 'retweet_count': 10, 'like_count': 1, 'reply_count': 0, 'view_count': 0}",BUVISH,2191,106,192,1202,47,Sun Dec 20 11:34:03 +0000 2009,,1534819758381486080,2022-06-09 08:48:41,https://pbs.twimg.com/profile_images/412646654483767296/BUiYi3_L_normal.jpeg,https://twitter.com/BUVISH/status/1534819760457719809,,irrelevant,China,"Mentions Hambantota port and other projects causing hardship due to commissions, no mention of China. Sentiment towards China is irrelevant.",irrelevant,Sri Lanka,"The username BUVISH is common in Sri Lanka, and surrounding entries are Sri Lankan.",lk,"[7.0, 81.0]",Unknown,"No description or location, unclear identity.",
twitter,"හම්බන්තොට වරාය නම් අවුරුදු 99 කට හරි බදු දුන්න 
මත්තල එහෙම වත් දෙන්න බෑ - රනිල් වික්‍රමසිංහ 😂💔",857468113591324672,1,"{'quote_count': 0, 'retweet_count': 0, 'like_count': 1, 'reply_count': 0, 'view_count': 0}",Vimukthi_93,43777,1247,351,97175,263,Thu Apr 27 05:35:04 +0000 2017,"🔼Tru€ |•v€ wa¡ts 🔼
Un©•mp|€t€d |¡f€ N¡m 💔",1531948643523383296,2022-06-01 10:39:53,https://pbs.twimg.com/profile_images/1348999684946239488/0xbbsrsy_normal.jpg,https://twitter.com/Vimukthi_93/status/1531948643523383296,මාතර,irrelevant,China,"Mentions 99-year lease of Hambantota port and mocks Ranil, no mention of China. Sentiment towards China is irrelevant.",irrelevant,Sri Lanka,"Location given as ""මාතර"" (Matara), a city in Sri Lanka, and Sinhala script used.",lk,"[7.0, 81.0]",Individual,Personal style and cryptic text suggest an individual user.,
twitter,"හම්බන්තොට සම්මන්ත්‍රණ ශාලාව :- ලාභය 0
මත්තල airport / හම්බන්තොට වරාය :- ලාභය ඉතා සිමිතය
නෙළුම්කුළුණ :- ලාභය 0
හයිවේ පද්ධති :- ලාභයඉතා සිමිතය.

හම්බන්තොටට යන highway එකේ වාහන 100 කට වඩා භාවිතාවන දවස්ද එමටය. දෛනික ලාභය අඩු දවස් එමටය.
හරි දැන් ඔබට සිදුවී,ඇති දේ තෙරන්න ඇති බව හිතනව",3049508994,2,"{'quote_count': 0, 'retweet_count': 0, 'like_count': 1, 'reply_count': 1, 'view_count': 0}",praveenabeysin2,33295,3012,595,85763,5340,Sat Feb 28 11:40:25 +0000 2015,,1527678727983091712,2022-05-20 15:52:47,https://pbs.twimg.com/profile_images/1974661792065605632/BzTsoxId_normal.jpg,https://twitter.com/praveenabeysin2/status/1527678734006128641,Kandy 🇱🇰 ,irrelevant,China,"Mentions Hambantota conference hall, port, and other projects with low profits, no mention of China. Sentiment towards China is irrelevant.",irrelevant,Sri Lanka,Location given as Kandy with Sri Lankan flag emoji.,lk,"[7.0, 81.0]",Unknown,"No description, only location and username, unclear.",
twitter,"7. 2014.09.16 දින ඔබතුමන් ඉදිරිපත් කල කැබිනට් පත්‍රිකව තුලින් නොරොච්චොලේ, කෙලවරපිටිය හා හම්බන්තොට වරාය ඉතා ආවාසි සහගත බදු දිමට දැරු උත්සාහය ඔබ තුමන්ට අමතක නම් එම ගිවිසුම නිතිපති දෙපර්තමෙන්තුවෙන් ලබා ගෙන නැවත පරිශිලනය කරන මෙන් ඔබ තුමන් ගෙන් මා ඉමහත් සෙනහසින් යුතුව ඉල්ලා සිටිමි.",229050076,2,"{'quote_count': 0, 'retweet_count': 1, 'like_count': 1, 'reply_count': 0, 'view_count': 0}",sankadon,89867,425,68,82446,6368,Tue Dec 21 11:21:51 +0000 2010,,1516398925724647428,2022-04-19 12:50:54,https://abs.twimg.com/sticky/default_profile_images/default_profile_normal.png,https://twitter.com/sankadon/status/1516398935027650564,Sri Lanka,irrelevant,China,No mention or implication of China. The post discusses local Sri Lankan ports and taxation efforts without reference to China.,irrelevant,Sri Lanka,User location is Sri Lanka.,lk,"[7.0, 81.0]",Unknown,The account has no user description.,
twitter,@P0dda @notNautE ඇයී හම්බන්තොට වරාය හැදුවාම සිංගා ගියපු ඔක්කෝම නැව් ටික එනවා කිව්වේ,462157317,3,"{'quote_count': 0, 'retweet_count': 0, 'like_count': 1, 'reply_count': 2, 'view_count': 0}",AmithMalinga,100601,5210,557,59409,1805,Thu Jan 12 16:46:08 +0000 2012,6'0 || Taurus || ☸️ || Cricket || Travel || Music 🇱🇰,1505624437441277955,2022-03-21 03:09:23,https://pbs.twimg.com/profile_images/1944384900284526594/Vf-ta8we_normal.jpg,https://twitter.com/AmithMalinga/status/1505743345951277056,"Galle,Sri lanka",irrelevant,China,No explicit mention or implication of China. The post refers to ships coming to Hambantota port but does not specify origin or involvement of China.,irrelevant,Sri Lanka,"Location given as Galle, Sri Lanka, and Sri Lankan flag emoji.",lk,"[7.0, 81.0]",Individual,Personal interests and location indicate an individual.,
twitter,"හම්බන්තොට වරාය විකුණන අලූත්ම ගිවිසුමෙන් 99 වසරකින් චීනයට ඩබල්-ටි‍්‍රබල් ගෙවා වරාය මිලදී ගන්න වෙයි.. 
@UPGammanpila 
https://t.co/3BEbDT3bdc",40320649,1,"{'quote_count': 0, 'retweet_count': 0, 'like_count': 1, 'reply_count': 0, 'view_count': 0}",Neetwit,253121,3346,2911,188683,30858,Fri May 15 20:06:00 +0000 2009,against deception of public with fabricated lies n' #sriLanka politics. Abhor ආප්ප-betrayal for power #SLpolitics,1503064557782454272,2022-03-13 17:44:50,https://pbs.twimg.com/profile_images/1511743254756147210/h7pbmrFg_normal.jpg,https://twitter.com/Neetwit/status/1503064557782454272,Colombo,negative,China,"Mentions China explicitly in context of a 99-year lease of Hambantota port to China, implying a negative sentiment about the deal as a betrayal or loss to Sri Lanka.",anger,Sri Lanka,The location 'Colombo' and the user description against deception in Sri Lankan politics indicate a Sri Lankan origin.,lk,"[7.0, 81.0]",Individual,The user description reflects personal beliefs and values.,
twitter,එන්නත්කරණයට හම්බන්තොට වරාය හදන්න වගේ මුදලක් ගියා.. https://t.co/buz5mwSNIa,230640891,2,"{'quote_count': 0, 'retweet_count': 0, 'like_count': 1, 'reply_count': 1, 'view_count': 0}",lankacnews,155260,37363,275,4,34614,Sun Dec 26 06:05:56 +0000 2010,,1451421573383024641,2021-10-22 05:34:03,https://pbs.twimg.com/profile_images/1306444519/c-news-ok-logo-2_normal.jpg,https://twitter.com/lankacnews/status/1451421573383024641,Sri Lanka,irrelevant,China,"No mention or implication of China. The post only compares vaccination costs to the cost of building Hambantota port, no reference to China.",irrelevant,Sri Lanka,"Username ""lankacnews"" suggests Sri Lanka, ""lanka"" is a common short form for Sri Lanka.",lk,"[7.0, 81.0]",Unknown,"No description, only location and username, unclear.",
twitter,"@Bandula07160007 @DjE6sRhJXFJIrCR @KMeeeaaow @KirbyslA @ShayamikaM @H_S_KandyHamu @duplicatesiri @nnalani1231 @Cats1st_ @Udayawickramar1 @mdpiyananda @pdsiriwardana @deshanlasitha7 @uruzikal @UdanaNadun @ceylonincolor @DulithK @Wasanth53468261 @ChabieHerath @KuwaitNjb @RanjitWickreme2 @officialunp @RW_UNP @anuradisanayake @GotabayaR @TDissnayaka @slppofficial @kRZyb137TROd7nL @8skcMWByyTnXuU3 @PivithuruHelaU @leaderslk @F3Il2LaKdgeaVUw @KaviSenu @wimalweerawansa @CharukaLive @TharunyataHetak @PortCityColombo @ParliamentLK @sajithpremadasa @sjbsrilanka @PodujanaParty @srilanka_police @PresRajapaksa @newsdotlk චීන ණය ගැනීම් සමාරම්භක, රට බංකොළොත් කරන ලද හම්බන්තොට වරාය වැනි ව්‍යාපෘති ආරම්භ කළ මහේන්ද්‍ර රජතුමාගේ දෙටු පුතුට රජ කිරුළට බාර දීමට නියමිත ය.",183159390,1,"{'quote_count': 0, 'retweet_count': 0, 'like_count': 1, 'reply_count': 0, 'view_count': 0}",blackaustralian,14473,1195,3632,9344,511,Thu Aug 26 08:39:05 +0000 2010,"Ex civil servant for 25 years in Aus. Foundation staffer: Asian Disaster Mgt Ctr, BKK. Political and cultural critic. Sri Lankalogist. published poet & novelist",1380085897253675010,2021-06-25 10:34:46,https://pbs.twimg.com/profile_images/1111119276/Sunil_G_s_phorto_for_Siew_wei_normal.jpg,https://twitter.com/blackaustralian/status/1408373094243205124,"Sydney, Australia",negative,China,"Mentions China in relation to Hambantota port debt and loans, with a critical tone implying that the project and debt are harmful to the country, reflecting negative sentiment towards China’s financial involvement.",sadness,Australia,"Location explicitly stated as Sydney, Australia.",au,"[-27.0, 133.0]",Individual,Personal career history and literary interests indicate an individual.,
twitter,"ඇත්තටම ලංකාව තිබුන විදිහට තිබුනා නමි ඉවරයි පාරවල් ටිකයි
සංනිවෙදනයයි දියුණු කරානම්
මත්තල, හම්බන්තොට වරාය රැස්වීම් ශාලාව.සුරියවැව ක්‍රිඩාංගනය. දියගම ක්‍රිඩාංගන.නෙලම් කුලුන. මෙම සෙරම
ණය හැබැයි එයින් වැඩක් කලෙ ටිකයි
ගසා කාපුවා වැඩියි ණය නොකළා නම්
අපෙ ලමයි පස්සේ හදා ගනියි.",1253624574467588099,1,"{'quote_count': 0, 'retweet_count': 0, 'like_count': 1, 'reply_count': 0, 'view_count': 0}",AnandaKumaras12,6573,3595,4291,13843,1559,Fri Apr 24 09:59:42 +0000 2020,"පිය සටහන් මැකී නොමැත අද
මා ආ දිගු ගමනේ
මගේම පීයවර මත පිය නගමින්
ඔබ එනු දුටුවෙමි මා ලුහු බදිමින්🌹🌹🌹",1395991075194474498,2021-05-22 06:33:03,https://pbs.twimg.com/profile_images/1291775051524501504/v6T3noGj_normal.jpg,https://twitter.com/AnandaKumaras12/status/1395991075194474498,,irrelevant,China,No direct mention or implication of China. Discusses local infrastructure and debt generally without specifying China’s role.,irrelevant,Sri Lanka,"The text is in Sinhala language and script, indicating Sri Lankan origin.",lk,"[7.0, 81.0]",Individual,Poetic and personal language implies a personal account.,
twitter,"@sjbsrilanka හම්බන්තොට වරාය විකුණන විට, ත්‍රිකුණාමලය තෙල් ටැංකි ඉන්දියාවට දෙනකොට ඒවා දේශද්‍රෝහී නෙවෙයි.රටට විදේශ විනිමය ගෙනදෙන,විදේශ ආයෝජන ගෙනෙන පෝට්සිටි පනත ක්‍රියාත්මක වීම විතරක් දේශද්‍රෝහී වෙයි.
අනේ කාලේ වනේ වාසේ කිව්වලු.",1232245795455410177,1,"{'quote_count': 0, 'retweet_count': 0, 'like_count': 1, 'reply_count': 0, 'view_count': 0}",RatnapalaH,858,11,208,466,2,Tue Feb 25 10:08:03 +0000 2020,,1395568546671890433,2021-05-21 23:34:11,https://abs.twimg.com/sticky/default_profile_images/default_profile_normal.png,https://twitter.com/RatnapalaH/status/1395885663493312512,,irrelevant,China,"No direct mention of China. Discusses selling Hambantota port and Trincomalee oil tanks to India, focusing on patriotism and foreign exchange, but China is not referenced.",irrelevant,Sri Lanka,"Username RatnapalaH is a Sinhalese name, suggesting Sri Lanka.",lk,"[7.0, 81.0]",Unknown,"No description or location, unclear identity.",
twitter,"@HwetlandsKalum @Rangana_Perera_ එච්චර දුර යන්න ඕනේ නෑ යාළුවා, දැන් @PodujanaParty පාර්ලිමේන්තු මන්ත්‍රී @ChanakaDinushan, @RajapaksaNamal එදා 1917 ජනවාරි වල හම්බන්තොට වරාය ප්‍රදේශය “චීන කොලනියක්” වෙනවා කියල කිවුවේ. 

මෙන්න සාක්ෂි 👇

https://t.co/QK6vYXohdL 

https://t.co/xpP21iwVYN",1222432619981234177,2,"{'quote_count': 0, 'retweet_count': 0, 'like_count': 1, 'reply_count': 1, 'view_count': 0}",DevinGunasinghe,3326,4250,4176,5082,201,Wed Jan 29 08:14:03 +0000 2020,l Engineer l Royalist l Sri Lanka l Australia l Husband l Father l Brother l Mutual l,1395349298947125248,2021-05-21 08:27:07,https://pbs.twimg.com/profile_images/1904577561776316416/Jh5PLTA1_normal.jpg,https://twitter.com/DevinGunasinghe/status/1395657396278624265,Australia,negative,China,"Mentions China explicitly, referring to Hambantota port area becoming a 'Chinese colony' as a negative warning, indicating a negative sentiment towards Chinese influence.",fear,Australia,"Location explicitly Australia, with mention of Sri Lanka and Australia in description.",au,"[-27.0, 133.0]",Individual,Personal details and family roles indicate an individual.,
twitter,සූරියප්පෙරුම එම කොන්ත්‍රාත්තුව මනාව මහින්ද ගේ සිත් දිනා ගනිමින් ඉටුකලේය! දැන් හම්බන්තොට වරාය නිකන්ම නිකන් මල වරායකි! එයට එන නැවක් නැත! ඊලගට රාජපක්ශලා හම්බන්තොට දැවැන්ත ගුවන් තොටුපලක් ඉදි කලේය! එයට ආ ගුවන් යානයක් නැත!,37451200,2,"{'quote_count': 0, 'retweet_count': 0, 'like_count': 1, 'reply_count': 1, 'view_count': 0}",JabozLane,18271,1261,777,21655,788,Sun May 03 16:51:59 +0000 2009,meh!,1395638910647156737,2021-05-21 07:13:41,https://pbs.twimg.com/profile_images/1260516456107778048/fzEWP_Qo_normal.jpg,https://twitter.com/JabozLane/status/1395638912740114435,Colombo Sri Lanka,irrelevant,China,"No explicit mention of China. Critiques local political projects including Hambantota port and airport, but China is not referenced.",irrelevant,Sri Lanka,Location Colombo Sri Lanka explicitly given.,lk,"[7.0, 81.0]",Individual,"Informal expression ""meh!"" suggests a personal account.",
twitter,හම්බන්තොට වරාය මහින්ද හදන විට සූරියප්පෙරුම  ඇද බෑ  පට්ටපල් බොරු මට තවත් මතකය! ලක්ශ 15 කට  රැකියා ලැබී දකුණ සුර පුරයක් වන හැටි සූරියප්පෙරුම දිව උල් කරමින් කට රෝල් කරමින් ජනයාට මවා පෙන්නුවේය! ඒ රාජපක්ශ සූරියප්පෙරුමට දුන් කොන්ත්‍රාත්තුවය!,37451200,2,"{'quote_count': 0, 'retweet_count': 0, 'like_count': 1, 'reply_count': 1, 'view_count': 0}",JabozLane,18271,1261,777,21655,788,Sun May 03 16:51:59 +0000 2009,meh!,1395638910647156737,2021-05-21 07:13:40,https://pbs.twimg.com/profile_images/1260516456107778048/fzEWP_Qo_normal.jpg,https://twitter.com/JabozLane/status/1395638910647156737,Colombo Sri Lanka,irrelevant,China,No explicit mention of China. Discusses Hambantota port and political contracts but does not mention China.,irrelevant,Sri Lanka,Location Colombo Sri Lanka explicitly given.,lk,"[7.0, 81.0]",Individual,"Informal expression ""meh!"" suggests a personal account.",
twitter,"හම්බන්තොට වරාය ගිවිසුමත් අපිට අවාසි වුණා. ත්‍රිකුණාමල තෙල් ටැංකි ගිවිසුමත් අපට අවාසි වුණා. දැන් වරාය නගර කොමිසම.

වරාය නගරය යනු ඉතා හොඳ ව්‍යාපෘතියකි. නමුත් දේශපාලකයන් තාවකාලිකව බලය උදෙසා ගනු ලබන අැතැම් තීරණ වසර ගණනාවකින් වැරදි ප්‍රතිඵලද අත්කරදිය හැකිය. 
#lka #Srilanka",2945217588,1,"{'quote_count': 0, 'retweet_count': 0, 'like_count': 1, 'reply_count': 0, 'view_count': 0}",DarNayanajith,15641,897,879,39074,231,Sat Dec 27 16:01:19 +0000 2014,BA Sp. in IR @ UOC. '2012',1394666981714923524,2021-05-18 14:51:34,https://pbs.twimg.com/profile_images/1598306761714601984/KP_WNmLM_normal.jpg,https://twitter.com/DarNayanajith/status/1394666981714923524,"Eheliyagoda, Sri Lanka",irrelevant,China,"Mentions Hambantota port and related agreements with negative implications but does not explicitly mention China, so sentiment towards China is neutral/irrelevant.",irrelevant,Sri Lanka,Location explicitly stated and university abbreviation (UOC) likely University of Colombo.,lk,"[7.0, 81.0]",Individual,Educational background and year indicate a personal account.,
twitter,"ලෙනාඩ් වුල්ප් වසර 100ට පෙර දුටු හම්බන්තොට වරාය

https://t.co/pgf7EoeSRG",1376102453402341377,1,"{'quote_count': 0, 'retweet_count': 0, 'like_count': 1, 'reply_count': 0, 'view_count': 0}",sarasavi82,16744,965,964,16864,4236,Sun Mar 28 09:23:21 +0000 2021,,1392447592609501192,2021-05-12 11:52:31,https://pbs.twimg.com/profile_images/2017518249114587136/dvLL6IO0_normal.jpg,https://twitter.com/sarasavi82/status/1392447592609501192,"Salvador, Brazil",irrelevant,China,No mention or implication of China. Historical reference to Hambantota port without China context.,irrelevant,Brazil,"Location explicitly stated as Salvador, Brazil.",br,"[-10.0, -55.0]",Unknown,No description or identifying information provided.,
twitter,"@ShayamikaM @Bandula07160007 @Cats1st_ @AlwisInoka @nnalani1231 @pdsiriwardana @KirbyslA @KMeeeaaow @deshanlasitha7 @mdpiyananda @H_S_KandyHamu @DjE6sRhJXFJIrCR @imVedda @blackaustralian @uruzikal @UdanaNadun @ceylonincolor @DulithK @Wasanth53468261 @ChabieHerath @KuwaitNjb @RanjitWickreme2 @officialunp @RW_UNP @anuradisanayake @GotabayaR @TDissnayaka @slppofficial @kRZyb137TROd7nL @8skcMWByyTnXuU3 @PivithuruHelaU @leaderslk @duplicatesiri @F3Il2LaKdgeaVUw @KaviSenu @wimalweerawansa @CharukaLive @TharunyataHetak @PortCityColombo @ParliamentLK @srilanka_police @sajithpremadasa ලී ක්වාන් යු කීවා ජේ ආර්ට(කොමිස් ගැහුවෙ නෑ) සම්පුර්ණයෙන් රට ආවරණය වෙන්න යටිතල පහසුකම් ජනතාවට දීලා ඉන්න air Lanka ගුවන් සේවයට කලින් කියලා. ඒ ගොනාගේ ඉදලා අද දක්වාම රටතුල යටිතල පහසුකම් හැදුවේ නැ එකෙක්වත්.කුට්ටිය වැඩි අධිවේගි,ගුවන් පාලම්,මත්තල,හම්බන්තොට වරාය,සැංගිලා. කුට්ටිය බරට.",1360723681840951299,4,"{'quote_count': 0, 'retweet_count': 0, 'like_count': 1, 'reply_count': 3, 'view_count': 0}",Udayawickramar1,18580,1502,4768,3688,5790,Sat Feb 13 22:53:22 +0000 2021,රටත් එක්ක හිට ගනිමු! පරිසරය රැකගමු!සත්‍ය වෙනුවෙන් පෙනී සිටිමු!දූෂිත දේශපාලුවන්ට තරාතිරම නොබලා පහර දෙමු! නිදහස් නීතිගරුක නිවහල් දේශයක් වෙනුවෙන් ඇප කැප වෙමු!,1380085897253675010,2021-05-06 11:03:09,https://pbs.twimg.com/profile_images/1594554935999332353/Yw2rNd9A_normal.jpg,https://twitter.com/Udayawickramar1/status/1390260845326868480,,neutral,China,"Mentions Hambantota port and infrastructure development, indirectly referencing Chinese involvement in infrastructure but without explicit sentiment; tone is critical of lack of development, neutral to slightly negative towards China.",disgust,Sri Lanka,Use of Sinhala language and references to Sri Lankan politics.,lk,"[7.0, 81.0]",Individual,Personal political and social activism statements suggest an individual.,
twitter,"අනික කබ්රාල් කියන විදිහට මැලේසියාව චීනෙට දීලා තියෙන්නේ අවුරුදු 599 බද්දකට නිසා අපි 99 අවුරුදු බද්දට දුන්නාට කමක් නෑලු.එහෙනම් හම්බන්තොට වරාය දුන් එක ගැන ප්‍රශ්ණයක් නෑනේ! 

අනික මහතීර් මොහමඩ් එරට චීනෙට වික්කේ නෑ. රටෙන් එළවලා දැම්මා.",1228037084,1,"{'quote_count': 0, 'retweet_count': 0, 'like_count': 1, 'reply_count': 0, 'view_count': 0}",Sapumal_Jaya,31564,835,1475,37347,4612,Thu Feb 28 17:40:45 +0000 2013,"When a man is denied the right to live the life he believes in, he has no choice but to become an outlaw.
- Mandela",1387731278909296642,2021-04-29 11:38:39,https://pbs.twimg.com/profile_images/1958251618912149504/UaUTm6uf_normal.jpg,https://twitter.com/Sapumal_Jaya/status/1387733063430455304,Sri Lanka,neutral,China,"Mentions China explicitly in context of port lease and comparison to Malaysia, with a neutral to slightly positive tone accepting the 99-year lease to China as not problematic.",neutral,Sri Lanka,Location is Sri Lanka and description fits Sri Lankan context.,lk,"[7.0, 81.0]",Individual,Personal quote and no organizational affiliation.,
twitter,"@kksooriyagoda හම්බන්තොට වරාය, මත්තල හදනකොටත් ඕකම තමයි කිව්වේ 😂",1326104182328229888,2,"{'quote_count': 0, 'retweet_count': 0, 'like_count': 1, 'reply_count': 1, 'view_count': 0}",Sharkzen1,1498,16,94,1731,20,Tue Nov 10 10:08:30 +0000 2020,king of ocean,1384120533353074689,2021-04-20 04:00:47,https://pbs.twimg.com/profile_images/1347438015761719299/iTicw_FK_normal.jpg,https://twitter.com/Sharkzen1/status/1384356345298575364,,irrelevant,China,No explicit mention of China. Refers to Hambantota port and Mattala airport with humor but no direct China reference.,irrelevant,Unknown,"Username ""Sharkzen1"" and description ""king of ocean"" are generic with no location clues.",,,Individual,"Username and phrase ""king of ocean"" suggest a personal or informal individual account.",
twitter,@irajonline හම්බන්තොට වරාය දි  අත්තිකාරම් මුදල් කොපමන ලැබුනාද ?  මාසයකට කුලිය කොපමනද ? නය ඉවර වෙන්නෙ කවදා ද? පුරවැසියන් දැනුවත් නැත .,1352172772064165894,1,"{'quote_count': 0, 'retweet_count': 0, 'like_count': 1, 'reply_count': 0, 'view_count': 0}",Sanathfernand11,104,4,137,55,5,Thu Jan 21 08:35:35 +0000 2021,Consultant,1355417507172151301,2021-02-01 15:44:05,https://pbs.twimg.com/profile_images/1352173466036953088/xGpr6INE_normal.jpg,https://twitter.com/Sanathfernand11/status/1356267081285582850,,irrelevant,China,No mention or implication of China. Questions about Hambantota port finances without reference to China.,irrelevant,Sri Lanka,Username Sanathfernand11 is a common Sri Lankan name.,lk,"[7.0, 81.0]",Individual,"Describes self as consultant, indicating a personal professional account.",
twitter,"හම්බන්තොට වරාය චීනයට දීමත් ආයෝජනයක්...! කොළඹ ජැටියක් ඉන්දියාවට දුන්නට රටේ ස්වෛරීත්වයට හානියක් නෑ....! - මහාචාර්ය රොහාන් සමරජීව...
https://t.co/XRdwvZjgB5 https://t.co/40X4oXuPJl",1087987960027467777,1,"{'quote_count': 0, 'retweet_count': 0, 'like_count': 1, 'reply_count': 0, 'view_count': 0}",Emanisa12,27144,2565,153,181,22949,Wed Jan 23 08:18:38 +0000 2019,,1355342549003751425,2021-01-30 02:30:19,https://pbs.twimg.com/profile_images/1088376207534481408/mX-vElbY_normal.jpg,https://twitter.com/Emanisa12/status/1355342549003751425,,positive,China,"Mentions Hambantota port being given to China as an investment, with a positive tone stating no harm to sovereignty, reflecting positive sentiment towards China’s involvement.",happiness,Unknown,No location or clues provided.,,,Unknown,No description or identifying information provided.,https://pbs.twimg.com/media/Es8k2AVXYAMif1M.jpg
twitter,"නාකි මයිනා ගිනි පොලියට චිණ ණය අරගෙන විනිවිදභාවය වගවීම මුල්‍ය විනය ශක්තිමත් විගණනය ටෙන්ඩර් නොමැතිව හදපු හම්බන්තොට වාරය මගින් චිනය පොහොසත් වුනා පමණක්ද?

හම්බන්තොට වරාය මගින් ලංකාවට ලැබුනු ආදයම ඩොලර් ප්‍රමාණය කුමක්ද?

මුලාශ්‍ර තොරතුරු සමගින් උත්තර දෙන්නට පුලුවන්ද? https://t.co/VXoOc7QsO4",1439013441071509504,1,"{'quote_count': 0, 'retweet_count': 0, 'like_count': 1, 'reply_count': 0, 'view_count': '12'}",SumanaAbeyseke1,58849,828,981,35883,2871,Fri Sep 17 23:48:48 +0000 2021,"#ආර්ථිකඝාතකයෝ 

රට හදන්න සුදුසුම අත්‍යවශ්‍ය යෝජනා දේශපාලන සංස්කෘතියක් උදෙසා නව යෝජනා",1843217899097575836,2024-10-07 09:12:47,https://pbs.twimg.com/profile_images/1527135126353653761/OmNkAGfs_normal.jpg,https://twitter.com/SumanaAbeyseke1/status/1843217899097575836,,negative,China,"Mentions Chinese loans and Hambantota port, questioning transparency and benefits, implying negative sentiment towards China’s role in Sri Lanka’s debt and development.",anger,India,The lack of explicit location and the user description suggest an Indian origin.,in,"[20.0, 77.0]",Individual,The user description includes personal interests and activities.,https://pbs.twimg.com/media/GZRs6SAaMAA3-Ko.jpg
twitter,"රටක ගොඩනැගිලි අධිවේගී මාර්ගය නෙලුම් කුලුන හම්බන්තොට වරාය වැනි ව්‍යපෘති ගිනි පොලියට අරගෙන විනිවිදභාවය නොමැතිව ටෙන්ඩර් නැතුව ශක්‍යතා අධ්‍යයන නොමැතිව ඉංජිනේරු විගණනය නොමැතිව කල විට රට බංකොලොත් වේ 

ඒවා වලින් පමණක් රටක් දියුණු කල නොහැකි බව නාකි මයිනා ඔප්පු කලා",1439013441071509504,1,"{'quote_count': 0, 'retweet_count': 0, 'like_count': 1, 'reply_count': 0, 'view_count': '17'}",SumanaAbeyseke1,58849,828,981,35883,2871,Fri Sep 17 23:48:48 +0000 2021,"#ආර්ථිකඝාතකයෝ 

රට හදන්න සුදුසුම අත්‍යවශ්‍ය යෝජනා දේශපාලන සංස්කෘතියක් උදෙසා නව යෝජනා",1691463026464186369,2023-08-15 14:53:06,https://pbs.twimg.com/profile_images/1527135126353653761/OmNkAGfs_normal.jpg,https://twitter.com/SumanaAbeyseke1/status/1691463026464186369,,negative,China,"Mentions Chinese loans and Hambantota port project done without transparency and proper procedures, warning about bankruptcy, reflecting negative sentiment towards China’s involvement.",fear,India,The lack of explicit location and the user description suggest an Indian origin.,in,"[20.0, 77.0]",Individual,The user description includes personal interests and activities.,
twitter,"ශ්‍රී ලංකාවට පාවී එන අර්බුදය
චීනයේ තවත් සමුද්‍ර පර්යේෂණ නෞකාවක් එළැඹෙන ඔක්තෝබර් මසදී කොළඹ සහ හම්බන්තොට වරාය වෙතට පැමිණිමට සූදානම් වන බව ඉන්දීය මාධ්‍ය වාර්තාකර තිබේ.
වැඩි විස්තර - https://t.co/KGAFq0qs1N
#srilanka #adaderanasinhala #news",183904448,1,"{'quote_count': 0, 'retweet_count': 0, 'like_count': 1, 'reply_count': 0, 'view_count': '171'}",adaderanasin,219125,197519,8,96,131222,Sat Aug 28 04:54:46 +0000 2010,"ශ්‍රී ලංකාවේ විශ්වසනීය හා ප්‍රමුඛතම පුවත් සපයන්නා
#adaderana #srilanka #news #SLnews",1691415733127790592,2023-08-15 11:45:10,https://pbs.twimg.com/profile_images/1847218956957814784/FQH7pXFD_normal.jpg,https://twitter.com/adaderanasin/status/1691415733127790592,Sri Lanka,neutral,China,"Mentions China in context of a Chinese research vessel arriving at Hambantota port, neutrally reporting Indian media, reflecting neutral sentiment towards China.",surprise,Sri Lanka,Reason: Use of Sinhala language and reference to Sri Lankan news.,lk,"[7.0, 81.0]",Media,"Identified as a leading and trusted news provider in Sri Lanka, indicating a media outlet.",
twitter,"@TuskerSri එතුමා හම්බන්තොට වරාය චීනයට දි ගත් මුදලට මොකද වුනේ?

එම මුදල් වියදම් කරපු ආකාරය විනිවිදභාවයකින් රටට හෙළිදරව් කරලා තිබේද ?

එතුමා ඒවා විනිවිදභාවයකින් රටේ අයිතිකරුවන් වන ජනතාවට පාර්ලිමේන්තුවට ඉදිරිපත් කරන්න පියවර නොගන්නේ ඇයි?",1439013441071509504,2,"{'quote_count': 0, 'retweet_count': 0, 'like_count': 1, 'reply_count': 1, 'view_count': '4'}",SumanaAbeyseke1,58849,828,981,35883,2871,Fri Sep 17 23:48:48 +0000 2021,"#ආර්ථිකඝාතකයෝ 

රට හදන්න සුදුසුම අත්‍යවශ්‍ය යෝජනා දේශපාලන සංස්කෘතියක් උදෙසා නව යෝජනා",1686572524044533760,2023-08-02 14:47:03,https://pbs.twimg.com/profile_images/1527135126353653761/OmNkAGfs_normal.jpg,https://twitter.com/SumanaAbeyseke1/status/1686750462123331584,,negative,China,"Mentions money given to China for Hambantota port and questions transparency and accountability, reflecting negative sentiment towards China’s financial dealings.",anger,India,The lack of explicit location and the user description suggest an Indian origin.,in,"[20.0, 77.0]",Individual,The user description includes personal interests and activities.,
twitter,@ssirbaddana @Wirabahu1 @KamalPe69257601 @KMeeeaaow @pjjayarathna @RatataHithathiA @Jay31989529 @DPMJayawardhan1 @sajkooler @sky2109756 @ChampiAbey @anuruddha_lka @ChathurangaHapu @exfrotezter @ChathuraVirajW1 @hettige_siri @iamBharatha @ishankaJayasin1 @samarajiva @sarojpathi @tharinduij @ashanthi_w @waw1949 @mahindasiriwar6 @KOTTANOFFICIAL යහපාලන රජය හම්බන්තොට වරාය ශ්‍රී ලංකාවට අවාසිදායක ලෙස චීනයට වසර 99 කට පැවරූ බවට ප්‍රකාශ කළ ගෝඨාභය රාජපක්ෂ ජනාධිපතිවරයා නායකත්වය දුන් කැබිනට් මණ්ඩලය යුගදනවී බලාගාරයේ කොටස් ඇමෙරිකානු සමාගමකට පැවරුවේ 2021 සැප්තැම්බර් 17 මධ්‍යම රාත්‍රියේය.,1439013441071509504,2,"{'quote_count': 0, 'retweet_count': 0, 'like_count': 1, 'reply_count': 1, 'view_count': '28'}",SumanaAbeyseke1,58849,828,981,35883,2871,Fri Sep 17 23:48:48 +0000 2021,"#ආර්ථිකඝාතකයෝ 

රට හදන්න සුදුසුම අත්‍යවශ්‍ය යෝජනා දේශපාලන සංස්කෘතියක් උදෙසා නව යෝජනා",1647965664399769600,2023-04-30 06:01:30,https://pbs.twimg.com/profile_images/1527135126353653761/OmNkAGfs_normal.jpg,https://twitter.com/SumanaAbeyseke1/status/1652553743945318400,,negative,China,"Mentions Hambantota port lease to China as harmful to Sri Lanka, quoting political leaders criticizing the deal, reflecting negative sentiment towards China.",anger,India,The lack of explicit location and the user description suggest an Indian origin.,in,"[20.0, 77.0]",Individual,The user description includes personal interests and activities.,
twitter,"“IMF ප්‍රමාදයට හේතුව හම්බන්තොට වරාය ගිවිසුම”
https://t.co/IVvdn3L1lw",3022042728,1,"{'quote_count': 0, 'retweet_count': 0, 'like_count': 1, 'reply_count': 0, 'view_count': '95'}",mawbimaonline,72960,17438,12,86,11859,Mon Feb 16 07:20:22 +0000 2015,The official Twitter account for https://t.co/AhBIxucWUk,1610098783454482434,2023-01-03 02:20:38,https://pbs.twimg.com/profile_images/1384833703025659905/Z2V1K4XD_normal.jpg,https://twitter.com/mawbimaonline/status/1610098783454482434,"Colombo, Sri Lanka",negative,China,"Mentions Hambantota port agreement as cause for IMF delays, implying negative economic impact linked to China, reflecting negative sentiment.",fear,Sri Lanka,Location explicitly stated as Colombo and name suggests Sri Lankan media.,lk,"[7.0, 81.0]",Media,"Described as the official Twitter account, likely of a media outlet.",
twitter,"තරම් මා වහලෙක් ද නොවෙමි. මම හම්බන්තොට නොවුණත් මත්තල ගුවන්තොටුපල, හම්බන්තොට වරාය සම්බන්ධව ප්‍රශංසා කර සහ විල්පත්තු වන විනාශ, බදුර්දීන් ගෙ නිවසේ මෙහෙකාර දැරිය ඝාතනය වැනි කරුණු වලදීද මා පළ කල ට්විට් වලටද පෙරදී මෙවන් කතා ඇසූ මට දුකට කරුණ නම් ඒවා යේදී නිහඩ ව සිටි වහලුන් මෙතැනදී",1058752755924455425,2,"{'quote_count': 0, 'retweet_count': 0, 'like_count': 1, 'reply_count': 1, 'view_count': 0}",Maduruwaonline,6614,2865,1786,20805,780,Sat Nov 03 16:08:22 +0000 2018,Touch/click on #Cricsl hash tag for latest cricket updates 😍✋,1467493928983150597,2021-12-05 13:59:54,https://pbs.twimg.com/profile_images/1708017671269466112/TIFxbEgN_normal.jpg,https://twitter.com/Maduruwaonline/status/1467493939385040899,Kururnegala,irrelevant,China,No mention or implication of China. Discusses local infrastructure and political issues without referencing China.,irrelevant,Sri Lanka,"Location Kurunegala is a city in Sri Lanka, and cricket hashtag #Cricsl indicates Sri Lanka.",lk,"[7.0, 81.0]",Media,Focus on cricket updates and hashtag usage suggests a media or fan page.,
twitter,"හම්බන්තොට වරාය විකුණල නැහැ. හෙට වුනත් යළි පවරා ගන්න පුළුවන් - හිටපු අගමැති
https://t.co/EuXKKDjYDn",1228037084,2,"{'quote_count': 0, 'retweet_count': 0, 'like_count': 1, 'reply_count': 1, 'view_count': 0}",Sapumal_Jaya,31564,835,1475,37347,4612,Thu Feb 28 17:40:45 +0000 2013,"When a man is denied the right to live the life he believes in, he has no choice but to become an outlaw.
- Mandela",1466378811570798601,2021-12-02 12:08:47,https://pbs.twimg.com/profile_images/1958251618912149504/UaUTm6uf_normal.jpg,https://twitter.com/Sapumal_Jaya/status/1466378811570798601,Sri Lanka,irrelevant,China,No mention or implication of China. Discusses possibility of re-taking Hambantota port without specifying China.,irrelevant,Sri Lanka,Location is Sri Lanka and description fits Sri Lankan context.,lk,"[7.0, 81.0]",Individual,Personal quote and no organizational affiliation.,
twitter,"හම්බන්තොට වරාය විකුණල නැහැ. හෙට වුනත් යළි පවරා ගන්න පුළුවන් - හිටපු අගමැති https://t.co/POsw4xxewy
@GotabayaR came to power to take it back 🤣🙃🤣🤣  @KamilaWDias @YouthSLPP @BizColombo @ViyathmagaSL",229050076,1,"{'quote_count': 0, 'retweet_count': 0, 'like_count': 1, 'reply_count': 0, 'view_count': 0}",sankadon,89867,425,68,82446,6368,Tue Dec 21 11:21:51 +0000 2010,,1466359611607293953,2021-12-02 10:52:29,https://abs.twimg.com/sticky/default_profile_images/default_profile_normal.png,https://twitter.com/sankadon/status/1466359611607293953,Sri Lanka,irrelevant,China,No mention or implication of China. Comments on political power to take back Hambantota port without direct China reference.,irrelevant,Sri Lanka,User location is Sri Lanka.,lk,"[7.0, 81.0]",Unknown,The account has no user description.,
twitter,@newsi_lk: ගිවිසුම අවලංගු කර හම්බන්තොට වරාය නැවත ලංකාවට පවරා ගන්න පුලුවන් https://t.co/Xq2kkcMWOq,910725191323475968,1,"{'quote_count': 0, 'retweet_count': 0, 'like_count': 1, 'reply_count': 0, 'view_count': 0}",newsi_lk,22425,964,49,13,1907,Thu Sep 21 04:39:40 +0000 2017,"Newsi is your news, entertainment, music website. We provide you with the latest breaking news and videos straight from the entertainment industry",1466317234905792512,2021-12-02 08:04:06,https://pbs.twimg.com/profile_images/912979077023203328/rDBGkBVP_normal.jpg,https://twitter.com/newsi_lk/status/1466317234905792512,Sri Lanka,irrelevant,China,No mention or implication of China. Discusses canceling Hambantota port agreement and returning it to Sri Lanka without explicit China mention.,irrelevant,Sri Lanka,Location Sri Lanka and description about local news and entertainment.,lk,"[7.0, 81.0]",Media,"Describes itself as a news and entertainment website, clearly media.",
twitter,@Kothwala @thnsameera හම්බන්තොට වරාය සුදු අලියෙක්? 😂,14256748,1,"{'quote_count': 0, 'retweet_count': 0, 'like_count': 0, 'reply_count': 1, 'view_count': '14'}",ishanul,12782,800,419,84093,1093,Sun Mar 30 06:50:09 +0000 2008,Passionate Technologist. Cricket 🏏 and beach 🏖 lover. Opinions are personal and mine. Likes and RT's are not endorsements.,1755600127782478152,2024-02-10 02:17:10,https://pbs.twimg.com/profile_images/1959613853941342208/IwR7S-Gp_normal.jpg,https://twitter.com/ishanul/status/1756140219177550183,,irrelevant,China,No mention or implication of China. Uses metaphor about Hambantota port without direct China reference.,irrelevant,Sri Lanka,"Description includes cricket and beach lover, common in Sri Lanka, and username is Sinhalese style.",lk,"[7.0, 81.0]",Individual,Personal interests and opinions clearly indicate an individual.,
twitter,"ඔය නාකි මහල්ලන් විකුණා ලබාගත් සල්ලි වලට මොකද වුනේ?

හම්බන්තොට වරාය විකුණා ගත් මුදල් වියදම් කරපු හැටි විනිවිදභාවයකින් රටට හෙළිදරව් නොකරන්නේ ඇයි?

ඒකට උත්තර දෙන්න පුලුවන්ද පොන්නයො",1439013441071509504,0,"{'quote_count': 0, 'retweet_count': 0, 'like_count': 0, 'reply_count': 0, 'view_count': '25'}",SumanaAbeyseke1,58849,828,981,35883,2871,Fri Sep 17 23:48:48 +0000 2021,"#ආර්ථිකඝාතකයෝ 

රට හදන්න සුදුසුම අත්‍යවශ්‍ය යෝජනා දේශපාලන සංස්කෘතියක් උදෙසා නව යෝජනා",1722882500270379038,2023-11-10 07:42:52,https://pbs.twimg.com/profile_images/1527135126353653761/OmNkAGfs_normal.jpg,https://twitter.com/SumanaAbeyseke1/status/1722882500270379038,,negative,China,"Mentions money from selling Hambantota port and lack of transparency, implying negative sentiment towards the deal involving China.",anger,India,The lack of explicit location and the user description suggest an Indian origin.,in,"[20.0, 77.0]",Individual,The user description includes personal interests and activities.,
twitter,@thnsameera පොහොට්ටුව නං ගන්නෙ නෑ. ගත්තෙත් නැහැනේ. ඇයි දැන් හම්බන්තොට වරාය පොහොට්ටුව ආවම ගත්තද? ඕවා නිකං වෛරය පතුරවන්න විපක්ෂෙ අය කියන කතා. මාලිමාවෙන් ආවොත් තමයි ගන්නේ.,1332328656308297739,0,"{'quote_count': 0, 'retweet_count': 0, 'like_count': 0, 'reply_count': 0, 'view_count': '40'}",KMeeeaaow,112635,1057,910,89647,9922,Fri Nov 27 14:21:29 +0000 2020,"Say no to Racism, anyway I'm #සැබෑ_බෞද්ධයා .
Here my POV #මතය and #දර්ශනය .

තඩි කෙබර ගහන ගැටුම්වලට මැදිහත් නොවේ. 

Targeting #Facts ,දේශපාලනය #Bayyo #LKA ♑",1639894704564338689,2023-03-26 08:06:48,https://pbs.twimg.com/profile_images/1926727109570969600/59B4NcjG_normal.jpg,https://twitter.com/KMeeeaaow/status/1639901703813353472,Elysium,irrelevant,China,No mention or implication of China. Defends Hambantota port acquisition against opposition claims without direct China reference.,irrelevant,Sri Lanka,Description includes Sinhala hashtags and references to Sri Lankan politics (#LKA).,lk,"[7.0, 81.0]",Individual,Personal point of view and political commentary suggest an individual.,
twitter,@BuduMalli රනිල්ට මඩ ගහන්නෙ වික්කා කියලා. වික්කානම් මේවා කරන්න පුළුවන්ද ? හම්බන්තොට වරාය බදු දීමක් කලේ. වසර 73කට පස්සෙ දියුණු වරායක් අනාගත ජාතියට ලැබෙයි ...... https://t.co/6g4PHBvwTN,1536679110071701509,0,"{'quote_count': 0, 'retweet_count': 0, 'like_count': 0, 'reply_count': 0, 'view_count': 0}",SachinthakaGun1,538,127,151,1286,205,Tue Jun 14 11:57:32 +0000 2022,,1557572823308087296,2022-08-11 15:48:51,https://pbs.twimg.com/profile_images/1647054975418384385/LSu5ktPY_normal.jpg,https://twitter.com/SachinthakaGun1/status/1557755936218877952,,positive,China,"The post mentions Hambantota port, which is widely known to be associated with China due to the lease agreement. The tone is somewhat neutral-positive, highlighting the development of the port after 73 years and its benefit to future generations, implying a positive sentiment towards China's involvement.",happiness,Sri Lanka,"Username SachinthakaGun1 is a Sinhalese name, suggesting Sri Lanka.",lk,"[7.0, 81.0]",Unknown,"No description or location, unclear identity.",https://pbs.twimg.com/media/FZ5CxLHXgAAXmkL.jpg
twitter,@AnomadeA @GotabayaR කොහොමද මුල් පියවර තිබ්බේ. හම්බන්තොට වරාය දීලද. 🤔,2908339393,0,"{'quote_count': 0, 'retweet_count': 0, 'like_count': 0, 'reply_count': 0, 'view_count': 0}",IamAsitha,716,89,177,281,144,Sun Nov 23 16:27:28 +0000 2014,"Sri Lankan 🇱🇰 | PhD Researcher in China 🇨🇳 | Telecom Engineer | 5G networks, wireless security, and network performance research",1396025600989618180,2021-05-22 10:53:57,https://pbs.twimg.com/profile_images/1778957893150081027/Cy5aB3e7_normal.jpg,https://twitter.com/IamAsitha/status/1396056732279853065,"Nanjing, China 🇨🇳",neutral,China,"The post mentions Hambantota port and questions the initial steps of leasing it, implying some skepticism or curiosity. Since the port lease is linked to China, the sentiment is neutral with a questioning tone.",surprise,Sri Lanka,"Although located in Nanjing, China, description states Sri Lankan nationality and research focus.",lk,"[7.0, 81.0]",Individual,Detailed academic and professional description indicating a real person.,
twitter,"එවා ඔන තරම් ඇත traparancey international කියලා ගහලා බලන්න ලංකාවේ නොම්මරය හොදින් තියෙන්නේ  ඒකවත් දන්නේ නැහැ නේද?
තමන්ගේ සුදුසුකම් මොනවාද? මම නම් මේසන් බාස් අට විතරයි

ඔය හම්බන්තොට වරාය සහ වාරය නගරය ගැන ගිවිසුම මම දන්න හැටියට පාර්ලිමේන්තුවට දමලා නැහැ නේද ?

තියෙනවා නම් කියන්න ?",1328349125025345536,0,"{'quote_count': 0, 'retweet_count': 0, 'like_count': 0, 'reply_count': 0, 'view_count': 0}",Bandula07160007,22664,1306,4319,19915,2258,Mon Nov 16 14:48:52 +0000 2020,"රටක ව්‍යවස්ථාව හැදිය යුත්තේ අති බලවත් රජකු බිහි කිරිමට නොව බලය බෙදා හැර දුෂිත රජුන් වෙතින් ජනතාව ආරක්ෂා කරගැනීමටය 
#අසාර්ථකදුෂිතපාලකයෝ #පක්ෂවහලුන්",1385857749162987521,2021-04-24 07:26:50,https://pbs.twimg.com/profile_images/1355724783338414084/H8dH8q-k_normal.jpg,https://twitter.com/Bandula07160007/status/1385857749162987521,,irrelevant,China,"The post discusses constitutional and governance issues in Sri Lanka, with no direct or implied mention of China or Chinese involvement. The focus is on local political transparency and corruption.",irrelevant,Unknown,"The user description is in Sinhala, the official language of Sri Lanka, without specifying a location.",,,Individual,The user description indicates personal identity.,
twitter,"@Cats1st_ @ShayamikaM @Udayawickramar1 @nnalani1231 @KMeeeaaow @imVedda @pdsiriwardana @Bandula07160007 @blackaustralian @deshanlasitha7 @KirbyslA @mdpiyananda @uruzikal @UdanaNadun @ceylonincolor @DulithK @Wasanth53468261 @ChabieHerath @KuwaitNjb @RanjitWickreme2 @officialunp @RW_UNP @anuradisanayake @GotabayaR @TDissnayaka @slppofficial @kRZyb137TROd7nL @8skcMWByyTnXuU3 @PivithuruHelaU @leaderslk @duplicatesiri @F3Il2LaKdgeaVUw @KaviSenu 1978 ව්‍යවස්ථාව ,මහවැලි ව්‍යාපාරය, නිදහස වෙළඳ කලාප ,නෙළුම් කුළුණ, අධිවේගී මාර්ග හම්බන්තොට වරාය හදනකොටද ඒ පක්ෂවල #පක්ෂවහලුන්  දඟලපු දැඟලිල්ල අමතකද?

මහවැලි වැඩිපුර විදුලිය ඉන්දියාවට විකිණීමටද කතා තිබුනි 

අතිත  සුන්දර සිහින කොපමණ බිඳ වැටීමෙන් ණය ගෙවන්න ණය ගන්නා රටක් බිහි විය",1359739462662516739,0,"{'quote_count': 0, 'retweet_count': 0, 'like_count': 0, 'reply_count': 0, 'view_count': 0}",DjE6sRhJXFJIrCR,7968,984,3836,5722,1420,Thu Feb 11 05:42:48 +0000 2021,"දෙන දෙයක් කාලා වෙන දෙයක් බලාගෙන ඉන්න එපා 
දුෂණ අක්‍රමිකතා අකටයුතු අවම කරන්න යම් දායකත්වයක් ෂෙයා කරලා යුතුකම් ඉටු කරන්න
ඉන්න හිටින්න රටක් අවශ්‍ය අය පමණයි",1380085897253675010,2021-04-21 01:11:11,https://pbs.twimg.com/profile_images/1359739868885098496/Lwim0yaO_normal.jpg,https://twitter.com/DjE6sRhJXFJIrCR/status/1384676052660670467,,negative,China,"The post references Hambantota port and infrastructure projects but does not explicitly mention China. However, given the context of Hambantota port, which is linked to China, the post reflects a critical tone about past political actions and debt, indirectly reflecting a negative sentiment towards Chinese-related projects.",anger,Sri Lanka,"The user description is in Sinhala, and the location is not specified.",lk,"[7.0, 81.0]",Unknown,The username and description are vague and do not provide any clear indication of the user's identity or purpose.,
twitter,"@Cats1st_ @ShayamikaM @Udayawickramar1 @nnalani1231 @KMeeeaaow @imVedda @pdsiriwardana @Bandula07160007 @blackaustralian @deshanlasitha7 @KirbyslA @mdpiyananda @uruzikal @UdanaNadun @ceylonincolor @DulithK @Wasanth53468261 @ChabieHerath @KuwaitNjb @RanjitWickreme2 @officialunp @RW_UNP @anuradisanayake @GotabayaR @TDissnayaka @slppofficial @kRZyb137TROd7nL @8skcMWByyTnXuU3 @PivithuruHelaU @leaderslk @duplicatesiri @F3Il2LaKdgeaVUw @KaviSenu 1978 ව්‍යවස්ථාව ,මහවැලි ව්‍යාපාරය, නිදහස වෙළඳ කලාප ,නෙළුම් කුළුණ, අධිවේගී මාර්ග හම්බන්තොට වරාය හදනකොටද ඒ පක්ෂවල #පක්ෂවහලුන්  දඟලපු දැඟලිල්ල අමතකද?

මහවැලි වැඩිපුර විදුලිය ඉන්දියාවට විකිණීමටද කතා තිබුනි 

අතිත  සුන්දර සිහින කොපමණ බිඳ වැටීමෙන් ණය ගෙවන්න ණය ගන්නා රටක් බිහි විය https://t.co/ni6gFVF1GE",1359739462662516739,0,"{'quote_count': 0, 'retweet_count': 0, 'like_count': 0, 'reply_count': 0, 'view_count': 0}",DjE6sRhJXFJIrCR,7968,984,3836,5722,1420,Thu Feb 11 05:42:48 +0000 2021,"දෙන දෙයක් කාලා වෙන දෙයක් බලාගෙන ඉන්න එපා 
දුෂණ අක්‍රමිකතා අකටයුතු අවම කරන්න යම් දායකත්වයක් ෂෙයා කරලා යුතුකම් ඉටු කරන්න
ඉන්න හිටින්න රටක් අවශ්‍ය අය පමණයි",1380085897253675010,2021-04-21 01:11:04,https://pbs.twimg.com/profile_images/1359739868885098496/Lwim0yaO_normal.jpg,https://twitter.com/DjE6sRhJXFJIrCR/status/1384676024084881409,,negative,China,"Duplicate of post 183, same analysis applies: indirect negative sentiment towards China due to criticism of debt and political mismanagement related to Hambantota port.",anger,Sri Lanka,"The user description is in Sinhala, and the location is not specified.",lk,"[7.0, 81.0]",Unknown,The username and description are vague and do not provide any clear indication of the user's identity or purpose.,https://pbs.twimg.com/media/EzdbgT8UUAMfoYL.jpg
twitter,"අන්න බොරු බොරු 
එම හම්බන්තොට වරාය නැවත ගන්නවා කිව්වේ යහපාලනය නේද?
පොහොට්ටු පක්ෂයේ අය එහෙම කිව්වේ නැහැ නේද පුතේ ?
ඔප්පු කරන්න මුලාශ්‍ර දමන්න මුලාශ්‍ර දමන්න 
ඔන්න මම යහපාලනය එහෙම කිව්වා කියලා පහලින් ඔප්පු කරනවා බලන්න බොරුද කියලා 

පොහොට්ටු පක්ෂයේ #පක්ෂවහලුන්ට පමනයි https://t.co/rtpYOcQOOz",1328349125025345536,0,"{'quote_count': 0, 'retweet_count': 0, 'like_count': 0, 'reply_count': 0, 'view_count': 0}",Bandula07160007,22664,1306,4319,19915,2258,Mon Nov 16 14:48:52 +0000 2020,"රටක ව්‍යවස්ථාව හැදිය යුත්තේ අති බලවත් රජකු බිහි කිරිමට නොව බලය බෙදා හැර දුෂිත රජුන් වෙතින් ජනතාව ආරක්ෂා කරගැනීමටය 
#අසාර්ථකදුෂිතපාලකයෝ #පක්ෂවහලුන්",1384332071561175041,2021-04-20 02:24:20,https://pbs.twimg.com/profile_images/1355724783338414084/H8dH8q-k_normal.jpg,https://twitter.com/Bandula07160007/status/1384332071561175041,,neutral,China,The post discusses claims about regaining Hambantota port and disputes political narratives. It indirectly references China by discussing the port lease but focuses on local political blame games. The sentiment is neutral with a critical tone towards political parties rather than China directly.,anger,Unknown,"The user description is in Sinhala, the official language of Sri Lanka, without specifying a location.",,,Individual,The user description indicates personal identity.,https://pbs.twimg.com/media/EzYirogVEAYEShC.jpg
twitter,"මුලාශ්‍ර දමන්න එම ගිවිසුම රටේ අයිතිකරුවන් වන ජනතාව  හට ප්‍රසිද්ධ කර තිබේද?

මා දන්නා පරිදි  හම්බන්තොට වරාය ගිවිසුම සහ ඔය නව වාරය නගරය ගිවිසුම ප්‍රසිද්ධියට පත් කර නැත  තිබේ නම් කියන්න
 
යහපාලනය ගෙනා තොරතුරු පනත අනුව විදේශීය ගිවිසුම් තොරතුරු ලබා ගත නොහැක 
සර් එය සංශෝධනය කරයිද?",1328349125025345536,0,"{'quote_count': 0, 'retweet_count': 0, 'like_count': 0, 'reply_count': 0, 'view_count': 0}",Bandula07160007,22664,1306,4319,19915,2258,Mon Nov 16 14:48:52 +0000 2020,"රටක ව්‍යවස්ථාව හැදිය යුත්තේ අති බලවත් රජකු බිහි කිරිමට නොව බලය බෙදා හැර දුෂිත රජුන් වෙතින් ජනතාව ආරක්ෂා කරගැනීමටය 
#අසාර්ථකදුෂිතපාලකයෝ #පක්ෂවහලුන්",1384311857050132481,2021-04-20 01:04:00,https://pbs.twimg.com/profile_images/1355724783338414084/H8dH8q-k_normal.jpg,https://twitter.com/Bandula07160007/status/1384311857050132481,,negative,China,"The post questions the transparency of the Hambantota port lease agreement, which involves China. It reflects skepticism and demands accountability, indicating a negative sentiment towards the lack of transparency in Chinese-related deals.",anger,Unknown,"The user description is in Sinhala, the official language of Sri Lanka, without specifying a location.",,,Individual,The user description indicates personal identity.,
twitter,"@ShayamikaM @mdpiyananda @Cats1st_ @Udayawickramar1 @blackaustralian @RanjitWickreme2 @pdsiriwardana @DjE6sRhJXFJIrCR @nnalani1231 @deshanlasitha7 @KirbyslA @uruzikal @UdanaNadun @ceylonincolor @DulithK @Wasanth53468261 @ChabieHerath @KuwaitNjb @officialunp @RW_UNP @anuradisanayake @GotabayaR @TDissnayaka @slppofficial @kRZyb137TROd7nL @8skcMWByyTnXuU3 @KMeeeaaow @PivithuruHelaU @leaderslk @duplicatesiri @F3Il2LaKdgeaVUw @imVedda @KaviSenu මුලාශ්‍ර දමන්න එම ගිවිසුම රටේ අයිතිකරුවන් වන ජනතාව  හට ප්‍රසිද්ධ කර තිබේද?

මා දන්නා පරිදි  හම්බන්තොට වරාය ගිවිසුම සහ ඔය නව වාරය නගරය ගිවිසුම ප්‍රසිද්ධියට පත් කර නැත  තිබේ නම් කියන්න
 
යහපාලනය ගෙනා තොරතුරු පනත අනුව විදේශීය ගිවිසුම් තොරතුරු ලබා ගත නොහැක 
සර් එය සංශෝධනය කරයිද?",1328349125025345536,0,"{'quote_count': 0, 'retweet_count': 0, 'like_count': 0, 'reply_count': 0, 'view_count': 0}",Bandula07160007,22664,1306,4319,19915,2258,Mon Nov 16 14:48:52 +0000 2020,"රටක ව්‍යවස්ථාව හැදිය යුත්තේ අති බලවත් රජකු බිහි කිරිමට නොව බලය බෙදා හැර දුෂිත රජුන් වෙතින් ජනතාව ආරක්ෂා කරගැනීමටය 
#අසාර්ථකදුෂිතපාලකයෝ #පක්ෂවහලුන්",1380085897253675010,2021-04-20 01:03:51,https://pbs.twimg.com/profile_images/1355724783338414084/H8dH8q-k_normal.jpg,https://twitter.com/Bandula07160007/status/1384311817900478464,,negative,China,"Duplicate of post 186, same analysis applies: negative sentiment due to concerns about transparency of Chinese lease agreements.",anger,Unknown,"The user description is in Sinhala, the official language of Sri Lanka, without specifying a location.",,,Individual,The user description indicates personal identity.,
twitter,"@ShayamikaM @mdpiyananda @Cats1st_ @Udayawickramar1 @nnalani1231 @DjE6sRhJXFJIrCR @pdsiriwardana @RanjitWickreme2 @blackaustralian @deshanlasitha7 @KirbyslA @uruzikal @UdanaNadun @ceylonincolor @DulithK @Wasanth53468261 @ChabieHerath @KuwaitNjb @officialunp @RW_UNP @anuradisanayake @GotabayaR @TDissnayaka @slppofficial @kRZyb137TROd7nL @8skcMWByyTnXuU3 @KMeeeaaow @PivithuruHelaU @leaderslk @duplicatesiri @F3Il2LaKdgeaVUw @imVedda @KaviSenu උඩුයටිකුරු වු #පක්ෂවහලුන්
මැතිවරණයට පෙර යහපාලනය  බැදුම්කර හොර කම යට ගහනවා කියලා ප්‍රකාශයට පත් කර බලයට පැමිණි පසු දඩුවම් දෙනවා කියලා පොරොන්දු වුනා නේද?
 යහපාලනය පාස්කු ප්‍රහාරකයන් හට දඩුවම් දෙන්න පොරොන්දු වුනා නේද?

යහපාලනය හම්බන්තොට වරාය පවරා ගැනීමට පොරොන්දු වුණා නේද?",1328349125025345536,0,"{'quote_count': 0, 'retweet_count': 0, 'like_count': 0, 'reply_count': 0, 'view_count': 0}",Bandula07160007,22664,1306,4319,19915,2258,Mon Nov 16 14:48:52 +0000 2020,"රටක ව්‍යවස්ථාව හැදිය යුත්තේ අති බලවත් රජකු බිහි කිරිමට නොව බලය බෙදා හැර දුෂිත රජුන් වෙතින් ජනතාව ආරක්ෂා කරගැනීමටය 
#අසාර්ථකදුෂිතපාලකයෝ #පක්ෂවහලුන්",1380085897253675010,2021-04-20 00:57:32,https://pbs.twimg.com/profile_images/1355724783338414084/H8dH8q-k_normal.jpg,https://twitter.com/Bandula07160007/status/1384310227126800393,,neutral,China,The post accuses political opponents of falsehoods related to Hambantota port and mentions promises about the port's control. The port's Chinese lease is implied. The tone is critical of local politics but neutral towards China itself.,anger,Unknown,"The user description is in Sinhala, the official language of Sri Lanka, without specifying a location.",,,Individual,The user description indicates personal identity.,
twitter,"උඩුයටිකුරු වු #පක්ෂවහලුන්
මැතිවරණයට පෙර යහපාලනය  බැදුම්කර හොර කම යට ගහනවා කියලා ප්‍රකාශයට පත් කර බලයට පැමිණි පසු දඩුවම් දෙනවා කියලා පොරොන්දු වුනා නේද?
 යහපාලනය පාස්කු ප්‍රහාරකයන් හට දඩුවම් දෙන්න පොරොන්දු වුනා නේද?

යහපාලනය හම්බන්තොට වරාය පවරා ගැනීමට පොරොන්දු වුණා නේද? https://t.co/rKa5ybvteT",1328349125025345536,0,"{'quote_count': 0, 'retweet_count': 0, 'like_count': 0, 'reply_count': 0, 'view_count': 0}",Bandula07160007,22664,1306,4319,19915,2258,Mon Nov 16 14:48:52 +0000 2020,"රටක ව්‍යවස්ථාව හැදිය යුත්තේ අති බලවත් රජකු බිහි කිරිමට නොව බලය බෙදා හැර දුෂිත රජුන් වෙතින් ජනතාව ආරක්ෂා කරගැනීමටය 
#අසාර්ථකදුෂිතපාලකයෝ #පක්ෂවහලුන්",1384310166535884802,2021-04-20 00:57:17,https://pbs.twimg.com/profile_images/1355724783338414084/H8dH8q-k_normal.jpg,https://twitter.com/Bandula07160007/status/1384310166535884802,,neutral,China,"Duplicate of post 188, same analysis applies: neutral sentiment towards China, critical of local political disputes.",anger,Unknown,"The user description is in Sinhala, the official language of Sri Lanka, without specifying a location.",,,Individual,The user description indicates personal identity.,https://pbs.twimg.com/media/EzYOwn3VUA0_cYm.jpg
twitter,"@ShayamikaM @nnalani1231 @Udayawickramar1 ඔය හම්බන්තොට වරාය පනත හට ඔය පොහොට්ටු පක්ෂයේ අය විරෝධය පල කරලා ජන්දය දුන්නේ නැහැ නේද ?
ඒක දන්නේ නැහැ නේද?",1328349125025345536,1,"{'quote_count': 0, 'retweet_count': 0, 'like_count': 0, 'reply_count': 1, 'view_count': 0}",Bandula07160007,22664,1306,4319,19915,2258,Mon Nov 16 14:48:52 +0000 2020,"රටක ව්‍යවස්ථාව හැදිය යුත්තේ අති බලවත් රජකු බිහි කිරිමට නොව බලය බෙදා හැර දුෂිත රජුන් වෙතින් ජනතාව ආරක්ෂා කරගැනීමටය 
#අසාර්ථකදුෂිතපාලකයෝ #පක්ෂවහලුන්",1381880859624546304,2021-04-13 12:33:04,https://pbs.twimg.com/profile_images/1355724783338414084/H8dH8q-k_normal.jpg,https://twitter.com/Bandula07160007/status/1381948552033628165,,neutral,China,"The post mentions opposition to the Hambantota port law and political resistance but does not directly mention China. Since the port lease is linked to China, the sentiment is neutral with a political focus rather than on China.",anger,Unknown,"The user description is in Sinhala, the official language of Sri Lanka, without specifying a location.",,,Individual,The user description indicates personal identity.,
twitter,"@KMeeeaaow @nnalani1231 @PLalindra @deshanlasitha7 https://t.co/Jc7S2Y4uGA
දැං සැපැද ?
බඩුමිල අඩුද?
ස්නානය කලේ නැතිද?
කෑවා නේද?
පරිප්පු මිල කොහොමද ? සැපද?
බැඳුම්කර හොරුන් ඇල්ලුවාද?
සැපැද?
පාන් කෑවාද?
පාන් බනිස් ගණන් නේද?
මගේ කාලේ කොහොමද?
හම්බන්තොට වරාය වික්කා නේද
සැපද?
අපිට බලය දෙන්න වික්කා ඔක්කොම පවරාගන්නවා
දැං සැපද?",1328349125025345536,2,"{'quote_count': 0, 'retweet_count': 1, 'like_count': 0, 'reply_count': 1, 'view_count': 0}",Bandula07160007,22664,1306,4319,19915,2258,Mon Nov 16 14:48:52 +0000 2020,"රටක ව්‍යවස්ථාව හැදිය යුත්තේ අති බලවත් රජකු බිහි කිරිමට නොව බලය බෙදා හැර දුෂිත රජුන් වෙතින් ජනතාව ආරක්ෂා කරගැනීමටය 
#අසාර්ථකදුෂිතපාලකයෝ #පක්ෂවහලුන්",1349036327732342786,2021-01-29 12:21:11,https://pbs.twimg.com/profile_images/1355724783338414084/H8dH8q-k_normal.jpg,https://twitter.com/Bandula07160007/status/1355128859931275264,,negative,China,"The post sarcastically questions the benefits of Hambantota port and refers to 'Vikka' (a derogatory term) in relation to the port and power. It implies negative sentiment towards the port lease, which is linked to China, reflecting anger and distrust.",anger,Unknown,"The user description is in Sinhala, the official language of Sri Lanka, without specifying a location.",,,Individual,The user description indicates personal identity.,
twitter,@dasungimhana2 ඔව් හම්බන්තොට වරාය අවුරුදු 99කට බදු දිනයකට විරුද්ධව මට පුළුවන් හැමදේම කරා. රනිලුත් ආර්ථික පරිවර්තන පනතෙන් රට වනසන කොට ඒකට විරුද්ධව ශ්‍රේෂ්ඨාධිකරණයේ ප්‍රධානම නඩුව ගොනු කර.  ගෝඨාභය රනිල් පටන් ගත්ත මන්නාරම ඉන්දියාවට පවරන සුළං ව්‍යාපෘති විරුද්ධව අභියාචනාධිකරණයට ගියෙත් මම,1153403739664986112,1,"{'quote_count': 0, 'retweet_count': 0, 'like_count': 0, 'reply_count': 1, 'view_count': '16'}",SankaChandima,23928,1946,4762,8848,4290,Mon Jul 22 20:37:35 +0000 2019,රට වෙනස් කරන්නේ කොහොම කියල අපි කතාකරමු. කර්මාන්ත දියුණු කරලා ආර්ථිකය හදන්නේ කොහොමද කියල හිතමු.,1912778667698335952,2025-04-17 17:20:57,https://pbs.twimg.com/profile_images/1951002960483459078/vXzbD9sj_normal.jpg,https://twitter.com/SankaChandima/status/1912919223946691046,"Divulapitiya, Sri Lanka",negative,China,"The post discusses legal challenges against economic policies including Hambantota port lease, which is linked to China. The tone is critical of government decisions and implies negative sentiment towards Chinese involvement in the port lease.",anger,Sri Lanka,"Reason: Location specified as Divulapitiya, Sri Lanka, and tweets about political issues specific to Sri Lanka.",lk,"[7.0, 81.0]",Individual,"The user description expresses a political opinion, suggesting an individual account.",
twitter,හම්බන්තොට වරාය යළි භාරයි https://t.co/pI2s4UyG2K via @YouTube https://t.co/ydoJsPDrq4,1524914575866482688,0,"{'quote_count': 0, 'retweet_count': 0, 'like_count': 0, 'reply_count': 0, 'view_count': '31'}",SachithraRanas1,1436,218,696,1488,248,Fri May 13 00:49:21 +0000 2022,About equitable infrastructure development & economic empowerment. #SriLanka,1893885086367470013,2025-02-24 04:46:05,https://pbs.twimg.com/profile_images/1838426765343232001/7ANi95yq_normal.jpg,https://twitter.com/SachithraRanas1/status/1893885086367470013,Gampaha,neutral,China,"The post mentions Hambantota port being returned or taken back, implying the lease to China. The sentiment is neutral as it simply states a fact without emotional tone.",irrelevant,Sri Lanka,The user mentions Sri Lanka in the description.,lk,"[7.0, 81.0]",Individual,Interest in infrastructure development & economic empowerment - The account appears to be a personal account.,https://pbs.twimg.com/media/GkhubnfWYAASxq4.jpg
twitter,"ආනයනය කෙරෙන වාහන පිළිගැනීමට හම්බන්තොට වරාය සැරසෙයි
#adaderanabiz #adaderana #srilankannews #businessnews #SLnews #Economics #lka #business 
https://t.co/yghepPFDyN",1031859864044093440,0,"{'quote_count': 0, 'retweet_count': 0, 'like_count': 0, 'reply_count': 0, 'view_count': '19'}",adaderanabizsin,10884,7975,12,1,1449,Tue Aug 21 11:05:37 +0000 2018,ව්‍යාපාරික ලොවේ හරය ගැඹුර දැනුම ගෙනෙන https://t.co/wwnevmLBGi,1887071291775033549,2025-02-05 09:30:30,https://pbs.twimg.com/profile_images/1496061392188628993/ul6K7EgQ_normal.jpg,https://twitter.com/adaderanabizsin/status/1887071291775033549,Sri Lanka,neutral,China,"The post talks about Hambantota port preparing for vehicle imports, a business-related update. It indirectly references China as a major trade partner but the tone is neutral and factual.",irrelevant,Sri Lanka,Location is Sri Lanka and description in Sinhala language.,lk,"[7.0, 81.0]",Unknown,Vague description about business knowledge without clear identity.,
twitter,@sarasavi82 ඒක තමයි බම් කියන්නේ මාස් ප්‍රොජෙක්ට් කරන කොට අඩුම ෆීසීබිලිටි ඇනලයිස් එකක් කරන්න ඕනි කියලා..මම දන්න ගොඩක් ප්‍රොජෙක්ට් වල ඕවා කරේ නැහැ..ඒක උඩ කරන්න වෙනවා හැම පාලකයෙක්ටම..ඇයි රනිල් හම්බන්තොට වරාය චිනේට දුන්නේ එදා..ශත පහකට වැඩක් නැති නිසා.ඒක චයිනා අය ගත්ත ගානයි වියදමයි වෙනස 🥺 think,587511829,0,"{'quote_count': 0, 'retweet_count': 0, 'like_count': 0, 'reply_count': 0, 'view_count': '5'}",rajivdayarathne,28210,1196,866,69504,824,Tue May 22 15:29:56 +0000 2012,its my style 🎧,1886753545313022049,2025-02-04 13:43:28,https://pbs.twimg.com/profile_images/1869025709701976066/WoupGG99_normal.jpg,https://twitter.com/rajivdayarathne/status/1886772566075040173,Ampara 🇱🇰 ,negative,China,The post explicitly mentions that Ranil leased Hambantota port to China and criticizes the deal as costly and ineffective. The sentiment is negative with sadness and disappointment towards China's role in the port lease.,sadness,Sri Lanka,Location Ampara with Sri Lankan flag emoji.,lk,"[7.0, 81.0]",Individual,Personal style and location indicate an individual.,
twitter,"@KavithaRatwatte රණවිරු සුපර් ස්ටාර්, හම්බන්තොට වරාය විවුර්ත කිරීමේ උත්සවයේ කරපු වැඩත් පට්ටයි. හොයල බලන්න. ඔය මම දන්න දෙකක් විතරයි. තව ඇති ඕනේ තරම්. 🤔",2584899049,0,"{'quote_count': 0, 'retweet_count': 0, 'like_count': 0, 'reply_count': 0, 'view_count': '56'}",TweetsbyNarada,15327,830,1557,17905,2143,Tue Jun 24 01:31:42 +0000 2014,"විශ්වය සැමටම යුක්තිය ඉටුවන ලස්සන ලොවක් සදම්.
Let's build a better world where justice is served for all.",1871196292254220389,2024-12-24 01:05:42,https://pbs.twimg.com/profile_images/1839292589335576576/h58Crjkn_normal.jpg,https://twitter.com/TweetsbyNarada/status/1871361575799644550,Los Angeles & Colombo,positive,China,"The post praises the opening ceremony of Hambantota port and the work done, implying a positive view of the port's development, which is linked to China. The sentiment is positive with happiness.",happiness,Sri Lanka,Location includes Colombo and description in Sinhala language.,lk,"[7.0, 81.0]",Individual,Personal mission statement and mixed location suggest an individual.,
twitter,"රටට කිසිදු ආදායමක් නොලැබිම නිසා හම්බන්තොට වරාය චිනය වෙත බදු දිම වැනි ප්‍රතිපත්ති ක්‍රියාත්මක නිසා අපට බලවත් ඉන්දියාවේ බලපැම් වලට යටත් විමට සිදු වේ 

1978 සිටම අපට මැදිහත් විදේශ ප්‍රතිපත්තියක් තිබුනද?

ඔන්න හේතුව අපෙන් ඉගෙනගන්න පුතා",1439013441071509504,1,"{'quote_count': 0, 'retweet_count': 0, 'like_count': 0, 'reply_count': 1, 'view_count': '8'}",SumanaAbeyseke1,58849,828,981,35883,2871,Fri Sep 17 23:48:48 +0000 2021,"#ආර්ථිකඝාතකයෝ 

රට හදන්න සුදුසුම අත්‍යවශ්‍ය යෝජනා දේශපාලන සංස්කෘතියක් උදෙසා නව යෝජනා",1870313046079582297,2024-12-21 03:39:13,https://pbs.twimg.com/profile_images/1527135126353653761/OmNkAGfs_normal.jpg,https://twitter.com/SumanaAbeyseke1/status/1870313046079582297,,negative,China,"The post criticizes the policy of leasing Hambantota port to China, linking it to loss of sovereignty and influence from India. The sentiment is negative with fear and anger about foreign influence.",fear,India,The lack of explicit location and the user description suggest an Indian origin.,in,"[20.0, 77.0]",Individual,The user description includes personal interests and activities.,
twitter,"රනිල් වික්‍රමසිංහ හම්බන්තොට වරාය චිනය හට බදු දි ගත්ත මුදල් වියදම් කරපු හැටි විනිවිදභාවයකින් රටේ අයිතිකරුවන් වන ජනතාව හට හෙලිදරව් නොකලේ ඇයි?

@anuradisanayake 
රට හදන්න නම් විදේශීය ණය වියදම් කරපු හැටි විනිවිදභාවයකින්  රටේ අයිතිකරුවන් වන ජනතාව වෙත ලබාදෙන්න 

නැතිනම් කෙල වෙනවා",1439013441071509504,0,"{'quote_count': 0, 'retweet_count': 0, 'like_count': 0, 'reply_count': 0, 'view_count': '25'}",SumanaAbeyseke1,58849,828,981,35883,2871,Fri Sep 17 23:48:48 +0000 2021,"#ආර්ථිකඝාතකයෝ 

රට හදන්න සුදුසුම අත්‍යවශ්‍ය යෝජනා දේශපාලන සංස්කෘතියක් උදෙසා නව යෝජනා",1870134441483612640,2024-12-20 15:49:30,https://pbs.twimg.com/profile_images/1527135126353653761/OmNkAGfs_normal.jpg,https://twitter.com/SumanaAbeyseke1/status/1870134441483612640,,negative,China,The post criticizes Ranil for leasing Hambantota port to China and lack of transparency about the financial details. The sentiment is negative with anger and distrust towards China and local governance.,anger,India,The lack of explicit location and the user description suggest an Indian origin.,in,"[20.0, 77.0]",Individual,The user description includes personal interests and activities.,
twitter,"හම්බන්තොට වරාය පරිශ්‍රයේ ජාත්‍යන්තර කර්මාන්තශාලාවක්  - නිව්ස් බුවා | News Buwa
https://t.co/9A3wRmt5BQ",1648626058776969217,0,"{'quote_count': 0, 'retweet_count': 0, 'like_count': 0, 'reply_count': 0, 'view_count': '2'}",NewsBuwa,12590,6,3,2631,4,Wed Apr 19 09:54:44 +0000 2023,Join our WhatsApp channel -  https://t.co/k5vEE4jeIt,1870008475536990675,2024-12-20 07:28:58,https://pbs.twimg.com/profile_images/1648626175366017024/Iu0oiTfD_normal.jpg,https://twitter.com/NewsBuwa/status/1870008475536990675,,neutral,China,The post mentions an international industrial zone in Hambantota port but does not mention China explicitly. The sentiment is neutral and factual.,irrelevant,Sri Lanka,"Username NewsBuwa uses ""Buwa,"" a Sinhala term, suggesting Sri Lanka.",lk,"[7.0, 81.0]",Unknown,"Promotes WhatsApp channel without clear identity, likely anonymous or info dissemination.",
twitter,"රාජපක්ෂලා හම්බන්තොට වරාය මත්තල ගුවන්තොටුපොළේ අධිවේගී මාර්ග විවෘත කරන පිස්සුව මතකද?

රාජපක්ෂලා ව්‍යපෘති වලට තමන්ගේ නම ගහගෙන නටපු පිස්සුව මතකද? https://t.co/BkCIj5kbns",1439013441071509504,0,"{'quote_count': 0, 'retweet_count': 0, 'like_count': 0, 'reply_count': 0, 'view_count': '22'}",SumanaAbeyseke1,58849,828,981,35883,2871,Fri Sep 17 23:48:48 +0000 2021,"#ආර්ථිකඝාතකයෝ 

රට හදන්න සුදුසුම අත්‍යවශ්‍ය යෝජනා දේශපාලන සංස්කෘතියක් උදෙසා නව යෝජනා",1864942733493965040,2024-12-06 07:59:31,https://pbs.twimg.com/profile_images/1527135126353653761/OmNkAGfs_normal.jpg,https://twitter.com/SumanaAbeyseke1/status/1864942733493965040,,neutral,China,"The post criticizes the Rajapaksa family for taking credit for Hambantota port and related projects, no direct mention of China. The sentiment is neutral focusing on local politics.",anger,India,The lack of explicit location and the user description suggest an Indian origin.,in,"[20.0, 77.0]",Individual,The user description includes personal interests and activities.,https://pbs.twimg.com/media/GeGbiEca8AAPMmd.jpg
twitter,"හම්බන්තොට වරාය වැඩිදියුණු කිරීමට සූදානමක්
Read more &gt;&gt;&gt; https://t.co/4bKfY5Lq7d

𝗙𝗢𝗟𝗟𝗢𝗪 𝗨𝗦 𝗢𝗡
🟠  YouTube👉 https://t.co/IEze6eVPUE

🟠 Facebook  https://t.co/WKwSif4Gh1

🟠 TikTok 👉 https://t.co/g8kFoWxndU https://t.co/toDBNQqK47",351341475,0,"{'quote_count': 0, 'retweet_count': 0, 'like_count': 0, 'reply_count': 0, 'view_count': '222'}",hirunews,106596,200662,8,111,80994,Tue Aug 09 03:29:46 +0000 2011,"Hiru News, Latest news updates and discussions from Sri Lanka. Official news portal of Asia Broadcasting Corporation.",1863468865956528580,2024-12-02 06:22:53,https://pbs.twimg.com/profile_images/1261671246846144516/PN_-1D2B_normal.jpg,https://twitter.com/hirunews/status/1863468865956528580,Colombo ,neutral,China,"The post announces plans to improve Hambantota port, no mention of China. The sentiment is neutral and factual.",irrelevant,Sri Lanka,The user is associated with Hiru News in Sri Lanka.,lk,"[7.0, 81.0]",Media,Clearly identified as a news portal providing news updates from Sri Lanka.,https://pbs.twimg.com/media/GdxfDOFWsAA5W6I.jpg
twitter,"විදෙස් ආයෝජකයින් ත්‍රිතුණාමලය සහ හම්බන්තොට වරාය ආශ්‍රිතව මෙරට ආයෝජන අවස්ථා නිරීක්ෂණය කරයි
#SriLanka #adaderanabiz #adaderana #srilankannews #businessnews #SLnews #Economics #lka #business 
https://t.co/vItRtlgfpw",1031859864044093440,0,"{'quote_count': 0, 'retweet_count': 0, 'like_count': 0, 'reply_count': 0, 'view_count': '37'}",adaderanabizsin,10884,7975,12,1,1449,Tue Aug 21 11:05:37 +0000 2018,ව්‍යාපාරික ලොවේ හරය ගැඹුර දැනුම ගෙනෙන https://t.co/wwnevmLBGi,1861267371148587370,2024-11-26 04:34:56,https://pbs.twimg.com/profile_images/1496061392188628993/ul6K7EgQ_normal.jpg,https://twitter.com/adaderanabizsin/status/1861267371148587370,Sri Lanka,neutral,China,"The post mentions foreign investors observing investment opportunities related to Hambantota port, indirectly implying China as a major investor. The tone is neutral and business-focused.",irrelevant,Sri Lanka,Location is Sri Lanka and description in Sinhala language.,lk,"[7.0, 81.0]",Unknown,Vague description about business knowledge without clear identity.,
twitter,"@MaheshaSamarat2 තෝ දන්න දේ ඔච්චරයිනේ
ISN ණය ඩොලර් බිලියන් 12ක් ගත්තා
වැල් පාලමේ යනවා කියලා සුර සැප වාහන ගත්තා කඡු විතරක් කෝටි ගානක කෑවා
රනිලා විතරක් කෝටි ගානක ඇල්ගී කෑවා
රාඡ දේපල විකුන්නා හම්බන්තොට වරාය එකක්,
අවිධිමත් පත් කිරීම් නිල නිවාස අවිආයුධ වාහන,කොච්චර මුදල් නාස්තිද.... 
තවත් කඩේ යනවා🤣🤣",1660606936537235456,0,"{'quote_count': 0, 'retweet_count': 0, 'like_count': 0, 'reply_count': 0, 'view_count': '3'}",LasithaDias89,55,0,25,88,0,Mon May 22 11:23:18 +0000 2023,,1844420003313172983,2024-10-14 04:06:28,https://pbs.twimg.com/profile_images/1660607261948133376/dULVyy52_normal.png,https://twitter.com/LasithaDias89/status/1845677526720376918,,negative,China,"The post criticizes financial mismanagement and corruption related to Hambantota port and other projects, indirectly linked to Chinese investments. The sentiment is negative with anger and disgust.",anger,Sri Lanka,Username LasithaDias89 is a common Sinhalese name.,lk,"[7.0, 81.0]",Unknown,"No description or location, unclear identity.",
twitter,"හම්බන්තොට වරාය තුළ දී සේවකයෙක් මරුට !

වැඩිදුර විස්තර &gt;&gt;&gt; https://t.co/EWbp1HHhY2

උණුසුම් පුවත් එසැනින් ඔබගේ ජංගම දුරකතනයට ලබාගන්න 🔔📷 - https://t.co/Bc3cguK2jx

#lka #News #SriLanka #HambantotaHarbur https://t.co/GhcbRyxt0c",1125334126586765312,0,"{'quote_count': 0, 'retweet_count': 0, 'like_count': 0, 'reply_count': 0, 'view_count': '33'}",CeylonNewsFact,14703,277,227,193,12727,Mon May 06 09:38:58 +0000 2019,"Trustful #News, Facts and Information about latest updates 🇱🇰 
#LKA #BreakingNews",1840258023651967464,2024-09-29 05:11:17,https://pbs.twimg.com/profile_images/1384891098695274499/DWjKW9HW_normal.png,https://twitter.com/CeylonNewsFact/status/1840258023651967464,Sri Lanka,irrelevant,China,"The post reports a worker's death at Hambantota port, no mention of China. The sentiment is irrelevant to China.",irrelevant,Sri Lanka,Location Sri Lanka and description includes Sri Lankan hashtags and flag.,lk,"[7.0, 81.0]",Media,"Describes itself as a news and facts source, indicating media.",https://pbs.twimg.com/media/GYno5YhWgAApL7z.jpg
twitter,"හම්බන්තොට වරාය තුළදී සේවකයෙක් මරුට

 More - https://t.co/Llw99RwMyc https://t.co/DzuG4lWQJP",366526379,0,"{'quote_count': 0, 'retweet_count': 0, 'like_count': 0, 'reply_count': 0, 'view_count': '287'}",LankadeepaNews,125330,89567,8,13,43117,Fri Sep 02 10:13:56 +0000 2011,Premier Breaking News Site. Most Popular Newspaper in Sri Lanka.,1840228702346498284,2024-09-29 03:14:47,https://pbs.twimg.com/profile_images/1880139138000621568/pmYtd2X1_normal.jpg,https://twitter.com/LankadeepaNews/status/1840228702346498284,Sri Lanka,irrelevant,China,"Duplicate of post 204, same analysis applies: irrelevant to China.",irrelevant,Sri Lanka,Location explicitly stated and described as a Sri Lankan news site.,lk,"[7.0, 81.0]",Media,Describes itself as a premier breaking news site and popular newspaper.,https://pbs.twimg.com/media/GYnOQJCWoAAtbcI.jpg
twitter,@Ru173418052 හම්බන්තොට වරාය විකුණපු සල්ලි රනිල් හොරකම් කරැව කියන මනුස්සයෙක් NPP ට ඡන්දෙ දෙනව කියන එක ගැන පුදුම නැ අනිත් එක ගොඨව විශ්වාස දිල වැරදුනා එක හදාගන්න දැන් අනුර විශ්වාස කරල ඡන්දෙ දෙනවලු අයියෝ මට බැ,471965986,0,"{'quote_count': 0, 'retweet_count': 0, 'like_count': 0, 'reply_count': 0, 'view_count': '35'}",jeewan229,1557,29,20,1644,178,Mon Jan 23 13:07:04 +0000 2012,"BSc Eng. University of Peradeniya, MSc ECU Australia",1834599293883208098,2024-09-16 04:59:45,https://pbs.twimg.com/profile_images/1513174966476640257/HszJ7_7b_normal.jpg,https://twitter.com/jeewan229/status/1835544078458794392,,negative,China,"The post accuses Ranil of corruption related to selling Hambantota port, indirectly referencing the Chinese lease. The sentiment is negative with anger and distrust towards China and local politicians.",anger,Sri Lanka,"Education references University of Peradeniya (Sri Lanka) and ECU Australia, indicating Sri Lankan origin.",lk,"[7.0, 81.0]",Individual,Academic credentials suggest a personal professional account.,
twitter,@Neetwit හාමුදුරුවන්ට කීයක් විතර හම්බුනාද මහා බැංකුව කඩපු ඒවා හම්බන්තොට වරාය විකුණපු සල්ලි තවම ඇති සමහරවිට ලැජ්ජයි සිවුරදාගෙන,191597158,1,"{'quote_count': 0, 'retweet_count': 0, 'like_count': 0, 'reply_count': 1, 'view_count': '8'}",Sss94704,70,103,1045,1551,16,Thu Sep 16 21:12:45 +0000 2010,,1834204191029690480,2024-09-13 04:57:39,https://pbs.twimg.com/profile_images/1608320165627985920/yc_9bxXA_normal.jpg,https://twitter.com/Sss94704/status/1834456383410122846,"Los Angeles California, USA",negative,China,"The post sarcastically mentions money from selling Hambantota port and other corrupt activities, indirectly linked to Chinese involvement. The sentiment is negative with disgust and anger.",disgust,United States,"Location Los Angeles California, USA explicitly given.",us,"[38.0, -97.0]",Unknown,"No description, location only, unclear identity.",
twitter,"නැව් අලු‍ත්වැඩියා සදහා හම්බන්තොට වරාය, කලාපයේ තේරීම බවට පත් වෙයි
Read more &gt;&gt;&gt;https://t.co/NqnlZ9s7vh
#Hirunews #HiruSinhalaNews #HiruEnglishNews #LKA #Srilanka #TruthAtAllCosts #Hambanthota #Port #HambantotaInternationalPort https://t.co/3omU2WUqSM",351341475,0,"{'quote_count': 0, 'retweet_count': 0, 'like_count': 0, 'reply_count': 0, 'view_count': '238'}",hirunews,106596,200662,8,111,80994,Tue Aug 09 03:29:46 +0000 2011,"Hiru News, Latest news updates and discussions from Sri Lanka. Official news portal of Asia Broadcasting Corporation.",1833360679287591070,2024-09-10 04:23:42,https://pbs.twimg.com/profile_images/1261671246846144516/PN_-1D2B_normal.jpg,https://twitter.com/hirunews/status/1833360679287591070,Colombo ,neutral,China,"The post mentions ship repairs and selection of Hambantota port as a regional hub, no direct mention of China. The sentiment is neutral and factual.",irrelevant,Sri Lanka,The user is associated with Hiru News in Sri Lanka.,lk,"[7.0, 81.0]",Media,Clearly identified as a news portal providing news updates from Sri Lanka.,https://pbs.twimg.com/media/GXFmdEMawAAhTA6.jpg
twitter,@LahiruPrmodiya @Dileep_Wije හම්බන්තොට වරාය ගැන මටද බන් බලන්න කිවුවේ 😂,1330878696601903104,0,"{'quote_count': 0, 'retweet_count': 0, 'like_count': 0, 'reply_count': 0, 'view_count': '16'}",mr_thilina,25411,4410,1413,23791,2614,Mon Nov 23 14:19:54 +0000 2020,"The journey of a thousand miles begins with a single step.”
Love nature unconditionally",1829067597041807445,2024-08-29 18:15:19,https://pbs.twimg.com/profile_images/2003858287796912129/QKOIfwhY_normal.jpg,https://twitter.com/mr_thilina/status/1829221307084599659,"Sri Lanka,chilaw ",irrelevant,China,The post humorously mentions Hambantota port but does not mention China. The sentiment is irrelevant to China.,irrelevant,Sri Lanka,"Location Sri Lanka, Chilaw given, and description in English but with Sri Lankan place name.",lk,"[7.0, 81.0]",Individual,Personal quote and love of nature indicate an individual.,
twitter,"@MaheshaSamarat2 @RW_SRILANKA You didn't answer my questions I asked yesterday my dear VFS scam, හම්බන්තොට වරාය විකුනපු සල්ලි, IMF එකෙන් 2023/24 අවුරුදු වල දීපු සල්ලි??? මේ සින්දු දාල අනුරාධපුරේ  මිනිස්සු ඇන්දුවාට වැඩක් නෑ ... උන්ගේ පව් අපිටත් ගෙවන්න වෙනවා චන්දේ රනිල්ට දුන්නොත්. ප්‍රශ්නෙට උත්තර ඕනේ.",1514940619457798144,1,"{'quote_count': 0, 'retweet_count': 0, 'like_count': 0, 'reply_count': 1, 'view_count': '75'}",ChampiAbey,5609,171,37,3126,2071,Fri Apr 15 12:16:20 +0000 2022,,1825013613637333335,2024-08-18 08:17:40,https://pbs.twimg.com/profile_images/1953340773652676609/Y0H97GcX_normal.jpg,https://twitter.com/ChampiAbey/status/1825084638705987788,,negative,China,"The post mentions the Hambantota port sale and IMF loans, indirectly referring to China through the port sale context. The tone is accusatory and critical, implying dissatisfaction with the financial dealings involving China. The sentiment towards China is negative, reflecting distrust and anger about the economic consequences.",anger,Sri Lanka,Username ChampiAbey is a common Sri Lankan name.,lk,"[7.0, 81.0]",Unknown,"No description or location, unclear identity.",
twitter,"@DPMJayawardhan1 බටලන්දේ කේස් එක කෝ.......?
මහ බැංකු කේස් එක.....?
හම්බන්තොට වරාය චීනෙට සින්නක්කරේට විකුනලා ඒකේ සල්ලි මහාභාන්ඩාගාරෙට ගියේ නැති සීන් නෑනේ මෙතන ....උගේ චූන් ඌට චූන් විතරයි ලොක්කා....ඔයා නිකාංම්ම නාකි වෙලා...පව්.........😜",1607923824300855296,0,"{'quote_count': 0, 'retweet_count': 0, 'like_count': 0, 'reply_count': 0, 'view_count': '12'}",RuwanMallikara1,3181,125,724,22326,627,Wed Dec 28 02:18:58 +0000 2022,,1824730028942209108,2024-08-17 10:12:21,https://pbs.twimg.com/profile_images/1614975711139303425/X822VL4d_normal.jpg,https://twitter.com/RuwanMallikara1/status/1824751111091507232,,negative,China,"The post explicitly mentions the sale of Hambantota port to China and criticizes the financial outcome, using sarcastic and mocking language. The sentiment towards China is negative, expressing distrust and anger about the deal.",anger,Unknown,No location or clues provided.,,,Unknown,No description or identifying information provided.,
twitter,@MaheshaSamarat2 හම්බන්තොට වරාය දීලා ගත්ත සල්ලි වලට මොකද වුනේ? 2023/24 අවුරුදු වල IMF එක පාස් කරපු ලෝන් වලින් මොනවද කරේ. රට සංවර්ධන කරානං 👇මේවා වෙන්නේ කොහොමද? රටක් වැටිලා තියෙන වෙලාවකදි ප්‍රභූන් කියලා  අමුතු සත්තු ජාතියකට මෙහෙම වියදම්  කරන්නේ කොහොමද? https://t.co/fTK20AhQYP,1514940619457798144,0,"{'quote_count': 0, 'retweet_count': 0, 'like_count': 0, 'reply_count': 0, 'view_count': '6'}",ChampiAbey,5609,171,37,3126,2071,Fri Apr 15 12:16:20 +0000 2022,,1824264237944017108,2024-08-17 07:47:14,https://pbs.twimg.com/profile_images/1953340773652676609/Y0H97GcX_normal.jpg,https://twitter.com/ChampiAbey/status/1824714589285781698,,negative,China,"The post questions what happened to the money from the Hambantota port deal and IMF loans, implying mismanagement and criticizing spending. China is implied through the port sale context. The sentiment is negative, reflecting frustration and suspicion.",anger,Sri Lanka,Username ChampiAbey is a common Sri Lankan name.,lk,"[7.0, 81.0]",Unknown,"No description or location, unclear identity.",https://pbs.twimg.com/media/GVKwOe2aEAQuRaP.jpg
twitter,"@sudaththa @ravinda88 හැබැයි තේරෙන භාෂාවෙන් බැරි වෙයි. තව පුළුවන් නම් හොයන්න Portcity එකට බොරු පාරිසරික ගැටලු කියලා hold කර ඒක ට අන්තිමට වන්දි ගෙව්වා, ඊළඟ ට මොන මගුල නිසා හරි හදපු හම්බන්තොට වරාය මත්තල Airport එක (මෙවා හදපු එක ගැන ලොකු ප්‍රශ්න තියෙනවා) ඔහේ නන්නත්තාර කරලා දැම්මා. වි ගබඩා 👇",396507162,1,"{'quote_count': 0, 'retweet_count': 0, 'like_count': 0, 'reply_count': 1, 'view_count': '61'}",djharristattaya,110511,7913,1628,162900,13820,Sun Oct 23 11:13:12 +0000 2011,"as i would not be a slave,
so i shall not be a master .. AB Lincoln 
#Deadmen_never_alive",1817095812335419700,2024-07-27 11:58:57,https://pbs.twimg.com/profile_images/1840014787050106880/UCjf3e2T_normal.jpg,https://twitter.com/djharristattaya/status/1817167789741732031,It's called happiest 😊😊,negative,China,"The post refers to environmental issues and delays related to the Port City and Hambantota port projects, which are Chinese-led initiatives. The tone is critical and skeptical about the projects and their management. Sentiment towards China is negative, highlighting distrust and criticism.",disgust,Thailand,"The user description includes a reference to being happy, and the lack of explicit location suggests a more Eastern influence, likely from Thailand.",th,"[15.0, 100.0]",Individual,Personal quote and informal style indicate an individual.,
twitter,“Devon 5” බහුදින ධීවර යාත්‍රාවේ අසාද්‍යව සිට දිවි බේරාගත් ධීවරයා ශ්‍රී ලංකා නාවික හමුදාවේ විජයබාහු නෞකාව මඟින් අද (01) උදෑසන හම්බන්තොට වරාය වෙත රැගෙන විත් තිබේ.  පසුව ප්‍රතිකාර සඳහා හම්බන්තොට මහ රෝහල වෙත ඔහුව ඇතුළත් කර ඇත. https://t.co/im3bP1duiz #thangalla #boatcase  #VoiceTube https://t.co/JpJbRHkc6x,1047776552249843712,0,"{'quote_count': 0, 'retweet_count': 0, 'like_count': 0, 'reply_count': 0, 'view_count': '22'}",VoiceTubelk,38616,640,511,238,36271,Thu Oct 04 09:12:51 +0000 2018,"VoiceTube is a media outlet approved by the Ministry of Mass Media of Sri Lanka, recognized in various arenas for its swift, accurate and ethical news",1807719546079293885,2024-07-01 10:15:00,https://pbs.twimg.com/profile_images/1583650134709018625/zCB9y067_normal.jpg,https://twitter.com/VoiceTubelk/status/1807719546079293885,Sri Lanka,irrelevant,China,No mention or implication of China.,irrelevant,Sri Lanka,Location is Sri Lanka and description references Sri Lankan Ministry of Mass Media.,lk,"[7.0, 81.0]",Media,Identified as a media outlet approved by a government ministry.,https://pbs.twimg.com/media/GRZL335boAAgP_4.jpg
twitter,"CHAPA on Geopolitics! JVP -  NPP, Anura හම්බන්තොට වරාය චීන්නුන්ට පාවා දෙ... https://t.co/7F7zmxvUqQ via @YouTube",2478204043,0,"{'quote_count': 0, 'retweet_count': 0, 'like_count': 0, 'reply_count': 0, 'view_count': '9'}",Chapabandara,9213,341,3,85,5380,Mon May 05 11:04:09 +0000 2014,,1793871754261406112,2024-05-24 05:08:49,https://pbs.twimg.com/profile_images/1409815721018757123/d45I2E-K_normal.jpg,https://twitter.com/Chapabandara/status/1793871754261406112,,neutral,China,"The post mentions Hambantota port being handed over to the Chinese, indicating a geopolitical context. The tone is neutral to slightly critical, reflecting awareness of Chinese involvement. Sentiment is neutral with slight negative undertones due to the political framing.",neutral,Sri Lanka,Username Chapabandara is a Sinhalese name.,lk,"[7.0, 81.0]",Unknown,"No description or location, username alone is vague and untraceable.",
twitter,14/ මිනිත්තු41 : හොඳම විහිළු සහගත  දෙය ඔහු විශාල කළුගලක් නිසා නිෂ්පල උත්සාහයක් කියූ හම්බන්තොට වරාය සේවා වාරයක් ලෙස දියුණු කරන බව කියයි..මේ වන විටත් එය එසේ වී අවසන් බව මේ අවස්ථාවාදී දේශපාලකයා අමතක කරයි,1446681001501945857,1,"{'quote_count': 0, 'retweet_count': 0, 'like_count': 0, 'reply_count': 1, 'view_count': '4'}",SamIddaSL,2233,148,75,1092,292,Sat Oct 09 03:37:04 +0000 2021,"Tech Lead @ day | Builder @ night 💻✨
📍AUS via 🇱🇰 | Raising thinkers 🧠❤️
Talking AI, systems, growth & freedom
🎯 TechDev to personal Dev — Let’s optimize",1786494850235273504,2024-05-03 20:35:45,https://pbs.twimg.com/profile_images/1446698082662424576/gg4i6HA__normal.jpg,https://twitter.com/SamIddaSL/status/1786494879259922894,Australia,negative,China,"The post sarcastically refers to the development of Hambantota port services, implying failure or unproductiveness, indirectly referencing Chinese involvement. The sentiment is negative, expressing disappointment and criticism.",disgust,Australia,"Location Australia explicitly given, with Sri Lankan origin mentioned in description.",au,"[-27.0, 133.0]",Individual,Detailed personal description with career and interests indicating a real person.,
twitter,"බහාලුම් ප්‍රතිනැව්ගතකිරීමේ වැඩකටයුතු හම්බන්තොට වරාය ආරම්භ කරයි.

වැඩිදුර කියවීමට: https://t.co/HrZSZC6krF

#LK #SriLankanCrisis #EconomicCrisisLK #HambantotaPort #transhipment #OperationBegins #mediterraneanshippingcompany #Updates #Buzzernews https://t.co/HUvyICXVXD",1607190379706855424,0,"{'quote_count': 0, 'retweet_count': 0, 'like_count': 0, 'reply_count': 0, 'view_count': '35'}",BuzzerSinhala,1740,25,40,13,1731,Mon Dec 26 01:44:02 +0000 2022,Buzzer සිංහල provides a wide range of content starting from lifestyle to politics all the unanswered questions and unknown facts will be answered and discus,1779008579531321441,2024-04-13 04:47:52,https://pbs.twimg.com/profile_images/1607191688430358528/JO2HKCTg_normal.jpg,https://twitter.com/BuzzerSinhala/status/1779008579531321441,Sri Lanka,irrelevant,China,No mention or implication of China.,irrelevant,Sri Lanka,Username and description in Sinhala language referencing Sinhala content and topics related to Sri Lanka.,lk,"[7.0, 81.0]",Media,"Provides wide range of content including politics and lifestyle, typical of a media outlet.",https://pbs.twimg.com/media/GLBOuGNXQAAdO8X.jpg
twitter,@PrabodOfficial කාගෙවත් පැත්තකට කතා කරනව නෙමෙයි. අපේ රටේ ගොඩක් පාලකයො උනත් කලින් කෙනෙක් කරපු දෙයකින් ප්‍රයෝජනයක් ගන්නේ නෑ ඒක විකුනනව මිසක් හම්බන්තොට වරාය වැඩක් නෑ කිව්වා ගල් තියෙනවා කිව්වා අන්තිමට විකුනුවා දැන් චිනා එකෙන් හොදට සල්ලි හොයනවා stadium එකටත් ඒ ටිකම තමයි,1538048706171179008,0,"{'quote_count': 0, 'retweet_count': 0, 'like_count': 0, 'reply_count': 0, 'view_count': '12'}",SupunSa50198941,389,21,139,323,14,Sat Jun 18 06:40:18 +0000 2022,,1775851665893232922,2024-04-05 09:36:01,https://pbs.twimg.com/profile_images/1688481613339144192/n03bUDBe_normal.jpg,https://twitter.com/SupunSa50198941/status/1776181994009083921,,negative,China,"The post discusses the sale of Hambantota port and mentions China making good money from it, implying a positive financial outcome for China but negative for the country. The sentiment towards China is negative, reflecting criticism of Chinese profit from the deal.",anger,Sri Lanka,"Username ""SupunSa50198941"" resembles common Sri Lankan naming style and no conflicting info.",lk,"[7.0, 81.0]",Unknown,"No description or location, username alone is vague and untraceable.",
twitter,"@TweetsbyNarada @KMeeeaaow 2019 ගෝඨාභය රජයද, 2015 යහපාලනය රජය ගැනද ඔබ පවසන්නේ?

රාජපක්ෂලාගේ විශේෂ චීන ගැතිකමක් තිබෙන් බව මට පෙන්නේ නෑ. චීනය සමග රටේ යටිතල පහසුකම් ගොඩනැගුවා. ඒ අන් රටවල් එසේ කිරීමට මැලිවන වාතාවරණයක. උදාහරණයකට හම්බන්තොට වරාය තෑනීමට ප්‍රථමයෙන්ම සාකච්ඡා කර තිබෙන්නේ ඉන්දියාව සමගයි.",1550757304022495233,1,"{'quote_count': 0, 'retweet_count': 0, 'like_count': 0, 'reply_count': 1, 'view_count': '14'}",deshahithaishi,2660,31,329,2200,96,Sat Jul 23 08:19:02 +0000 2022,,1763530723573522498,2024-03-02 19:01:57,https://abs.twimg.com/sticky/default_profile_images/default_profile_normal.png,https://twitter.com/deshahithaishi/status/1764003227769647532,,neutral,China,"The post discusses the relationship between Sri Lankan governments and China, denying special Chinese influence but acknowledging infrastructure development including Hambantota port. The tone is neutral and factual, reflecting a balanced view.",neutral,India,"The user description includes 'INDIA FOR,' indicating a strong connection to India.",in,"[20.0, 77.0]",Unknown,"The username and description are vague, suggesting it is likely a bot account.",
twitter,ඇයි බං හම්බන්තොට වරාය අපි බලයට පැමිණි විගස ගන්නවා කිව්ව රාජපක්ෂලා එය  නැවත පවරා ගැනීමටද කටයුතු කලා නේද?,1439013441071509504,0,"{'quote_count': 0, 'retweet_count': 0, 'like_count': 0, 'reply_count': 0, 'view_count': '14'}",SumanaAbeyseke1,58849,828,981,35883,2871,Fri Sep 17 23:48:48 +0000 2021,"#ආර්ථිකඝාතකයෝ 

රට හදන්න සුදුසුම අත්‍යවශ්‍ය යෝජනා දේශපාලන සංස්කෘතියක් උදෙසා නව යෝජනා",1758342241825722695,2024-02-16 04:07:13,https://pbs.twimg.com/profile_images/1527135126353653761/OmNkAGfs_normal.jpg,https://twitter.com/SumanaAbeyseke1/status/1758342241825722695,,irrelevant,China,No mention or implication of China.,irrelevant,India,The lack of explicit location and the user description suggest an Indian origin.,in,"[20.0, 77.0]",Individual,The user description includes personal interests and activities.,
twitter,"@Chathurangaab මුතුවෙන් මඩ ඕනද ? හම්බන්තොට වරාය ණය වාරික අගේට ගෙවන යද්දී අදිකාරියේ ලාබෙන්, බොරු ණය බිල්ලෙක් මවලා විකුනන්න පාර කැපුවේ කවුද ? 2015 චන්දෙ ඉල්ලන්නේ නැතුව යහපලනෙට jvp චන්ද ලක්ෂ 4/5 සෙට් කරලා යහපලානේ ගෙනාවේ කවුද ? රටටම dollar ඕන වෙලාවේ dollar එවන් එපා කියලා $bil 8 වැඩිය නැති කරේ කවුද?",726211519,0,"{'quote_count': 0, 'retweet_count': 0, 'like_count': 0, 'reply_count': 0, 'view_count': '8'}",haasampath,4747,157,255,10449,428,Mon Jul 30 14:50:41 +0000 2012,"read between the lines, then you will never regret... ""ඇත්ත තිත්ත උනාම followers ලා නෑ..."" :), දැන් බලාගත්තනේ, ස්තුතියි 😂🤣",1754195456069148992,2024-02-05 03:22:33,https://pbs.twimg.com/profile_images/1797679039270014976/lCzs1wc7_normal.jpg,https://twitter.com/haasampath/status/1754344734791987305,,neutral,China,"The post discusses financial issues related to Hambantota port loans and political blame but does not explicitly mention China. China is implied but not directly referenced, making sentiment interpretation less certain. Sentiment is neutral to negative with low confidence.",anger,Sri Lanka,Use of Sinhala language in description suggests Sri Lanka.,lk,"[7.0, 81.0]",Individual,Personal reflective statement typical of an individual user.,
twitter,"@NotJagath ඒකනේ ලංකාවේ ලොකුම විකිනිල්ල වන හම්බන්තොට වරාය, වරායඅධිකාරියේ ලාබෙන් 25% විතර නය ගේවන්යද්දී, නැති නයබිල්ලෙක් මවල, GANTRY CRANE එකක්වත් නැතුව වතුර පුරවපු වරායේ ලාභඅහලා, RWඑක්ක එකට GAMEඑකගහල  විකුනපු පක්ශේ තේරීමවෙන්නේ අපේ උගත් දරුවොන්ගේ, පොළව පෙරලෙනවා කිව්වා හාවගේ පස්සේගිය ගව රැල්ල",726211519,0,"{'quote_count': 0, 'retweet_count': 0, 'like_count': 0, 'reply_count': 0, 'view_count': '53'}",haasampath,4747,157,255,10449,428,Mon Jul 30 14:50:41 +0000 2012,"read between the lines, then you will never regret... ""ඇත්ත තිත්ත උනාම followers ලා නෑ..."" :), දැන් බලාගත්තනේ, ස්තුතියි 😂🤣",1748693069338489201,2024-01-20 14:35:18,https://pbs.twimg.com/profile_images/1797679039270014976/lCzs1wc7_normal.jpg,https://twitter.com/haasampath/status/1748715831717220585,,negative,China,The post discusses the sale of Hambantota port and financial irregularities without explicitly mentioning China. China is implied but not directly referenced. Sentiment is negative towards the deal but China’s role is indirect.,anger,Sri Lanka,Use of Sinhala language in description suggests Sri Lanka.,lk,"[7.0, 81.0]",Individual,Personal reflective statement typical of an individual user.,
twitter,හම්බන්තොට වරාය ප්‍රතිව්‍යුහගතකරණය කරන්න වුණේ ඇයි කියන එක වගේම රජය සතු ව්‍යාපාර ප්‍රතිව්‍යුහගතකරණය ගැන කොළඹ නැව් තටාකාංගණයේ හිටපු කළමනාකාර අධ්‍යක්ෂ සහ ප්‍රධාන විධායක නිලධාරී මෙන්ම ශ්‍රී ලංකා ආයෝජන මණ්ඩලයේ හිටපු සභාපති මංගල යාපා මහතා සමග කළ සාකච්ඡාව. https://t.co/S6SmGT8ThO,1691055079426805760,0,"{'quote_count': 0, 'retweet_count': 0, 'like_count': 0, 'reply_count': 0, 'view_count': '10'}",Neonmedialk,257,32,0,1,256,Mon Aug 14 11:52:14 +0000 2023,ආර්ථික හා සමාජීය නිදහස සහ ආකල්පමය වෙනසක් සඳහා එක්වන්න.,1719323855892922747,2023-10-31 12:02:05,https://pbs.twimg.com/profile_images/1734411399550611456/gXPbowD5_normal.jpg,https://twitter.com/Neonmedialk/status/1719323855892922747,"#15, Station Road, Colombo 03",neutral,China,"The post discusses restructuring Hambantota port with references to former officials and investment boards, no explicit mention of China though implied. The tone is neutral and analytical.",neutral,Sri Lanka,"Address explicitly mentions Colombo 03, a well-known area in Sri Lanka, and description in Sinhala.",lk,"[7.0, 81.0]",Organization,Location given and description about economic and social freedom suggests an advocacy or social organization.,https://pbs.twimg.com/ext_tw_video_thumb/1719323425670574080/pu/img/PmghL71YhjurH68N.jpg
twitter,"නාකි මයිනා නොහොත් රට බංකොලොත් කරපු තිරිසන් බල්ලා හම්බන්තොට වරාය ගල් කඩන්න ගිය මුදල් වලින් කරන්න තිබුණු වැඩ කොහොමද?

නාකි මයිනා කියන්නේ තිරිසන් බල්ලෙක් බව ඔප්පු කරන්න ලිපියට ඇහුම්කන් දෙන්න https://t.co/gIQenmgUFS",1439013441071509504,1,"{'quote_count': 1, 'retweet_count': 0, 'like_count': 0, 'reply_count': 0, 'view_count': '114'}",SumanaAbeyseke1,58849,828,981,35883,2871,Fri Sep 17 23:48:48 +0000 2021,"#ආර්ථිකඝාතකයෝ 

රට හදන්න සුදුසුම අත්‍යවශ්‍ය යෝජනා දේශපාලන සංස්කෘතියක් උදෙසා නව යෝජනා",1719248215323934905,2023-10-31 07:01:31,https://pbs.twimg.com/profile_images/1527135126353653761/OmNkAGfs_normal.jpg,https://twitter.com/SumanaAbeyseke1/status/1719248215323934905,,negative,China,"The post criticizes misuse of funds related to Hambantota port without explicitly mentioning China. China is implied but not directly referenced. Sentiment is negative towards mismanagement, with indirect negative towards China.",anger,India,The lack of explicit location and the user description suggest an Indian origin.,in,"[20.0, 77.0]",Individual,The user description includes personal interests and activities.,https://pbs.twimg.com/ext_tw_video_thumb/1719248160911204352/pu/img/TXxo1rTOwCN-TTvA.jpg
twitter,"@pdsiriwardana මචං නාකි මයිනා සමගින් හැට පැන්න මහල්ලන් සෙට් එකට හැරමිටි දීමනාවක් අරන් දෙන්න උද්ගෝෂණය හම්බන්තොට වරාය ලඟ මේ මාසයේ තිහ තියෙනවා

එනවා නම් කියන්න

මොකද කසිප්පු කෑම බීම දිලා රු තුන්දහස් පන්සියක් දෙනවා 

කසිප්පු ගංජා නාන්න පුළුවන්",1439013441071509504,0,"{'quote_count': 0, 'retweet_count': 0, 'like_count': 0, 'reply_count': 0, 'view_count': '7'}",SumanaAbeyseke1,58849,828,981,35883,2871,Fri Sep 17 23:48:48 +0000 2021,"#ආර්ථිකඝාතකයෝ 

රට හදන්න සුදුසුම අත්‍යවශ්‍ය යෝජනා දේශපාලන සංස්කෘතියක් උදෙසා නව යෝජනා",1717010956419801436,2023-10-25 04:23:45,https://pbs.twimg.com/profile_images/1527135126353653761/OmNkAGfs_normal.jpg,https://twitter.com/SumanaAbeyseke1/status/1717034183779107246,,irrelevant,China,No mention or implication of China.,irrelevant,India,The lack of explicit location and the user description suggest an Indian origin.,in,"[20.0, 77.0]",Individual,The user description includes personal interests and activities.,
twitter,"චිනය කරන්නේ ගිණි පොලියට ණය දි විනිවිදභාවය වගවීම ඉංජිනේරු විගණනය ටෙන්ඩර් ශක්‍යතා අධ්‍යයන නොමැතිව ණය වාරිකය ගෙවන්න ඩොලර් උපයන්නේ නැති ව්‍යපෘති කරලා ණය උගුලක අහු කරලා ණය ගෙවන්න බැරි වුණාම ව්‍යපෘති අයිති කරගන්නවා

හම්බන්තොට වරාය හට මොකද වුනේ?",1439013441071509504,1,"{'quote_count': 1, 'retweet_count': 0, 'like_count': 0, 'reply_count': 0, 'view_count': '40'}",SumanaAbeyseke1,58849,828,981,35883,2871,Fri Sep 17 23:48:48 +0000 2021,"#ආර්ථිකඝාතකයෝ 

රට හදන්න සුදුසුම අත්‍යවශ්‍ය යෝජනා දේශපාලන සංස්කෘතියක් උදෙසා නව යෝජනා",1714192487286440399,2023-10-17 08:11:51,https://pbs.twimg.com/profile_images/1527135126353653761/OmNkAGfs_normal.jpg,https://twitter.com/SumanaAbeyseke1/status/1714192487286440399,,negative,China,"The post explicitly criticizes China’s role in loan management and project failures related to Hambantota port, accusing China of poor transparency and project ownership issues. Sentiment towards China is negative, expressing distrust and blame.",anger,India,The lack of explicit location and the user description suggest an Indian origin.,in,"[20.0, 77.0]",Individual,The user description includes personal interests and activities.,
twitter,"නාකි මයිනගේ අධිවේගී මාර්ග නෙලුම් කුලුන මත්තල ගුවන් තොටුපොළ හම්බන්තොට වරාය වැනි ව්‍යපෘති වටිනාකම කතා කරපු පොහොට්ටු යහලුවන් සහ පොහොට්ටු මන්ත්‍රී වරුන් අතුරුදන් වි ඇත

සිනොපෙක් සමාගම ගැන ගුණ වයන ලද මන්ත්‍රී වරුන් අනාගතයේදී අතුරුදහන් වනු ඇත

නැවත නැවතත් රැවෙටෙමු සිංහල අපේ උරුමය එයයි",1439013441071509504,0,"{'quote_count': 0, 'retweet_count': 0, 'like_count': 0, 'reply_count': 0, 'view_count': '6'}",SumanaAbeyseke1,58849,828,981,35883,2871,Fri Sep 17 23:48:48 +0000 2021,"#ආර්ථිකඝාතකයෝ 

රට හදන්න සුදුසුම අත්‍යවශ්‍ය යෝජනා දේශපාලන සංස්කෘතියක් උදෙසා නව යෝජනා",1708698351984906422,2023-10-02 04:20:07,https://pbs.twimg.com/profile_images/1527135126353653761/OmNkAGfs_normal.jpg,https://twitter.com/SumanaAbeyseke1/status/1708698351984906422,,negative,China,"The post discusses political disappearances and issues related to Chinese company Sinopec and Hambantota port projects. The tone is critical and suspicious. Sentiment towards China is negative, reflecting distrust and concern.",fear,India,The lack of explicit location and the user description suggest an Indian origin.,in,"[20.0, 77.0]",Individual,The user description includes personal interests and activities.,
twitter,"නාකි මයිනා යහපාලනය හට භාර දුන්නේ  සංවර්ධිත රටක් නොව නාකි මයිනගේ ගිනි පොලියට ගත් ණය සමගිනි 

හම්බන්තොට වරාය හැදුවත් වාරය වෙත අත්‍යවශ්‍ය යටිතල ව්‍යුහයන් ගොඩ නගා ගැනීමට යහපාලනය හටත් මුදල් නොතිබුණි

එය චින උපක්‍රමයක් විය නොහැකිද?",1439013441071509504,1,"{'quote_count': 1, 'retweet_count': 0, 'like_count': 0, 'reply_count': 0, 'view_count': '43'}",SumanaAbeyseke1,58849,828,981,35883,2871,Fri Sep 17 23:48:48 +0000 2021,"#ආර්ථිකඝාතකයෝ 

රට හදන්න සුදුසුම අත්‍යවශ්‍ය යෝජනා දේශපාලන සංස්කෘතියක් උදෙසා නව යෝජනා",1691833445759250736,2023-08-16 15:25:00,https://pbs.twimg.com/profile_images/1527135126353653761/OmNkAGfs_normal.jpg,https://twitter.com/SumanaAbeyseke1/status/1691833445759250736,,negative,China,"The post questions whether Hambantota port development was a Chinese strategy, implying suspicion about China’s intentions. The tone is skeptical and critical. Sentiment towards China is negative, expressing distrust.",fear,India,The lack of explicit location and the user description suggest an Indian origin.,in,"[20.0, 77.0]",Individual,The user description includes personal interests and activities.,
twitter,"@pdsiriwardana @BandhiniF නාකි මයිනා ගිනි පොලියට ණය අරගෙන හම්බන්තොට වරාය හැදුවා නමුත් වාරයක් හැදුවම අත්‍යවශ්‍ය යටිතල ව්‍යුහයන් පහසුකම වලට චීනය ණය දුන්නේ නැහැ

එතන තමයි වරද?

අන්තිමේදී ණය ගෙවන්න බැරි නිසා චීනයට බදු දුන්නා 

චීන රජය කපටියා බං",1439013441071509504,1,"{'quote_count': 1, 'retweet_count': 0, 'like_count': 0, 'reply_count': 0, 'view_count': '28'}",SumanaAbeyseke1,58849,828,981,35883,2871,Fri Sep 17 23:48:48 +0000 2021,"#ආර්ථිකඝාතකයෝ 

රට හදන්න සුදුසුම අත්‍යවශ්‍ය යෝජනා දේශපාලන සංස්කෘතියක් උදෙසා නව යෝජනා",1691747945329107401,2023-08-16 13:14:34,https://pbs.twimg.com/profile_images/1527135126353653761/OmNkAGfs_normal.jpg,https://twitter.com/SumanaAbeyseke1/status/1691800621387821470,,negative,China,The post states that China did not provide loans for essential infrastructure at Hambantota port and criticizes the resulting lease to China. The tone is accusatory and negative towards China’s role. Sentiment is negative.,anger,India,The lack of explicit location and the user description suggest an Indian origin.,in,"[20.0, 77.0]",Individual,The user description includes personal interests and activities.,
twitter,"@pdsiriwardana @BandhiniF සම්බන්ධයක් තියෙනවා නේද?

නාකි මයිනා ගිනි පොලියට ගත්තේ ණය වලින් චීනයට වැඩක් වු හම්බන්තොට වරාය වෙනුවට හම්බන්තොට මොණරාගල අම්පාර දිස්ත්‍රික්ක වල කුඹුරු ටික හට ජලය දෙන්න වාරිමාර්ග පද්ධතියක් හැදුවා නම් අවශ්‍ය වී ටික වගා කෙරේ",1439013441071509504,1,"{'quote_count': 0, 'retweet_count': 0, 'like_count': 0, 'reply_count': 1, 'view_count': '13'}",SumanaAbeyseke1,58849,828,981,35883,2871,Fri Sep 17 23:48:48 +0000 2021,"#ආර්ථිකඝාතකයෝ 

රට හදන්න සුදුසුම අත්‍යවශ්‍ය යෝජනා දේශපාලන සංස්කෘතියක් උදෙසා නව යෝජනා",1691747945329107401,2023-08-16 12:56:05,https://pbs.twimg.com/profile_images/1527135126353653761/OmNkAGfs_normal.jpg,https://twitter.com/SumanaAbeyseke1/status/1691795968952582377,,negative,China,"The post contrasts the Hambantota port loan with alternative local development projects, implying criticism of Chinese loan priorities. The tone is critical and negative towards China’s involvement.",anger,India,The lack of explicit location and the user description suggest an Indian origin.,in,"[20.0, 77.0]",Individual,The user description includes personal interests and activities.,
twitter,"උඹගේ මහළු නායකයා කලෙත් ඔය ටිකම තමයි 

හම්බන්තොට වරාය චීනයට විකුණා ගත්ත සල්ලි වලට මොකද වුනේ කියලා ප්‍රසිද්ධියේ කියන්න පුලුවන්ද?

#ආර්ථිකඝාතකයෝ වෙනුවෙන් කඩේ යන ගොන් පොන්නයා වෙනුවෙනි",1439013441071509504,0,"{'quote_count': 0, 'retweet_count': 0, 'like_count': 0, 'reply_count': 0, 'view_count': '16'}",SumanaAbeyseke1,58849,828,981,35883,2871,Fri Sep 17 23:48:48 +0000 2021,"#ආර්ථිකඝාතකයෝ 

රට හදන්න සුදුසුම අත්‍යවශ්‍ය යෝජනා දේශපාලන සංස්කෘතියක් උදෙසා නව යෝජනා",1690383416305573888,2023-08-12 15:23:06,https://pbs.twimg.com/profile_images/1527135126353653761/OmNkAGfs_normal.jpg,https://twitter.com/SumanaAbeyseke1/status/1690383416305573888,,negative,China,"The post accuses a political leader of selling Hambantota port to China and demands public accountability. The tone is confrontational and critical. Sentiment towards China is negative, reflecting anger and distrust.",anger,India,The lack of explicit location and the user description suggest an Indian origin.,in,"[20.0, 77.0]",Individual,The user description includes personal interests and activities.,
twitter,"මහත්තයෝ හම්බන්තොට වරාය චීනයට විකුණා ගත් මුදල් වලට මොකද වුනේ කියලා ප්‍රසිද්ධියේ ප්‍රකාශ කරන්න පුලුවන්ද?

ඒවා වියදම් කරපු හැටි විනිවිදභාවයකින් රටට හෙළිදරව් නොකරන්නේ ඇයි?",1439013441071509504,0,"{'quote_count': 0, 'retweet_count': 0, 'like_count': 0, 'reply_count': 0, 'view_count': '16'}",SumanaAbeyseke1,58849,828,981,35883,2871,Fri Sep 17 23:48:48 +0000 2021,"#ආර්ථිකඝාතකයෝ 

රට හදන්න සුදුසුම අත්‍යවශ්‍ය යෝජනා දේශපාලන සංස්කෘතියක් උදෙසා නව යෝජනා",1686757173848682496,2023-08-02 15:13:43,https://pbs.twimg.com/profile_images/1527135126353653761/OmNkAGfs_normal.jpg,https://twitter.com/SumanaAbeyseke1/status/1686757173848682496,,negative,China,"The post demands transparency about the money from the sale of Hambantota port to China, criticizing lack of accountability. The tone is accusatory and negative. Sentiment towards China is negative, reflecting distrust.",anger,India,The lack of explicit location and the user description suggest an Indian origin.,in,"[20.0, 77.0]",Individual,The user description includes personal interests and activities.,
twitter,@ShayamikaM @thnsameera අම්මො ඒ කාලේ මත්තල රනිල් වී ගබඩා කරලා කරා හම්බන්තොට වරාය චිනෙට දුන්නා අලි කොටි ගිවිසුම 🤣🤣🤣 අද කැබිනට් එකේ දෙකට නැමිලා බයියන්ගෙ ඇමතිලත්..පව් නෙද අනුරයියි සජියයි 🤣🤣🤣,587511829,1,"{'quote_count': 0, 'retweet_count': 0, 'like_count': 0, 'reply_count': 1, 'view_count': '18'}",rajivdayarathne,28210,1196,866,69504,824,Tue May 22 15:29:56 +0000 2012,its my style 🎧,1678955876793876480,2023-07-12 04:42:22,https://pbs.twimg.com/profile_images/1869025709701976066/WoupGG99_normal.jpg,https://twitter.com/rajivdayarathne/status/1678988143721328640,Ampara 🇱🇰 ,negative,China,"The post mocks political figures involved in selling Hambantota port to China, using sarcastic and humorous language. Sentiment towards China is negative, reflecting criticism and ridicule.",disgust,Sri Lanka,Location Ampara with Sri Lankan flag emoji.,lk,"[7.0, 81.0]",Individual,Personal style and location indicate an individual.,
twitter,හම්බන්තොට වරාය ගෑස් ගබඩාවේ ගෑස් කාන්දුවක්..? https://t.co/GTaHBvWXYy,230640891,0,"{'quote_count': 0, 'retweet_count': 0, 'like_count': 0, 'reply_count': 0, 'view_count': '139'}",lankacnews,155260,37363,275,4,34614,Sun Dec 26 06:05:56 +0000 2010,,1677243189026250753,2023-07-07 09:08:32,https://pbs.twimg.com/profile_images/1306444519/c-news-ok-logo-2_normal.jpg,https://twitter.com/lankacnews/status/1677243189026250753,Sri Lanka,irrelevant,China,No mention or implication of China.,irrelevant,Sri Lanka,"Username ""lankacnews"" suggests Sri Lanka, ""lanka"" is a common short form for Sri Lanka.",lk,"[7.0, 81.0]",Unknown,"No description, only location and username, unclear.",
twitter,"@PrasadTissera හම්බන්තොට වරාය ගැන අද හොඳ කියන්නේ ,අද ලෝකෙට පේන්න එහි වටිනාකම තියෙන නිසා, එහෙම නැතුව ව්‍යාපෘති ආරම්භයේ ඉඳලම සුදු අලි පෙන්නලා, ගල් පෙන්නල ගහන්න ඕන හැම අතටම ගැහුව...., රාජපක්ෂලා ගෙන් පළිගන්න mattala මත්තල වී ගබඩා කළ කාලය  සැලසුම් සහගත වුනානම් උනානම් අද තත්ත්වය වෙනස්",1376102453402341377,1,"{'quote_count': 0, 'retweet_count': 0, 'like_count': 0, 'reply_count': 1, 'view_count': '53'}",sarasavi82,16744,965,964,16864,4236,Sun Mar 28 09:23:21 +0000 2021,,1673989582033911808,2023-06-28 10:27:29,https://pbs.twimg.com/profile_images/2017518249114587136/dvLL6IO0_normal.jpg,https://twitter.com/sarasavi82/status/1674001567718989825,"Salvador, Brazil",neutral,China,"The post praises the current value of Hambantota port despite past criticisms, indirectly referencing Chinese involvement. The tone is somewhat positive or neutral, acknowledging progress. Sentiment towards China is neutral to slightly positive.",happiness,Brazil,"Location explicitly stated as Salvador, Brazil.",br,"[-10.0, -55.0]",Unknown,No description or identifying information provided.,
twitter,නිල් තල්මසුන් හම්බන්තොට වරාය වසා දමන්නට යයි. https://t.co/LhFVS5c4JI,1509295550616969217,0,"{'quote_count': 0, 'retweet_count': 0, 'like_count': 0, 'reply_count': 0, 'view_count': '11'}",araliyaPra,887,55,967,1246,17,Wed Mar 30 22:25:34 +0000 2022,Following developments ✒️ in | Science 📡 | Tech | Global Policy | Citizen Movements | 🇱🇰 | against corruption and all forms of oppression,1670664134961287169,2023-06-19 05:25:43,https://pbs.twimg.com/profile_images/1509296180886646786/mSVoJDg__normal.jpg,https://twitter.com/araliyaPra/status/1670664134961287169,Sri Lanka,irrelevant,China,No mention or implication of China.,irrelevant,Sri Lanka,Explicitly mentions 🇱🇰 (Sri Lanka flag) and topics related to Sri Lanka.,lk,"[7.0, 81.0]",Individual,Personal interests and following developments in various fields indicate a real person.,
twitter,"හම්බන්තොට වරාය පරිශ්‍රයට තීරු බදු රහිත සාප්පු සංකීර්ණයක්
Read more&gt;&gt;&gt; https://t.co/nFsMfugtRH

FOLLOW US: ❤📷  Instagram: 📷https://t.co/9PffozOhvs  Facebook: 📷 TikTok: 📷 https://t.co/Z1YoNJ1E35 👇 https://t.co/ZSGZM3z7Qj",2669764304,0,"{'quote_count': 0, 'retweet_count': 0, 'like_count': 0, 'reply_count': 0, 'view_count': '13'}",ShaaFMLanka,120666,1727,12,51,13030,Tue Jul 22 15:36:17 +0000 2014,"FOLLOW US: ❤❤ 
Instagram: 👇
https://t.co/2IA3VintFl 
Facebook: 👇
https://t.co/6WyEa54b1z
TikTok: 👇
https://t.co/mmnpUkor4z",1668894786848210945,2023-06-14 08:14:58,https://pbs.twimg.com/profile_images/1430871993360912391/HuhV4Ok4_normal.jpg,https://twitter.com/ShaaFMLanka/status/1668894786848210945,colombo WTC,irrelevant,China,No mention or implication of China.,irrelevant,Sri Lanka,Location is Colombo WTC (World Trade Center) in Sri Lanka and username includes Lanka.,lk,"[7.0, 81.0]",Unknown,Generic social media promotion without clear identity or affiliation.,https://pbs.twimg.com/media/FykQejfWAAMiF79.png
twitter,හම්බන්තොට වරාය මිල දී ගත් චීන සමාගමෙන් කොළඹ වරායටත් දැවැන්ත ආයෝජනයක්…! https://t.co/73OC4CpvZh,569793248,0,"{'quote_count': 0, 'retweet_count': 0, 'like_count': 0, 'reply_count': 0, 'view_count': '98'}",SLNewsSinhala,182012,29300,297,4780,1910,Thu May 03 08:21:46 +0000 2012,Sri Lanka News in Sinhala (සිංහල),1653257141137072130,2023-05-02 04:36:33,https://pbs.twimg.com/profile_images/2186705495/276748_243267469038882_5089311_n_normal.jpg,https://twitter.com/SLNewsSinhala/status/1653257141137072130,,positive,China,"The post mentions a Chinese company that bought Hambantota port making a major investment in Colombo port, explicitly referencing China positively in an investment context. The sentiment towards China is positive, reflecting economic opportunity.",happiness,Sri Lanka,Username and description clearly state Sri Lanka News in Sinhala.,lk,"[7.0, 81.0]",Media,Name and description indicate a news outlet providing Sri Lanka news in Sinhala.,
twitter,"හම්බන්තොට වරාය ගැන සුබ ආරංචියක්
හම්බන්තොට ජාත්‍යන්තර වරාය හරහා දකුණු ආසියානු කලාපය තුළ තවදුරටත් ආයෝජන සිදුකිරීමට බලාපොරොත්තු වන බව එහි සභාපති මියාඕ ජියැන්මින් මහතා පවසයි. 
වැඩි විස්තර - https://t.co/PsdwFfERjn
#srilanka #adaderanasinhala #news",183904448,1,"{'quote_count': 0, 'retweet_count': 1, 'like_count': 0, 'reply_count': 0, 'view_count': '249'}",adaderanasin,219125,197519,8,96,131222,Sat Aug 28 04:54:46 +0000 2010,"ශ්‍රී ලංකාවේ විශ්වසනීය හා ප්‍රමුඛතම පුවත් සපයන්නා
#adaderana #srilanka #news #SLnews",1651622539930607625,2023-04-27 16:21:13,https://pbs.twimg.com/profile_images/1847218956957814784/FQH7pXFD_normal.jpg,https://twitter.com/adaderanasin/status/1651622539930607625,Sri Lanka,positive,China,"The post shares good news about Hambantota International Port expecting further investments in the South Asian region, quoting the chairman with a positive outlook. China is implied as the port owner. Sentiment towards China is positive, reflecting optimism and confidence.",happiness,Sri Lanka,Reason: Use of Sinhala language and reference to Sri Lankan news.,lk,"[7.0, 81.0]",Media,"Identified as a leading and trusted news provider in Sri Lanka, indicating a media outlet.",
twitter,දයා ගමගේගේ සෙවනගල සීනි ෆැක්ටරිය! චන්ද්‍රිකාගේ එයාර්ලංකා-තවක්කාල්-ටෙලිකොම්! රනිල් වික්ක හම්බන්තොට වරාය! කපිල චන්ද්‍රසේනගේ එයාර්බස්! චරිත රත්වත්තේගේ SMS! කබ්රාල්ගේ හෙජින්! සුසිල්ගේ බාල තෙල්! ෆවුසිගේ බාල පොම්ප! විනාඩි 10යි හොරකම් 20යි! VIDEO https://t.co/WLNydzf4sy,1143492329501863937,0,"{'quote_count': 0, 'retweet_count': 0, 'like_count': 0, 'reply_count': 0, 'view_count': '37'}",dawasepuwath,23238,3018,138,0,0,Tue Jun 25 12:13:11 +0000 2019,දවසේ පුවත් එසැනින් ඔබ වෙත ගෙන එන වෙබ් අඩවිය/Srilanka 24x7 Online News Web.,1642491469754662916,2023-04-02 11:37:37,https://pbs.twimg.com/profile_images/1143492404848275458/YVSQ6OTM_normal.jpg,https://twitter.com/dawasepuwath/status/1642491469754662916,"Dubai, United Arab Emirates",irrelevant,China,The post mentions Hambantota port and various local figures but does not explicitly mention or imply China. The sentiment towards China is not addressed.,irrelevant,Sri Lanka,"Although location is Dubai, description references Sri Lanka 24x7 news in Sinhala, indicating Sri Lankan origin.",lk,"[7.0, 81.0]",Media,Described as a 24x7 online news web delivering daily news.,
twitter,"@KMeeeaaow @SriNewspaper @sajkooler ඒ ජනවරම දුන්නේ රනිල් වික්‍රමසිංහ විකුණන ලද හම්බන්තොට වරාය නැවත පවරා ගෙන රාජ්ය ආයතන ආරක්ෂා කරගෙන යන්න නේද ?

උඹත් සෞභාග්‍යය පිස්සාගේ සෞභාග්‍යය දැක්ම ප්‍රකාශනය බලපං පුතා https://t.co/nDTsfVYlJc",1439013441071509504,2,"{'quote_count': 0, 'retweet_count': 0, 'like_count': 0, 'reply_count': 2, 'view_count': '23'}",SumanaAbeyseke1,58849,828,981,35883,2871,Fri Sep 17 23:48:48 +0000 2021,"#ආර්ථිකඝාතකයෝ 

රට හදන්න සුදුසුම අත්‍යවශ්‍ය යෝජනා දේශපාලන සංස්කෘතියක් උදෙසා නව යෝජනා",1620658708886994944,2023-03-30 13:02:50,https://pbs.twimg.com/profile_images/1527135126353653761/OmNkAGfs_normal.jpg,https://twitter.com/SumanaAbeyseke1/status/1641425752594976769,,irrelevant,China,The post refers to the Hambantota port being sold and taken back by the state but does not explicitly mention China. The sentiment towards China is not directly expressed.,irrelevant,India,The lack of explicit location and the user description suggest an Indian origin.,in,"[20.0, 77.0]",Individual,The user description includes personal interests and activities.,https://pbs.twimg.com/media/FseEA8uakAAQ0E5.jpg
twitter,හම්බන්තොට ප්‍රදේශයේ පාසලක අවුරුදු 12ක් වයස සිසුවියක පාසලට ඒම සදහා බස් නැවතුම්පොළක රැඳී සිටියදී සිසුවිය කාර් රථයේ  නංවාගෙන හෝටලයකට රැගෙන ගොස් දූෂණය කළේ යැයි කියන එම පාසලේම ගුරුවරයෙක් හම්බන්තොට වරාය පොලිසිය විසින් ඊයේ (29) අත්අඩංගුවට ගනු ලැබීය. අත්අඩංගුවට … https://t.co/1TQ2Oopdfn,163797399,0,"{'quote_count': 0, 'retweet_count': 0, 'like_count': 0, 'reply_count': 0, 'view_count': '108'}",gossiplanka,64195,14813,12,3,631,Wed Jul 07 08:53:27 +0000 2010,Underground News from Sri Lanka,1641291032884047875,2023-03-30 04:07:30,https://pbs.twimg.com/profile_images/447641429485961216/yyboSDeb_normal.jpeg,https://twitter.com/gossiplanka/status/1641291032884047875,Colombo,irrelevant,China,No mention or implication of China; the post discusses a local crime incident unrelated to China.,irrelevant,Sri Lanka,Location is Colombo and username references Sri Lanka.,lk,"[7.0, 81.0]",Unknown,"""Underground News"" with no clear organizational or personal identity suggests anonymous news dissemination.",
twitter,"@KMeeeaaow යහපාලනය පමණක් නොව මුල්‍ය අරමුදලේ ණය සාරාංශය තියෙන්නේ බලා ගන්න

චීන ණය හම්බන්තොට වරාය සූරියවැව ක්‍රීඩාංගණය මත්තල ගුවන් තොටුපොළ නෙලුම් කුලුන අධිවේගී මාර්ගය ඔක්කොම අසාර්ථකයි ඩොලර් වලින් අදායම් නැහැ නේද?

තවමත් ආර්ථික ඝාතකයෝ ශුද්ධ කරන නිවටයෙකු වන්නේ ඇයි හලෝ

රෙදි ඇඳගෙනද ඉන්නේ? https://t.co/RF5SNh7R4U",1439013441071509504,1,"{'quote_count': 0, 'retweet_count': 0, 'like_count': 0, 'reply_count': 1, 'view_count': '9'}",SumanaAbeyseke1,58849,828,981,35883,2871,Fri Sep 17 23:48:48 +0000 2021,"#ආර්ථිකඝාතකයෝ 

රට හදන්න සුදුසුම අත්‍යවශ්‍ය යෝජනා දේශපාලන සංස්කෘතියක් උදෙසා නව යෝජනා",1640199941992886273,2023-03-27 07:43:50,https://pbs.twimg.com/profile_images/1527135126353653761/OmNkAGfs_normal.jpg,https://twitter.com/SumanaAbeyseke1/status/1640258311592488961,,negative,China,"The post explicitly mentions Chinese loans related to Hambantota port and other projects, criticizing their failure and lack of revenue. The tone is negative towards China, highlighting economic burdens.",anger,India,The lack of explicit location and the user description suggest an Indian origin.,in,"[20.0, 77.0]",Individual,The user description includes personal interests and activities.,https://pbs.twimg.com/media/FsNePbvWcAAPUZ3.jpg
twitter,"@MahaSonaLK @IshDiaZ1 හම්බන්තොට වරාය චීනයට විකිණීමට විරුද්ධව 2017 01 8 කළ උද්ඝෝෂණයට මම නායකත්වය දුන්නේ කාගේ උවමනාවට ද? චීනය, ඉන්දියාව හෝ ඇමෙරිකාව අපේ රටට හතුරුකම් කරන සෑම විටම අපි විරුද්ධ වුණා.  ඇමෙරිකාවට විරුද්ධව කතා කරන විට පමණක් ඔබට රිදෙනවා නම් ඒක ඔබේ සාක්කුවේ ප්‍රශ්නයක් මිස මගේ ප්‍රශ්නයක් නොවේ",2547563576,1,"{'quote_count': 0, 'retweet_count': 0, 'like_count': 0, 'reply_count': 1, 'view_count': '14'}",UPGammanpila,3286,43554,45,297,2723,Thu Jun 05 07:02:02 +0000 2014,"#SriLanka #Parliamentarian, #nationalist, #environmentalist Leader @PivithuruHelaU, Edu: @DSSenanayake @MonashUni #lawyer #SoftwareEngineer",1636238280374235136,2023-03-20 09:29:16,https://pbs.twimg.com/profile_images/1856035317125423104/tNJqgdBq_normal.jpg,https://twitter.com/UPGammanpila/status/1637748128521785344,Sri Lanka,negative,China,"The post opposes the sale of Hambantota port to China and expresses nationalist and anti-foreign interference sentiment. It criticizes all foreign powers harming Sri Lanka, including China, India, and the US, but mainly focuses on China negatively.",anger,Sri Lanka,"The user description includes hashtags related to Sri Lanka and references to being a parliamentarian, suggesting a Sri Lankan origin.",lk,"[7.0, 81.0]",Individual,"The account represents an individual who is a Parliamentarian, nationalist, and environmentalist, with personal educational and professional details.",
twitter,"හම්බන්තොට වරාය ලොව හොඳ ම නාවුක සේවා මධ්‍යස්ථානයක් කරනවා..!

අනුර කුමාර දිසානායක",1531651335098994688,0,"{'quote_count': 0, 'retweet_count': 0, 'like_count': 0, 'reply_count': 0, 'view_count': '4'}",PrageethE66,2011,43,79,187,188,Tue May 31 14:58:42 +0000 2022,Motivational Human of Humor,1632271943281029121,2023-03-05 06:48:52,https://pbs.twimg.com/profile_images/1549318896712237057/39QcWNXP_normal.jpg,https://twitter.com/PrageethE66/status/1632271943281029121,,positive,China,"The post positively describes Hambantota port as becoming a good naval service center, implying a positive outlook on the port's development, which is linked to China. The sentiment towards China is indirectly positive.",happiness,Sri Lanka,Username and style common in Sri Lanka,lk,"[7.0, 81.0]",Individual,"Described as a motivational human with humor, indicating a personal account.",
twitter,"@LankaEq @HarshadeSilvaMP @anuradisanayake හම්බන්තොට වරාය බදු දෙන්න ඕනේ තමයි.. ඒවා අපිට කරන්න බෑ, කරලා ණ්‍ය ගෙවන්න බෑ. ඒක තිබ්බනම් මීට වඩා ගිලිලා 🤦🏽‍♂️ ජෙප්පෝ 🤷🏽‍♂️",7851042,1,"{'quote_count': 0, 'retweet_count': 0, 'like_count': 0, 'reply_count': 1, 'view_count': '81'}",jinath,36044,1992,619,58933,4688,Tue Jul 31 16:04:10 +0000 2007,"#srilanka Political Enthusiastic, Youtuber, Tech fanatic, Senior Solution Architect, Ex Microsoft MVP and Food geek. #lka #SJB #ශ්‍රීලංකා #colombo #cricket",1627002286592458752,2023-02-19 07:01:30,https://pbs.twimg.com/profile_images/2030398759189000192/Ta7mN74S_normal.jpg,https://twitter.com/jinath/status/1627201692977582083,"Dubai, Colombo ",negative,China,"The post suggests that Hambantota port should be leased out because Sri Lanka cannot manage or repay the debt, implying criticism of the current situation involving China. The sentiment is negative towards the Chinese-related debt burden.",sadness,Sri Lanka,"Mentions Dubai and Colombo but hashtags #lka, #SJB, #ශ්‍රීලංකා, #colombo, and Sri Lankan political interest confirm Sri Lanka origin.",lk,"[7.0, 81.0]",Individual,"Personal interests, professional background, and political enthusiasm indicate a real person.",
twitter,"නේපාලයේ පොකාරා ගුවන්තොටුපල හම්බන්තොට වරාය මෙන් තවත් චීන ණය උගුලක්ද?
https://t.co/57ZfQV17m5
#China #Nepal #pokhara @HambantotaPort https://t.co/Cng2jnuwwQ",1616988750793396224,0,"{'quote_count': 0, 'retweet_count': 0, 'like_count': 0, 'reply_count': 0, 'view_count': '44'}",AbimantreeR,719,145,26,56,102,Sun Jan 22 02:39:28 +0000 2023,,1624745141042049024,2023-02-12 12:20:02,https://pbs.twimg.com/profile_images/1616992151325343745/5qD7auVx_normal.jpg,https://twitter.com/AbimantreeR/status/1624745141042049024,,negative,China,"The post questions whether Nepal's Pokhara airport is another Chinese debt trap like Hambantota port, explicitly mentioning China negatively as a source of problematic debt.",fear,Sri Lanka,Username style and context suggest Sri Lanka,lk,"[7.0, 81.0]",Unknown,"No description or location, username alone is vague and untraceable.",https://pbs.twimg.com/media/FoxBE2caEAEQJYf.jpg
twitter,"@NewsWireLK ඔච්චරයි රනිය ඕක ගේනවා එදා හම්බන්තොට වරාය වෙනුවෙන් කීදෙනෙක් පාරට බැස්සද?, නාමල් චානක අද හිරේ ඉන්න මේජර් තුමා, ඇතුළු බොහෝ දෙනෙක් හිරේ දැම්ම වැඩේ නැවතුනාදනෑ හිනහ වෙවී හම්බන්තොට චීනට දුන්න, අද ඇමරිකාවේ තානාලතියත් එතන හිටියා රට විකුනනකොට හිනාවෙවී සන්තෝෂයෙන්, අද සල්ලිකෝ?,",1169313481,0,"{'quote_count': 0, 'retweet_count': 0, 'like_count': 0, 'reply_count': 0, 'view_count': '239'}",mohandas709,3928,52,123,2275,345,Mon Feb 11 16:04:58 +0000 2013,"Galle Road, Udupila, mirissa",1623223027596148736,2023-02-08 15:22:08,https://pbs.twimg.com/profile_images/608320582246133761/3RDpDM_0_normal.jpg,https://twitter.com/mohandas709/status/1623341418248044545,Sri Lanka,negative,China,"The post sarcastically references Hambantota port being given to China and criticizes political figures involved, implying negative sentiment towards China and the port deal.",anger,Sri Lanka,"Mentions Galle Road, Udupila, Mirissa—all locations in Sri Lanka.",lk,"[7.0, 81.0]",Individual,"Location given and no organizational description, likely a personal account.",
twitter,"පසුගිය වසරේ හම්බන්තොට වරාය හරහා ලක්ෂ 5කට වැඩියෙන් වාහන ගෙන්වයි - නැවත යවයි

වැඩිදුර තොරතුරු &gt;&gt; https://t.co/7bKVq5axcT

Join with us on Whatsapp: https://t.co/1Kujz6FtJ3",1559596465210929152,0,"{'quote_count': 0, 'retweet_count': 0, 'like_count': 0, 'reply_count': 0, 'view_count': '2'}",newsxlk,2634,6,1,0,27,Tue Aug 16 17:47:30 +0000 2022,,1616632525941805057,2023-01-21 03:03:24,https://pbs.twimg.com/profile_images/1571935200669761536/UN1ijcLs_normal.jpg,https://twitter.com/newsxlk/status/1616632525941805057,,irrelevant,China,The post mentions Hambantota port vehicle traffic statistics but does not mention China or imply sentiment towards China.,irrelevant,Sri Lanka,"Username ""newsxlk"" likely refers to Sri Lanka (lk domain).",lk,"[7.0, 81.0]",Unknown,"No description or location, username alone is vague and untraceable.",
twitter,@H_S_KandyHamu @Kas_Dunuwila අපි හදපු හයිවේ වල ඔයාලට යන්න පුළුවන් නෙලුම් කුලුන බලන්න යන්න පුළුවන් හම්බන්තොට වරාය එවා අමතකයි නෙද,587511829,0,"{'quote_count': 0, 'retweet_count': 0, 'like_count': 0, 'reply_count': 0, 'view_count': '9'}",rajivdayarathne,28210,1196,866,69504,824,Tue May 22 15:29:56 +0000 2012,its my style 🎧,1613061054434795520,2023-01-11 12:43:10,https://pbs.twimg.com/profile_images/1869025709701976066/WoupGG99_normal.jpg,https://twitter.com/rajivdayarathne/status/1613154550843871232,Ampara 🇱🇰 ,irrelevant,China,The post mentions Hambantota port and highways but does not mention China or imply sentiment towards China.,irrelevant,Sri Lanka,Location Ampara with Sri Lankan flag emoji.,lk,"[7.0, 81.0]",Individual,Personal style and location indicate an individual.,
twitter,අලුත්ම වාහන ලක්ෂ 5ක් හම්බන්තොට වරාය හරහා ප්‍රතිනැව්ගත කෙරේ… #SriLanka #lka #LNW https://t.co/a6P1TuMqdR,148638975,0,"{'quote_count': 0, 'retweet_count': 0, 'like_count': 0, 'reply_count': 0, 'view_count': 0}",lnwsrilanka,112838,2867,378,762,20626,Thu May 27 06:26:30 +0000 2010,,1602202423556120577,2022-12-12 07:23:19,https://pbs.twimg.com/profile_images/1787509607570841601/bmgtoJ7H_normal.jpg,https://twitter.com/lnwsrilanka/status/1602202423556120577,"London, England",irrelevant,China,The post mentions vehicle traffic through Hambantota port but does not mention China or imply sentiment towards China.,irrelevant,Sri Lanka,"The user description is missing, but the location is not specified.",lk,"[7.0, 81.0]",Unknown,"The username is generic and the description is missing, indicating a lack of personal or organizational identity.",
twitter,lanka C news | හම්බන්තොට වරාය හැදුවාට තවත් ඩොලර් බිලියන බාගයක් චීනයට ණයයි… https://t.co/oKoIrO9GAB නාකි.මයිනගෙ ණය  @RW_UNP leased this for 99 years what happened to that money ? @CBSL @dinidu @rowmewan1,229050076,0,"{'quote_count': 0, 'retweet_count': 0, 'like_count': 0, 'reply_count': 0, 'view_count': 0}",sankadon,89867,425,68,82446,6368,Tue Dec 21 11:21:51 +0000 2010,,1602081357228019712,2022-12-11 23:22:15,https://abs.twimg.com/sticky/default_profile_images/default_profile_normal.png,https://twitter.com/sankadon/status/1602081357228019712,Sri Lanka,negative,China,"The post explicitly mentions that a large portion of the debt for building Hambantota port is owed to China and questions the lease of the port for 99 years, reflecting negative sentiment towards China and the debt arrangement.",anger,Sri Lanka,User location is Sri Lanka.,lk,"[7.0, 81.0]",Unknown,The account has no user description.,
twitter,හම්බන්තොට වරාය හැදුවාට තවත් ඩොලර් බිලියන බාගයක් චීනයට ණයයි… https://t.co/kzAS6QvjBM,230640891,0,"{'quote_count': 0, 'retweet_count': 0, 'like_count': 0, 'reply_count': 0, 'view_count': 0}",lankacnews,155260,37363,275,4,34614,Sun Dec 26 06:05:56 +0000 2010,,1601901496685449216,2022-12-11 11:27:33,https://pbs.twimg.com/profile_images/1306444519/c-news-ok-logo-2_normal.jpg,https://twitter.com/lankacnews/status/1601901496685449216,Sri Lanka,negative,China,"The post states that a large portion of the debt for Hambantota port is owed to China, implying criticism of the financial burden. The sentiment towards China is negative.",anger,Sri Lanka,"Username ""lankacnews"" suggests Sri Lanka, ""lanka"" is a common short form for Sri Lanka.",lk,"[7.0, 81.0]",Unknown,"No description, only location and username, unclear.",
twitter,"@pdsiriwardana @HennadigeK උඹගේ නාකි මයිනා ඒ දවස්වල හම්බන්තොට වරාය විකුණාගෙන කනවා කියලා ප්‍රසිද්ධියේ මැරෙන්න ගියා නේද බං?

රනිල් රාජ්ය දේපළ විකුණනවා කියලා සෞභාග්‍යය පිස්සාගේ සෞභාග්‍යය දැක්මට කඩේ ගියා නේද?

නාකි මයිනා හම්බන්තොට වරාය නැවත පවරාගන්නවා කිව්වා නේද?

උඹට අමතකද?",1439013441071509504,0,"{'quote_count': 0, 'retweet_count': 0, 'like_count': 0, 'reply_count': 0, 'view_count': 0}",SumanaAbeyseke1,58849,828,981,35883,2871,Fri Sep 17 23:48:48 +0000 2021,"#ආර්ථිකඝාතකයෝ 

රට හදන්න සුදුසුම අත්‍යවශ්‍ය යෝජනා දේශපාලන සංස්කෘතියක් උදෙසා නව යෝජනා",1600852749704306689,2022-12-09 11:14:34,https://pbs.twimg.com/profile_images/1527135126353653761/OmNkAGfs_normal.jpg,https://twitter.com/SumanaAbeyseke1/status/1601173454673575938,,negative,China,"The post accuses political figures of selling Hambantota port and implies negative consequences related to China, reflecting negative sentiment towards China and the port deal.",anger,India,The lack of explicit location and the user description suggest an Indian origin.,in,"[20.0, 77.0]",Individual,The user description includes personal interests and activities.,
twitter,"උඹගේ නාකි මයිනා ඒ දවස්වල හම්බන්තොට වරාය විකුණාගෙන කනවා කියලා ප්‍රසිද්ධියේ මැරෙන්න ගියා නේද බං?

රනිල් රාජ්ය දේපළ විකුණනවා කියලා සෞභාග්‍යය පිස්සාගේ සෞභාග්‍යය දැක්මට කඩේ ගියා නේද?

නාකි මයිනා හම්බන්තොට වරාය නැවත පවරාගන්නවා කිව්වා නේද?

උඹට අමතකද?",1439013441071509504,0,"{'quote_count': 0, 'retweet_count': 0, 'like_count': 0, 'reply_count': 0, 'view_count': 0}",SumanaAbeyseke1,58849,828,981,35883,2871,Fri Sep 17 23:48:48 +0000 2021,"#ආර්ථිකඝාතකයෝ 

රට හදන්න සුදුසුම අත්‍යවශ්‍ය යෝජනා දේශපාලන සංස්කෘතියක් උදෙසා නව යෝජනා",1601173421194612736,2022-12-09 11:14:26,https://pbs.twimg.com/profile_images/1527135126353653761/OmNkAGfs_normal.jpg,https://twitter.com/SumanaAbeyseke1/status/1601173421194612736,,negative,China,Duplicate of post 254 with the same negative sentiment towards China and the port deal.,anger,India,The lack of explicit location and the user description suggest an Indian origin.,in,"[20.0, 77.0]",Individual,The user description includes personal interests and activities.,
twitter,"@irajonline රජයට කොපමන ලැබුනත් හැමදාම නෑ, එදා රනිල් හම්බන්තොට වරාය විකුණා ගත් ඩොලර් මහාභාණ්ඩාගාරයේත්නෑ, කොහේවත්නෑ, මේ ලැබෙන ඩොලර් වලටත් වෙන්නේ ඒකතමයි, භාණ්ඩාගාරෙත්නෑ, මහාබැංකුවෙත්නෑ, අන්තිමේ රනිල්ගේ සාක්කුවේ.",1169313481,1,"{'quote_count': 0, 'retweet_count': 0, 'like_count': 0, 'reply_count': 1, 'view_count': 0}",mohandas709,3928,52,123,2275,345,Mon Feb 11 16:04:58 +0000 2013,"Galle Road, Udupila, mirissa",1593863549117685760,2022-11-20 04:50:40,https://pbs.twimg.com/profile_images/608320582246133761/3RDpDM_0_normal.jpg,https://twitter.com/mohandas709/status/1594191473129721858,Sri Lanka,negative,China,"The post criticizes the handling of funds from the sale of Hambantota port to China, implying corruption and negative consequences, reflecting negative sentiment towards China and the deal.",anger,Sri Lanka,"Mentions Galle Road, Udupila, Mirissa—all locations in Sri Lanka.",lk,"[7.0, 81.0]",Individual,"Location given and no organizational description, likely a personal account.",
twitter,"හම්බන්තොට වරාය හදන්න ගත්ත විදේශ ණය කෝටි දාහතරදහසක් ලේඛනවලින් අතුරුදන්
https://t.co/Z7bBip86WG
#lka",1324740354202046465,0,"{'quote_count': 0, 'retweet_count': 0, 'like_count': 0, 'reply_count': 0, 'view_count': 0}",News19lk,4243,68,25,9,490,Fri Nov 06 15:48:19 +0000 2020,,1593228172681969665,2022-11-17 13:02:51,https://pbs.twimg.com/profile_images/1324740645844668419/yqC8NvfK_normal.jpg,https://twitter.com/News19lk/status/1593228172681969665,Sri Lanka,irrelevant,China,"The post mentions foreign loans taken to build Hambantota port but does not explicitly mention China, so sentiment towards China is not directly expressed.",irrelevant,Sri Lanka,"Username ""News19lk"" includes ""lk"" indicating Sri Lanka.",lk,"[7.0, 81.0]",Unknown,"No description or location, username alone is vague and untraceable.",
twitter,"හම්බන්තොට වරාය හදන්න ණයට ගත් කෝටි දාහතරදහසක් අතුරුදන් https://t.co/ekOig7W0Fc
#Srilanka #lka #vinodaya",1513457202605961219,0,"{'quote_count': 0, 'retweet_count': 0, 'like_count': 0, 'reply_count': 0, 'view_count': 0}",maliwee28,10009,5,6,762,1,Mon Apr 11 10:02:02 +0000 2022,"Fun loving, helpful and kind girl",1593149669110353920,2022-11-17 07:50:55,https://pbs.twimg.com/profile_images/1695431862431494144/hWq1UrIp_normal.jpg,https://twitter.com/maliwee28/status/1593149669110353920,,irrelevant,China,"The post mentions missing funds from loans taken to build Hambantota port but does not explicitly mention China, so sentiment towards China is not directly expressed.",irrelevant,Sri Lanka,Common Sri Lankan female username style,lk,"[7.0, 81.0]",Individual,"Describes personality traits, indicating a personal account.",
twitter,"හම්බන්තොට වරාය තුළ වාහන ප්‍රතිනැව්ගත කිරීමේ මධ්‍යස්ථානයක් https://t.co/99eb6kD8P3
#Srilanka #lka #vinodaya",1513457202605961219,0,"{'quote_count': 0, 'retweet_count': 0, 'like_count': 0, 'reply_count': 0, 'view_count': 0}",maliwee28,10009,5,6,762,1,Mon Apr 11 10:02:02 +0000 2022,"Fun loving, helpful and kind girl",1589923833334857731,2022-11-08 10:12:35,https://pbs.twimg.com/profile_images/1695431862431494144/hWq1UrIp_normal.jpg,https://twitter.com/maliwee28/status/1589923833334857731,,irrelevant,China,The post mentions a vehicle transshipment center at Hambantota port but does not mention China or imply sentiment towards China.,irrelevant,Sri Lanka,Common Sri Lankan female username style,lk,"[7.0, 81.0]",Individual,"Describes personality traits, indicating a personal account.",
twitter,"හම්බන්තොට වරාය චිනයට අයිති එකක් බං  නාකි මයිනා ගිනි පොලියට ණය අරගෙන ටෙන්ඩර් නැතුව විනිවිදභාවයකින් තොර ඉංජිනේරු විගණනය නැති අදායම් නොමැති ශක්‍යතා අධ්‍යයනයක් කොහෙත්ම නැතිව හදපු හම්බන්තොට වරාය අවුරුදු අනු නමයකට බදු දුන්නේ ණය ගෙවන්න බැරි නිසා බං 

වත්ත බද්දට දිලා ඇස්සට දත නියවනවා",1439013441071509504,0,"{'quote_count': 0, 'retweet_count': 0, 'like_count': 0, 'reply_count': 0, 'view_count': 0}",SumanaAbeyseke1,58849,828,981,35883,2871,Fri Sep 17 23:48:48 +0000 2021,"#ආර්ථිකඝාතකයෝ 

රට හදන්න සුදුසුම අත්‍යවශ්‍ය යෝජනා දේශපාලන සංස්කෘතියක් උදෙසා නව යෝජනා",1587970620612280322,2022-11-03 00:51:13,https://pbs.twimg.com/profile_images/1527135126353653761/OmNkAGfs_normal.jpg,https://twitter.com/SumanaAbeyseke1/status/1587970620612280322,,negative,China,"The post explicitly states Hambantota port belongs to China and criticizes the opaque and unprofitable construction funded by Chinese loans, reflecting strong negative sentiment towards China.",anger,India,The lack of explicit location and the user description suggest an Indian origin.,in,"[20.0, 77.0]",Individual,The user description includes personal interests and activities.,
twitter,@adaderana Ekath හම්බන්තොට වරාය wage වෙයිද මන්දා 😅,1518858052149121024,0,"{'quote_count': 0, 'retweet_count': 0, 'like_count': 0, 'reply_count': 0, 'view_count': 0}",AshenFe12719907,9,1,34,20,2,Tue Apr 26 07:42:58 +0000 2022,,1584381206249938944,2022-10-24 04:53:44,https://pbs.twimg.com/profile_images/1584410439399931904/1j27LXee_normal.jpg,https://twitter.com/AshenFe12719907/status/1584407773747769344,Sri Lanka,irrelevant,China,The post questions if something can be like Hambantota port but does not mention China or imply sentiment towards China.,irrelevant,Sri Lanka,Username style and context suggest Sri Lanka.,lk,"[7.0, 81.0]",Unknown,"No description or location, username alone is vague and untraceable.",
twitter,@Udayawickramar1 හම්බන්තොට වරාය චීනෙට වික්කනම් උන් මොකටද යකෝ හම්බන්තොට වරායට එන්න ලංකාණ්ඩුවෙන් අවසර ඉල්ලුවෙ අනේ බන් උබල වගේ ගොන් මෝඩයෝ යකෝ බදු දෙනවා කිය්ණ එකයි සින්නක්කර විකුණනවා කියන එකෙයි තේරුම හොයාගනින් ඔක්ක්කොටම ඉස්සෙල්ලා,1079187135075209217,0,"{'quote_count': 0, 'retweet_count': 0, 'like_count': 0, 'reply_count': 0, 'view_count': 0}",samith78,7848,1154,1409,34768,1578,Sun Dec 30 01:27:18 +0000 2018,"Economy Travel Science TV Government and public institutions Politics Movies Art Books Volleyball Soccer Health Weather, disasters Business International",1580449373972230145,2022-10-17 02:46:33,https://pbs.twimg.com/profile_images/1101749909412147200/rOeuJDdH_normal.jpg,https://twitter.com/samith78/status/1581839051014819840,"Saitama-ken, Japan",negative,China,"The post opposes selling Hambantota port to China and criticizes the lease and taxation issues, reflecting negative sentiment towards China and the port deal.",anger,Japan,"Location explicitly stated as Saitama-ken, Japan.",jp,"[36.0, 138.0]",Media,"Covers broad topics including TV, government, politics, and arts, typical of media or journalist.",
twitter,"නෙළුම් කුළුණු, හම්බන්තොට වරාය, සුප් එකක් හදලා මන්දපෝෂණයට පොවමුද ? | Siya... https://t.co/zNrazDfPfB via @YouTube",2456992327,0,"{'quote_count': 0, 'retweet_count': 0, 'like_count': 0, 'reply_count': 0, 'view_count': 0}",hamsoon,154166,6133,6263,128926,4110,Mon Apr 21 18:43:01 +0000 2014,Retweets are not endorsements,1572640610422751232,2022-09-21 17:35:14,https://pbs.twimg.com/profile_images/1750011237994471424/EHl7kP8j_normal.jpg,https://twitter.com/hamsoon/status/1572640610422751232,Sri Lanka,irrelevant,China,The post mentions Nilum Kulunu and Hambantota port but does not mention China or imply sentiment towards China.,irrelevant,Sri Lanka,hamsoon,lk,"[7.0, 81.0]",Individual,"The user states that retweets are not endorsements, suggesting a personal account.",
twitter,"හම්බන්තොට වරාය ගැන ජනපතිගෙන් ප්‍රකාශයක් https://t.co/SZgX4bPr5F 
#SriLanka #lka #FastNews",3220075676,0,"{'quote_count': 0, 'retweet_count': 0, 'like_count': 0, 'reply_count': 0, 'view_count': 0}",FastNews_LK,88849,1563,7,1376,19740,Tue May 19 06:51:20 +0000 2015,ශ්‍රී ලංකාවේ වේගවත්ම අන්තර්ජාල පුවත් සපයන්නා.,1570262279526010882,2022-09-15 04:04:36,https://pbs.twimg.com/profile_images/1170952139310620672/CrHQxNSZ_normal.jpg,https://twitter.com/FastNews_LK/status/1570262279526010882,Sri Lanka,irrelevant,China,The post mentions a presidential statement about Hambantota port but does not mention China or imply sentiment towards China.,irrelevant,Sri Lanka,The user is associated with FastNews Sri Lanka.,lk,"[7.0, 81.0]",Media,"The user description indicates that the account is a premier breaking news website, indicating a media account.",
twitter,"හම්බන්තොට වරාය හමුදා නැව්තොටක් නෙවෙයි - ජනපති අවධාරණය කරයි
https://t.co/lfAAgRFjmv",148638975,0,"{'quote_count': 0, 'retweet_count': 0, 'like_count': 0, 'reply_count': 0, 'view_count': 0}",lnwsrilanka,112838,2867,378,762,20626,Thu May 27 06:26:30 +0000 2010,,1570112640374173696,2022-09-14 18:09:59,https://pbs.twimg.com/profile_images/1787509607570841601/bmgtoJ7H_normal.jpg,https://twitter.com/lnwsrilanka/status/1570112640374173696,"London, England",irrelevant,China,"The post mentions Hambantota port is not a naval ship, quoting the president, but does not mention China or imply sentiment towards China.",irrelevant,Sri Lanka,"The user description is missing, but the location is not specified.",lk,"[7.0, 81.0]",Unknown,"The username is generic and the description is missing, indicating a lack of personal or organizational identity.",
twitter,"ගිනි පොලියට ණය අරගෙන ටෙන්ඩර් නැතුව විනිවිදභාවයකින් තොර ඉංජිනේරු විගණනය නොමැතිව අදායම් නොමැතිව ශක්‍යතා අධ්‍යයනයක් නොමැතිව හදපු හම්බන්තොට වරාය මගින් ලංකාවට වු ඒක සෙතක් කියපං බලන්න පුතා රටටම අඬබෙර ගහලා කියපං බලන්න

 ගිනි පොලියට ණය අරගෙන ගෙයක් හදලා පොලි මුදලාලි හට සින්න වුනා බං",1439013441071509504,0,"{'quote_count': 0, 'retweet_count': 0, 'like_count': 0, 'reply_count': 0, 'view_count': 0}",SumanaAbeyseke1,58849,828,981,35883,2871,Fri Sep 17 23:48:48 +0000 2021,"#ආර්ථිකඝාතකයෝ 

රට හදන්න සුදුසුම අත්‍යවශ්‍ය යෝජනා දේශපාලන සංස්කෘතියක් උදෙසා නව යෝජනා",1565176419646578688,2022-09-01 03:15:12,https://pbs.twimg.com/profile_images/1527135126353653761/OmNkAGfs_normal.jpg,https://twitter.com/SumanaAbeyseke1/status/1565176419646578688,,negative,China,"The post criticizes the construction of Hambantota port funded by loans from the fire department (likely sarcastic for Chinese loans), highlighting lack of transparency and no revenue, reflecting negative sentiment towards China.",anger,India,The lack of explicit location and the user description suggest an Indian origin.,in,"[20.0, 77.0]",Individual,The user description includes personal interests and activities.,
twitter,ඒ අනුව පස්වරු 4.00 ට චීන පර්යේෂණ නෞකාව යළි චීනය බලා පිටත්ව යාමට නියමිත අතර එම නෞකාව පසුගිය 16 වනදා හම්බන්තොට වරාය වෙත පැමිණි අතර එය අද දිනය දක්වා එම වරායේ නැංගුරම්ලා තැබීමට අවසර හිමි වුණා.,1527241531174055936,1,"{'quote_count': 0, 'retweet_count': 0, 'like_count': 0, 'reply_count': 1, 'view_count': 0}",NewsrushLk,17597,35,35,27,3417,Thu May 19 10:55:38 +0000 2022,,1561598742163525632,2022-08-22 06:18:48,https://pbs.twimg.com/profile_images/1598521839210201090/2SubqkyN_normal.jpg,https://twitter.com/NewsrushLk/status/1561598746391384064,"Colombo, Sri Lanka",neutral,China,"The post mentions a Chinese research vessel leaving Hambantota port, indicating China's naval presence, but the tone is neutral and factual without explicit sentiment.",neutral,Sri Lanka,"Location is Colombo, Sri Lanka and username suggests Sri Lankan news source.",lk,"[7.0, 81.0]",Unknown,No description provided.,
twitter,@ShafarSham @BuduMalli රනිල්ට මඩ ගහන්නෙ වික්කා කියලා. වික්කානම් මේවා කරන්න පුළුවන්ද ? හම්බන්තොට වරාය බදු දීමක් කලේ. වසර 73කට පස්සෙ දියුණු වරායක් අනාගත ජාතියට ලැබෙයි ...... https://t.co/99yKd1QNSY,1536679110071701509,0,"{'quote_count': 0, 'retweet_count': 0, 'like_count': 0, 'reply_count': 0, 'view_count': 0}",SachinthakaGun1,538,127,151,1286,205,Tue Jun 14 11:57:32 +0000 2022,,1557572823308087296,2022-08-11 15:49:13,https://pbs.twimg.com/profile_images/1647054975418384385/LSu5ktPY_normal.jpg,https://twitter.com/SachinthakaGun1/status/1557756027839266817,,neutral,China,"The post criticizes the lease of Hambantota port and suggests it will become a developed port after 73 years, implying skepticism but not explicitly negative towards China.",disgust,Sri Lanka,"Username SachinthakaGun1 is a Sinhalese name, suggesting Sri Lanka.",lk,"[7.0, 81.0]",Unknown,"No description or location, unclear identity.",https://pbs.twimg.com/media/FZ5C2fOXkAE0ExZ.jpg
twitter,@jehan_hameed මොකටද එක එකාට බය වෙන්නේ. හම්බන්තොට වරාය හැදුවේ ඕක ලඟින් යන දහසක් නැවු වලට තෙල් සපයන්න පුළුවන් වියාපාරය නිසා. එකට විරුද්ද වෙන්න මොන රටකට මොන නීතියටද පුළුවන්. නායකයින්ට කොන්ද පණ තියෙන්න ඕනි.,3189787423,1,"{'quote_count': 0, 'retweet_count': 0, 'like_count': 0, 'reply_count': 1, 'view_count': 0}",ApiWenuwen,353500,5523,761,28501,51020,Sat May 09 12:09:55 +0000 2015,"“you can, you should, and if you’re brave enough to start, you will.”🇱🇰",1556499680086749187,2022-08-08 06:53:28,https://pbs.twimg.com/profile_images/1863729182343073792/VW7fZNIf_normal.jpg,https://twitter.com/ApiWenuwen/status/1556534037258407937,Sri Lanka,positive,China,"The post defends Hambantota port construction, emphasizing its economic benefits and opposing opposition, reflecting positive sentiment towards the port and indirectly towards China as the builder.",happiness,Sri Lanka,The location 'Sri Lanka' suggests a Sri Lankan origin.,lk,"[7.0, 81.0]",Individual,The user shares a motivational quote and identifies with Sri Lanka.,
twitter,හම්බන්තොට වරාය විකුනපු සල්ලි වලින් එක හදන්න ගත්ත ණය ගෙවල නෑලු. #stillRemember #lka #sriLanka,4225351333,0,"{'quote_count': 0, 'retweet_count': 0, 'like_count': 0, 'reply_count': 0, 'view_count': 0}",tokkalk,1263,117,318,390,61,Fri Nov 13 16:36:03 +0000 2015,ටොක්ක - හරියටම අපේම ඔලුවට #tokka_lk #lka #SriLanka,1552353592371134464,2022-07-27 18:01:52,https://pbs.twimg.com/profile_images/665212445883961346/zIvImaWv_normal.jpg,https://twitter.com/tokkalk/status/1552353592371134464,,irrelevant,China,No mention or implication of China. The post discusses financial issues related to Hambantota port but does not mention China.,irrelevant,Sri Lanka,Description in Sinhala and hashtags #lka #SriLanka confirm Sri Lanka.,lk,"[7.0, 81.0]",Unknown,"Description is vague and cryptic, no clear indication of person or organization.",
twitter,"@DBG38471578 ඔබට සදහන් කරන්න පුලුවන්ද cope වාර්තා මත හෙළිකරන $ අහිමිවීම්  ප්‍රමාණය ? 👍, ඔබ දනන්වද ඔය සියලු අහිමි වීම වලට වඩා නිවැරදි තීන්දු නිවැරදි වෙලාවට නොගැනීම නිසා සිදුවන අහිමිවීම් ඊට වඩා බොහෝ වැඩි බව හා සමාජයේ පවතිනන ප්‍රසිද්ද මත නිවැරදි නොවන බව උද: හම්බන්තොට වරාය, නොරොච්චෝලේ බලාගාරය 👍",726211519,0,"{'quote_count': 0, 'retweet_count': 0, 'like_count': 0, 'reply_count': 0, 'view_count': 0}",haasampath,4747,157,255,10449,428,Mon Jul 30 14:50:41 +0000 2012,"read between the lines, then you will never regret... ""ඇත්ත තිත්ත උනාම followers ලා නෑ..."" :), දැන් බලාගත්තනේ, ස්තුතියි 😂🤣",1547766538564153344,2022-07-15 07:19:14,https://pbs.twimg.com/profile_images/1797679039270014976/lCzs1wc7_normal.jpg,https://twitter.com/haasampath/status/1547843215817969665,,irrelevant,China,No direct mention or implication of China. The post refers to losses and decisions related to Hambantota port and other projects but does not explicitly mention China.,irrelevant,Sri Lanka,Use of Sinhala language in description suggests Sri Lanka.,lk,"[7.0, 81.0]",Individual,Personal reflective statement typical of an individual user.,
twitter,"@KaviSenu හරි පුලුවන්නම් හම්බන්තොට වරාය ආපහු ගන්න, දෙක ioc එකට දීපු තෙල් ටැංකි සහ ඒ ෂෙඩ් ආපහු ගන්න, අදානිට දීපු බටහිර පර්යන්තය ආපහු ගන්න, අන්න ඒක කරල පෙන්නන්න.",1169313481,0,"{'quote_count': 0, 'retweet_count': 0, 'like_count': 0, 'reply_count': 0, 'view_count': 0}",mohandas709,3928,52,123,2275,345,Mon Feb 11 16:04:58 +0000 2013,"Galle Road, Udupila, mirissa",1546202279212089345,2022-07-11 11:49:02,https://pbs.twimg.com/profile_images/608320582246133761/3RDpDM_0_normal.jpg,https://twitter.com/mohandas709/status/1546461558829486080,Sri Lanka,irrelevant,China,No direct mention or implication of China. The post talks about reclaiming Hambantota port and other assets but does not explicitly mention China.,irrelevant,Sri Lanka,"Mentions Galle Road, Udupila, Mirissa—all locations in Sri Lanka.",lk,"[7.0, 81.0]",Individual,"Location given and no organizational description, likely a personal account.",
twitter,2017දී හම්බන්තොට වරාය බදු දීමේ ආදායමින් ඉදි කිරීමට ගත් ණය පියවා නැති බව කෝප් කමිටුවේදී අනාවරණය වෙයි https://t.co/aYUI1sIwRJ via @ColomboGuardian,1371879292645175296,0,"{'quote_count': 0, 'retweet_count': 0, 'like_count': 0, 'reply_count': 0, 'view_count': 0}",colomboguardian,13755,289,0,0,2431,Tue Mar 16 17:42:01 +0000 2021,"Your trusted news source. Reporting from #Colombo, #SriLanka",1540555743769886720,2022-06-25 04:41:26,https://pbs.twimg.com/profile_images/1371897079476326401/DMfHStDF_normal.jpg,https://twitter.com/colomboguardian/status/1540555743769886720,Sri Lanka,irrelevant,China,No direct mention or implication of China. The post reveals unpaid loans related to Hambantota port but does not mention China.,irrelevant,Sri Lanka,"Location is Sri Lanka and username references Colombo, Sri Lanka.",lk,"[7.0, 81.0]",Media,Described as a trusted news source reporting from Colombo.,
twitter,"එයට බොහෝ කලකට පෙරය. එම දම්වැල ශක්තිමත් කරගැනීමට ඔවුන්ට හම්බන්තොට වරාය ගොඩනැගීම අත්‍යාවශ්‍ය විය. එය ද ඇතුලුව තවත් බොහෝ සාධක මත චීනය ශ්‍රී ලංකා දේශපාලනය සිය පාලනය යටතේ තබා ගැනීමට ඕනෑම දෙයක් කිරීමට සූදානමින් පසුවිය. 
1/4

Cont.
LeN https://t.co/3OWVSpuraT",1228037084,0,"{'quote_count': 0, 'retweet_count': 0, 'like_count': 0, 'reply_count': 0, 'view_count': 0}",Sapumal_Jaya,31564,835,1475,37347,4612,Thu Feb 28 17:40:45 +0000 2013,"When a man is denied the right to live the life he believes in, he has no choice but to become an outlaw.
- Mandela",1538022861297700865,2022-06-18 04:56:44,https://pbs.twimg.com/profile_images/1958251618912149504/UaUTm6uf_normal.jpg,https://twitter.com/Sapumal_Jaya/status/1538022878968303617,Sri Lanka,negative,China,"The post explicitly mentions China as having political influence over Sri Lanka through Hambantota port and other factors, implying a negative sentiment about China's control and intentions.",fear,Sri Lanka,Location is Sri Lanka and description fits Sri Lankan context.,lk,"[7.0, 81.0]",Individual,Personal quote and no organizational affiliation.,https://pbs.twimg.com/media/FVgnnhdUUAEUbjh.jpg
twitter,"@nnalani1231 @DPMJayawardhan1 @ShortNews_brief @Udayawickramar1 @Bandula07160007 @KirbyslA @ShayamikaM @TuskerSri @pdsiriwardana @SumanaAbeyseke1 @DjE6sRhJXFJIrCR @KMeeeaaow @ApiWenuwen @Vinukavida @AnomadeA @srijudge1 @Farique14 @HotStuffffs @SensaalB @H_S_KandyHamu @Wasanth53468261 @AnjulaSD @NihalLiyanage3 @KosalaUdawatta @Lalkudahetty @WDN1989 @duplicatesiri @Cats1st_ @UdanaNadun @ceylonincolor @DulithK @ChabieHerath @KuwaitNjb @RanjitWickreme2 @officialunp @RW_UNP @anuradisanayake @GotabayaR @TDissnayaka @slppofficial @kRZyb137TROd7nL @8skcMWByyTnXuU3 @PivithuruHelaU @leaderslk @SriCitizen @pcranawaka @sajithpremadasa @sjbsrilanka @UN ගොබ්බ රාජපක්ෂ පාලනයේ අමනකම් (අධික පොලියට ලබාගත්  ණය ආයෝජනය කොට, ආර්ථික ප්‍රතිලාභ ලබා නොදෙන) මත්තල ගුවන්තොටුපල, හම්බන්තොට වරාය, @PresRajapaksa ගේ මමත්වය සහ බල තන්හාව නිරූපණය කරන නෙළුම් කුළුණ වැනි ව්‍යාපෘති වර්තමාන අර්බුදයට බලපෑ සාධක අතර වේ.",183159390,1,"{'quote_count': 0, 'retweet_count': 0, 'like_count': 0, 'reply_count': 1, 'view_count': 0}",blackaustralian,14473,1195,3632,9344,511,Thu Aug 26 08:39:05 +0000 2010,"Ex civil servant for 25 years in Aus. Foundation staffer: Asian Disaster Mgt Ctr, BKK. Political and cultural critic. Sri Lankalogist. published poet & novelist",1380085897253675010,2022-05-22 00:22:56,https://pbs.twimg.com/profile_images/1111119276/Sunil_G_s_phorto_for_Siew_wei_normal.jpg,https://twitter.com/blackaustralian/status/1528169505276727296,"Sydney, Australia",irrelevant,China,"No direct mention of China, but the post criticizes projects like Hambantota port linked to Rajapaksa government loans, implying negative sentiment towards the economic impact, possibly indirectly related to Chinese investments but not explicit.",irrelevant,Australia,"Location explicitly stated as Sydney, Australia.",au,"[-27.0, 133.0]",Individual,Personal career history and literary interests indicate an individual.,
twitter,"@GotabayaR @RW_UNP එතකොට, මහබැංකු හොරා, හම්බන්තොට වරාය විකුණපු එකා, MCC ගිවිසුම ගහන්න ගිය එකා, LEFT ද? 😡😡😡",1514471601609138177,0,"{'quote_count': 0, 'retweet_count': 0, 'like_count': 0, 'reply_count': 0, 'view_count': 0}",Sen_Sameera_71,26,3,19,110,1,Thu Apr 14 05:13:35 +0000 2022,,1524755715990048768,2022-05-14 00:58:46,https://abs.twimg.com/sticky/default_profile_images/default_profile_normal.png,https://twitter.com/Sen_Sameera_71/status/1525279419715047424,,irrelevant,China,No direct mention or implication of China. The post criticizes political decisions related to Hambantota port and MCC agreement but does not mention China.,irrelevant,Sri Lanka,Username style and no conflicting info suggest Sri Lanka.,lk,"[7.0, 81.0]",Unknown,"No description or location, username alone is vague and untraceable.",
twitter,"@KaviSenu එතකොට, නෙළුම් කුළුණ...හම්බන්තොට වරාය....මත්තල ගුවන්තොටුපල....හම්බන්තොට රාජපක්ශ අනුස්මරණ ශාලාව???",1099556261450911745,0,"{'quote_count': 0, 'retweet_count': 0, 'like_count': 0, 'reply_count': 0, 'view_count': 0}",FerozMeedin,3332,121,63,21711,105,Sun Feb 24 06:26:56 +0000 2019,Onsite Operations  Agent - DHL Express,1521493105735839750,2022-05-06 06:38:49,https://pbs.twimg.com/profile_images/1999317883466448902/KaRh5NsB_normal.jpg,https://twitter.com/FerozMeedin/status/1522465890780033024,"Dubai, United Arab Emirates",irrelevant,China,No direct mention or implication of China. The post lists projects including Hambantota port but does not mention China explicitly.,irrelevant,United Arab Emirates,"Location explicitly given as Dubai, UAE.",ae,"[24.0, 54.0]",Individual,Job title and location indicate a personal professional account.,
twitter,"@Dammikanavarat3 මුලසිටම IMF මුල්‍ය පහසුකම් සලසා ගැනීමෙන් . ලෝකබැංකුව සමඟ ගනුදෙනු ප්‍රතික්ෂේප කරන රාජපක්ෂලට මේ ණය ගෙවීමට විකල්පයක් තිබුණේ ද? සියල්ලටම මතක තිබිය යුතුයි  2018 දින 58 කට බලය ලබාගත් මහින්ද ""පටි  තද කරගෙන සහය දෙන ලෙස""ඉල්ලූ හැටි. රනිල් එවැන්නක් කිසිදිනෙක කියා නැහැ. ඔහු හම්බන්තොට වරාය...",1428287899267747842,0,"{'quote_count': 0, 'retweet_count': 0, 'like_count': 0, 'reply_count': 0, 'view_count': 0}",TuskerSri,6697,726,1236,6565,462,Thu Aug 19 09:29:51 +0000 2021,For a fair society,1512328761345122308,2022-04-09 17:56:43,https://pbs.twimg.com/profile_images/1868973128485158913/gqbeYB6__normal.jpg,https://twitter.com/TuskerSri/status/1512852020998275073,,irrelevant,China,No direct mention or implication of China. The post discusses IMF loans and Hambantota port but does not mention China.,irrelevant,Sri Lanka,"Username includes ""Sri"" and description ""For a fair society"" aligns with Sri Lankan social themes.",lk,"[7.0, 81.0]",Individual,"Description ""For a fair society"" suggests personal advocacy or belief.",
twitter,"වශයෙන් වගකිව යුත්තෝ වෙති.. 

උදාහරණයක් ලෙස මහින්ද රාජපක්ෂ යනු 2007 දී පමණ 6-7% පමණ පොලියට ණය ලබාගෙන කවදාවත් ආදායම් ලබා නොදෙන සුදු අලින් වන හම්බන්තොට වරාය, සුරිය වැව ක්‍රිකට් ක්‍රීඩාංගනය, හම්බන්තොට ජාත්‍යන්තර සම්මන්ත්‍රණ ශාලාව, මත්තල ගුවන් තොටුපොල, නෙළුම් කුලුන ආදී වැඩ",1228037084,1,"{'quote_count': 0, 'retweet_count': 0, 'like_count': 0, 'reply_count': 1, 'view_count': 0}",Sapumal_Jaya,31564,835,1475,37347,4612,Thu Feb 28 17:40:45 +0000 2013,"When a man is denied the right to live the life he believes in, he has no choice but to become an outlaw.
- Mandela",1504064021380673539,2022-03-16 11:56:23,https://pbs.twimg.com/profile_images/1958251618912149504/UaUTm6uf_normal.jpg,https://twitter.com/Sapumal_Jaya/status/1504064028062232584,Sri Lanka,irrelevant,China,No direct mention or implication of China. The post criticizes projects like Hambantota port under Mahinda Rajapaksa but does not mention China explicitly.,irrelevant,Sri Lanka,Location is Sri Lanka and description fits Sri Lankan context.,lk,"[7.0, 81.0]",Individual,Personal quote and no organizational affiliation.,
twitter,"@MaduWalige එදා මහවැලි සංවර්ධන ව්‍යාපාරය කටුනායක වෙළද කලාපය මත්තල ගුවන් තොටුපළ  නෙලුම් කුලුන හම්බන්තොට වරාය අධිවේගී මාර්ග 

මෙද වාරය නාගරය 

හෙට සිමෙන්ති කර්මාන්තශාලාව

තව මොනවද ?

හැමදාම ඒවා කියනවා වුනාට ණය ගෙවන්න ණය අරගන්නවා නේද?

#පොහොට්ටු #පක්ෂවහලුන් මොකද කියන්නේ ? ඒ ඇයි බං ?",1439013441071509504,0,"{'quote_count': 0, 'retweet_count': 0, 'like_count': 0, 'reply_count': 0, 'view_count': 0}",SumanaAbeyseke1,58849,828,981,35883,2871,Fri Sep 17 23:48:48 +0000 2021,"#ආර්ථිකඝාතකයෝ 

රට හදන්න සුදුසුම අත්‍යවශ්‍ය යෝජනා දේශපාලන සංස්කෘතියක් උදෙසා නව යෝජනා",1495655598297423874,2022-02-21 11:59:41,https://pbs.twimg.com/profile_images/1527135126353653761/OmNkAGfs_normal.jpg,https://twitter.com/SumanaAbeyseke1/status/1495729939886538754,,irrelevant,China,No direct mention or implication of China. The post lists development projects including Hambantota port but does not mention China.,irrelevant,India,The lack of explicit location and the user description suggest an Indian origin.,in,"[20.0, 77.0]",Individual,The user description includes personal interests and activities.,
twitter,"එදා මහවැලි සංවර්ධන ව්‍යාපාරය කටුනායක වෙළද කලාපය මත්තල ගුවන් තොටුපළ  නෙලුම් කුලුන හම්බන්තොට වරාය අධිවේගී මාර්ග 

මෙද වාරය නාගරය 

හෙට සිමෙන්ති කර්මාන්තශාලාව

තව මොනවද ?

හැමදාම ඒවා කියනවා වුනාට ණය ගෙවන්න ණය අරගන්නවා නේද?

#පොහොට්ටු #පක්ෂවහලුන් මොකද කියන්නේ ? ඒ ඇයි බං ?",1439013441071509504,0,"{'quote_count': 0, 'retweet_count': 0, 'like_count': 0, 'reply_count': 0, 'view_count': 0}",SumanaAbeyseke1,58849,828,981,35883,2871,Fri Sep 17 23:48:48 +0000 2021,"#ආර්ථිකඝාතකයෝ 

රට හදන්න සුදුසුම අත්‍යවශ්‍ය යෝජනා දේශපාලන සංස්කෘතියක් උදෙසා නව යෝජනා",1495729857522958340,2022-02-21 11:59:22,https://pbs.twimg.com/profile_images/1527135126353653761/OmNkAGfs_normal.jpg,https://twitter.com/SumanaAbeyseke1/status/1495729857522958340,,irrelevant,China,"Duplicate of 280, no mention or implication of China.",irrelevant,India,The lack of explicit location and the user description suggest an Indian origin.,in,"[20.0, 77.0]",Individual,The user description includes personal interests and activities.,
twitter,"ඔව් බං කොච්චර ඕවා තියෙනවාද?

විවෘත ආර්ථිකට පසු රට කිරි උතුරනවා කිව්වා 
යුද්ධය දිනුවාට පසු රටට හරියනවා කිවිවා
හම්බන්තොට වරාය මත්තල ගුවන් තොටුපළ මගින් හරි කිව්වා 
අලුත්ම එක වාරය නගරය නේද?

 තෙල් ගෙන්වීමට ඩොලර් නැහැ නේද?

නුඹ නාඩන් නුඹ නාඩන් ඕවා හොඳ පාඩම්  

#අසාර්ථකදුෂිතපාලකයෝ",1439013441071509504,0,"{'quote_count': 0, 'retweet_count': 0, 'like_count': 0, 'reply_count': 0, 'view_count': 0}",SumanaAbeyseke1,58849,828,981,35883,2871,Fri Sep 17 23:48:48 +0000 2021,"#ආර්ථිකඝාතකයෝ 

රට හදන්න සුදුසුම අත්‍යවශ්‍ය යෝජනා දේශපාලන සංස්කෘතියක් උදෙසා නව යෝජනා",1490282757062553600,2022-02-06 11:14:32,https://pbs.twimg.com/profile_images/1527135126353653761/OmNkAGfs_normal.jpg,https://twitter.com/SumanaAbeyseke1/status/1490282757062553600,,irrelevant,China,No direct mention or implication of China. The post discusses economic recovery and Hambantota port but does not mention China.,irrelevant,India,The lack of explicit location and the user description suggest an Indian origin.,in,"[20.0, 77.0]",Individual,The user description includes personal interests and activities.,
twitter,"@ModithaRathnaye @SensaalB මහබැංකු බැඳුම්කර හොරුන් අල්ලනවා කිව්වා නේද?

හම්බන්තොට වරාය නැවත පවරා ගන්නවා කිව්වා නේද?

තමා පෙන්වන ඒවා හට දඩුවම් නොදෙන්නේ ඇයි?

මැතිවරණයට කලින් තිබු කොන්දට මොකද වුනේ ?

අනේ බං සිංහබාහු බලන්න ටිකට් අරගෙන කොස්තාපල් පුඤ්ඤසෝම බලපං 

#පොහොට්ටු #පක්ෂවහලුන් අඬනවා අඬන්නේ ඇයි?",1439013441071509504,0,"{'quote_count': 0, 'retweet_count': 0, 'like_count': 0, 'reply_count': 0, 'view_count': 0}",SumanaAbeyseke1,58849,828,981,35883,2871,Fri Sep 17 23:48:48 +0000 2021,"#ආර්ථිකඝාතකයෝ 

රට හදන්න සුදුසුම අත්‍යවශ්‍ය යෝජනා දේශපාලන සංස්කෘතියක් උදෙසා නව යෝජනා",1479117613791793155,2022-01-14 01:17:56,https://pbs.twimg.com/profile_images/1527135126353653761/OmNkAGfs_normal.jpg,https://twitter.com/SumanaAbeyseke1/status/1481797699817340931,,irrelevant,China,No direct mention or implication of China. The post talks about reclaiming Hambantota port but does not mention China.,irrelevant,India,The lack of explicit location and the user description suggest an Indian origin.,in,"[20.0, 77.0]",Individual,The user description includes personal interests and activities.,
twitter,"මහබැංකු බැඳුම්කර හොරුන් අල්ලනවා කිව්වා නේද?

හම්බන්තොට වරාය නැවත පවරා ගන්නවා කිව්වා නේද?

තමා පෙන්වන ඒවා හට දඩුවම් නොදෙන්නේ ඇයි?

මැතිවරණයට කලින් තිබු කොන්දට මොකද වුනේ ?

අනේ බං සිංහබාහු බලන්න ටිකට් අරගෙන කොස්තාපල් පුඤ්ඤසෝම බලපං 

#පොහොට්ටු #පක්ෂවහලුන් අඬනවා අඬන්නේ ඇයි?",1439013441071509504,0,"{'quote_count': 0, 'retweet_count': 0, 'like_count': 0, 'reply_count': 0, 'view_count': 0}",SumanaAbeyseke1,58849,828,981,35883,2871,Fri Sep 17 23:48:48 +0000 2021,"#ආර්ථිකඝාතකයෝ 

රට හදන්න සුදුසුම අත්‍යවශ්‍ය යෝජනා දේශපාලන සංස්කෘතියක් උදෙසා නව යෝජනා",1481797674055925771,2022-01-14 01:17:50,https://pbs.twimg.com/profile_images/1527135126353653761/OmNkAGfs_normal.jpg,https://twitter.com/SumanaAbeyseke1/status/1481797674055925771,,irrelevant,China,"Duplicate of 283, no mention or implication of China.",irrelevant,India,The lack of explicit location and the user description suggest an Indian origin.,in,"[20.0, 77.0]",Individual,The user description includes personal interests and activities.,
twitter,@haaz1q හම්බන්තොට වරාය ගැනනෙ කිව්වෙ එව්කෙ කොකු ගලක් තිබ්බා,1312647012362252288,0,"{'quote_count': 0, 'retweet_count': 0, 'like_count': 0, 'reply_count': 0, 'view_count': 0}",ssirbaddana,14484,343,310,17900,4379,Sun Oct 04 06:53:52 +0000 2020,,1481227805237350401,2022-01-13 01:36:43,https://pbs.twimg.com/profile_images/1448171389698002945/mKmIT8sS_normal.jpg,https://twitter.com/ssirbaddana/status/1481440039263694848,Sri Lanka,irrelevant,China,No mention or implication of China. The post briefly mentions Hambantota port but no reference to China.,irrelevant,Sri Lanka,Username style and no conflicting info suggest Sri Lanka.,lk,"[7.0, 81.0]",Unknown,"No description or location, username alone is vague and untraceable.",
twitter,"හම්බන්තොට වරාය ටැංකි සදහා ලොයිඩ්ගේ ලේඛනයෙන් සහතිකයක් #lka #srilanka
https://t.co/BRQSfq7AIO",1455850083329757190,0,"{'quote_count': 0, 'retweet_count': 0, 'like_count': 0, 'reply_count': 0, 'view_count': 0}",nuwankaruna,7487,34,421,55,7,Wed Nov 03 10:52:00 +0000 2021,,1480525540465467397,2022-01-10 13:02:50,https://pbs.twimg.com/profile_images/1475729700559499267/Zyrk9tus_normal.jpg,https://twitter.com/nuwankaruna/status/1480525540465467397,,irrelevant,China,No direct mention or implication of China. The post refers to Hambantota port tank certification but no mention of China.,irrelevant,India,"Reason: The username ""nuwankaruna"" does not provide a clear indication, but the lack of explicit location suggests a connection to India.",in,"[20.0, 77.0]",Unknown,The username is vague and uninformative.,
twitter,හම්බන්තොට වරාය ආශ්‍රිතව නව පොල් අපනයන කලාපයක් ! https://t.co/eAczE9PTY6,2603152970,0,"{'quote_count': 0, 'retweet_count': 0, 'like_count': 0, 'reply_count': 0, 'view_count': 0}",LankaDaily,5369,40,299,1362,658,Fri Jul 04 09:37:14 +0000 2014,,1478957957178138625,2022-01-06 05:13:49,https://pbs.twimg.com/profile_images/484994877298450434/15B3W2Eg_normal.jpeg,https://twitter.com/LankaDaily/status/1478957957178138625,,irrelevant,China,No direct mention or implication of China. The post talks about new coconut export zones related to Hambantota port but no mention of China.,irrelevant,Sri Lanka,Username LankaDaily strongly suggests Sri Lanka origin despite missing location.,lk,"[7.0, 81.0]",Unknown,No description or location provided.,
twitter,හම්බන්තොට වරාය ආශ්‍රිතව නව පොල් අපනයන කලාපයක් - Read More &gt;&gt;&gt; https://t.co/NOillTZGHo #LKA #SriLanka https://t.co/uFvPbRROvW,3219290929,0,"{'quote_count': 0, 'retweet_count': 0, 'like_count': 0, 'reply_count': 0, 'view_count': 0}",ITNNewsSinhala,76685,3819,4,18,75417,Mon May 18 10:51:45 +0000 2015,"Welcome to ITN News on Twitter. News, Views, Reviews, Interviews and a whole range of intriguing stories on various categories.",1478947671519993857,2022-01-06 04:32:57,https://pbs.twimg.com/profile_images/1344950243662712832/bs1Addvp_normal.jpg,https://twitter.com/ITNNewsSinhala/status/1478947671519993857,Sri Lanka,irrelevant,China,No direct mention or implication of China. The post is about new export zones linked to Hambantota port but no mention of China.,irrelevant,Sri Lanka,Username ITNNewsSinhala and description in Sinhala indicate Sri Lanka.,lk,"[7.0, 81.0]",Media,"Clearly identified as ITN News with news and interviews, a media organization.",https://pbs.twimg.com/media/FIZHEe0XsAMEVKj.jpg
twitter,බිටුමෙන් ටැංකි පර්යන්තයක් සඳහා ඉන්ඩස්ට්‍රියල් ඇස්ෆල්ට්ස් හම්බන්තොට වරාය සමග එකඟතාවකට https://t.co/kRzlpQmQY2,1264117293539303424,0,"{'quote_count': 0, 'retweet_count': 0, 'like_count': 0, 'reply_count': 0, 'view_count': 0}",SriEconomy,5411,283,305,5,29,Sat May 23 08:56:53 +0000 2020,Sri Lanka's latest and greatest  Economy & Business News.,1476737867355357185,2021-12-31 02:11:58,https://pbs.twimg.com/profile_images/1264118241615654912/VqeeEcLr_normal.jpg,https://twitter.com/SriEconomy/status/1476737867355357185,"colombo, Sri lanka",irrelevant,China,No direct mention or implication of China. The post discusses industrial asphalt agreements with Hambantota port but no mention of China.,irrelevant,Sri Lanka,"Location is Colombo, Sri Lanka and description about Sri Lankan economy news.",lk,"[7.0, 81.0]",Media,News outlet focused on economy and business news.,
twitter,"@peterati90 @WDN1989 @DulithK බංග්ලාදේශයත් IMF ණයක් ගත්තා නේ?
අනික බංගලාදේශය අපේ වගේ පූර්ණ lockdown එකකට ගියා ද?

හම්බන්තොට වරාය වැඩක් නැත්නම් චීනය ගත්තෙ පොල් ලෙලි දාන්න ද?
මත්තල ගුවන් තොටුපළත් ගන්න ගියා නේ. මේ වෙද්දි ආදායමේ සීඝ්‍ර වැඩි වීමක් තියෙනව.
කුළුණ තාම හදල ඉවර නෑ. වැඩක් නෑ කියන්නේ කොහොම ද?",1323332989208698882,3,"{'quote_count': 0, 'retweet_count': 0, 'like_count': 0, 'reply_count': 3, 'view_count': 0}",Vinukavida,11948,385,199,14481,1706,Mon Nov 02 18:36:24 +0000 2020,"සසර වසන තුරු
නිවන් දකින තුරු
පින් කෙත හෙළ රන් දෙරණේ
යළි උපදින්නට
හේතු වාසනා වේවා!
හේතු වාසනා ♥ 🇱🇰",1472492269412311042,2021-12-20 17:49:52,https://pbs.twimg.com/profile_images/1740375176729317376/02pqGOVE_normal.jpg,https://twitter.com/Vinukavida/status/1472987629641551877,,negative,China,"The post mentions China in the context of Hambantota port acquisition and questions the utility of the port under Chinese control, implying a negative or skeptical sentiment towards China's role.",disgust,Sri Lanka,Description in Sinhala and Sri Lankan flag emoji confirm Sri Lanka.,lk,"[7.0, 81.0]",Individual,Poetic personal description indicating a real person.,
twitter,@bbcsinhala @rangaba ශ්‍රී ලංකාවේ ඔවුන් වටිනා වත්කමක් සහ සම්පතක් වන හම්බන්තොට වරාය සුරක්ෂිත කර ඇත.,978372152,0,"{'quote_count': 0, 'retweet_count': 0, 'like_count': 0, 'reply_count': 0, 'view_count': 0}",Thass283,355086,1617,673,294317,2432,Thu Nov 29 13:40:04 +0000 2012,"Senior Citizen. Engineer. Social worker. 
Praying for Peace, Justice, Humanity for the oppressed, innocent children and victims of conflict.",1468849814838337539,2021-12-09 08:08:51,https://pbs.twimg.com/profile_images/1349496589803421696/svVlWpuC_normal.jpg,https://twitter.com/Thass283/status/1468855146595512322,Sri Lankan,irrelevant,China,No direct mention or implication of China. The post states Hambantota port is a valuable asset but does not mention China.,irrelevant,Sri Lanka,The user description mentions being Sri Lankan.,lk,"[7.0, 81.0]",Individual,"The user description reflects personal beliefs and interests, indicating an individual account.",
twitter,කර්මාන්තකරුවන් වෙත පහසුකම් සැලසීමේ සුහුරු ක්‍රමවේදය (Smart One Stop Shop) අනුව ස්ථාපනය කළ පහසුකම් සැලසීමේ මධ්‍යස්ථානයක් හම්බන්තොට වරාය පරිශ්‍රයේ දී කර්මාන්ත අමාත්‍ය ගරු විමල් වීරවංශ මැතිතුමාගේ ප්‍රධානත්වයෙන් 2021.12.03 වන දින විවෘත විය. https://t.co/mJQrml4cSR,900558619191779330,0,"{'quote_count': 0, 'retweet_count': 0, 'like_count': 0, 'reply_count': 0, 'view_count': 0}",IDBSL,385,40,89,17,362,Thu Aug 24 03:21:21 +0000 2017,We are a statutory body under the Ministry of Industry and Supply Chain Management with the vision of developing all industries all over Sri Lanka.,1468091661997654018,2021-12-07 05:35:02,https://pbs.twimg.com/profile_images/1830815906223792128/2bUXMEO0_normal.jpg,https://twitter.com/IDBSL/status/1468091661997654018,Sri Lanka,irrelevant,China,No direct mention or implication of China. The post discusses industrial facilitation at Hambantota port but no mention of China.,irrelevant,Sri Lanka,Description mentions statutory body under Sri Lankan ministry.,lk,"[7.0, 81.0]",Organization,"Described as a statutory body under a government ministry, clearly an organization.",https://pbs.twimg.com/media/FF-1k5FUUAA-ybn.jpg
twitter,ස්මාට් වන් ස්ටොප් ෂොප් හම්බන්තොට වරාය කාර්යාලය විවෘත කෙරේ https://t.co/8zN5t7ZQ2A,1362734595318312961,0,"{'quote_count': 0, 'retweet_count': 0, 'like_count': 0, 'reply_count': 0, 'view_count': 0}",Colombo24LK,7461,26,1,8,3358,Fri Feb 19 12:04:02 +0000 2021,News & Current Affairs,1467066887720873994,2021-12-04 09:42:57,https://pbs.twimg.com/profile_images/1365016879996096512/sQNRo1Cq_normal.jpg,https://twitter.com/Colombo24LK/status/1467066887720873994,,irrelevant,China,No direct mention or implication of China. The post announces opening of Hambantota port office but no mention of China.,irrelevant,Sri Lanka,"Username ""Colombo24LK"" references Colombo and ""LK"" domain.",lk,"[7.0, 81.0]",Media,"Description ""News & Current Affairs"" indicates a media outlet.",
twitter,"@KMeeeaaow මෙම විවෘත සංවාදය සඳහා මම ඔබට ඇරැයුම් කරමි, හම්බන්තොට වරාය ඉදිකිරීම කර ඇත්තේ විධිමත් ශක්‍යතා අධ්‍යයනයක් කිරීමෙන් නොවන බව පැහැදිලි කිරීමට සාධක අවශ්‍යද? එය සුදු අලියෙකු බවට පත්ව අපගේ දුගී ආර්ථිකය තවදුරටත් වළට ඇද දැමුවේ ඒ නිසා නොවේද? චීනය මෙම වරාය තබාගනු ඇත්තේ ඔවුන්ගේ නාවික",1428287899267747842,1,"{'quote_count': 0, 'retweet_count': 0, 'like_count': 0, 'reply_count': 1, 'view_count': 0}",TuskerSri,6697,726,1236,6565,462,Thu Aug 19 09:29:51 +0000 2021,For a fair society,1466306231660736516,2021-12-03 11:35:32,https://pbs.twimg.com/profile_images/1868973128485158913/gqbeYB6__normal.jpg,https://twitter.com/TuskerSri/status/1466732833163022336,,negative,China,"The post explicitly mentions China in relation to Hambantota port, accusing China of using the port for naval purposes and implying negative sentiment about Chinese strategic intentions.",fear,Sri Lanka,"Username includes ""Sri"" and description ""For a fair society"" aligns with Sri Lankan social themes.",lk,"[7.0, 81.0]",Individual,"Description ""For a fair society"" suggests personal advocacy or belief.",
twitter,“හම්බන්තොට වරාය විකුණල නැහැ – හෙට වුනත් යළි පවරා ගන්න පුළුවන්” https://t.co/92WxALCuEb,1245047811105648641,0,"{'quote_count': 0, 'retweet_count': 0, 'like_count': 0, 'reply_count': 0, 'view_count': 0}",NoizeNews,10265,960,26,32,1907,Tue Mar 31 17:58:39 +0000 2020,Sri Lanka’s Number 1 Mobile TV Channel,1466570425299787781,2021-12-03 00:50:11,https://pbs.twimg.com/profile_images/1245048828979335168/EQqgcUE4_normal.jpg,https://twitter.com/NoizeNews/status/1466570425299787781,Sri Lanka,irrelevant,China,No direct mention or implication of China. The post denies sale of Hambantota port but no mention of China.,irrelevant,Sri Lanka,Location is Sri Lanka and description states Sri Lanka’s number 1 mobile TV channel.,lk,"[7.0, 81.0]",Media,Described as Sri Lanka’s Number 1 Mobile TV Channel.,
twitter,කෙසේ වෙතත් හම්බන්තොට වරාය එවන් ආකාරයෙන් මෙරටට පවරා ගැනිමේ හැකියාවක් නැති බවයි වරාය හා නාවික අමාත්‍ය රෝහිත අබේගුණවර්ධන මහතා ප්‍රකාශ කළේ.,1228037084,1,"{'quote_count': 0, 'retweet_count': 0, 'like_count': 0, 'reply_count': 1, 'view_count': 0}",Sapumal_Jaya,31564,835,1475,37347,4612,Thu Feb 28 17:40:45 +0000 2013,"When a man is denied the right to live the life he believes in, he has no choice but to become an outlaw.
- Mandela",1466378811570798601,2021-12-02 12:08:48,https://pbs.twimg.com/profile_images/1958251618912149504/UaUTm6uf_normal.jpg,https://twitter.com/Sapumal_Jaya/status/1466378815509344256,Sri Lanka,irrelevant,China,No direct mention or implication of China. The post states Hambantota port cannot be taken over in the manner suggested but no mention of China.,irrelevant,Sri Lanka,Location is Sri Lanka and description fits Sri Lankan context.,lk,"[7.0, 81.0]",Individual,Personal quote and no organizational affiliation.,
twitter,"තිස්ස අත්තනායක මහතා පැවසුවේ ජාතික වරායක් මෙලෙස විකුණා දැමීම අනුමත නොකරන බවයි.

මෙහිදී හිටපු අගමැතිවරයා පැවසුවේ හම්බන්තොට වරාය චීනයට විකුණා දමා නොමැති බවත් එය 70 වසරක බදු පදනමක් මත ලබා දි ඇති බවත්ය.",1228037084,1,"{'quote_count': 0, 'retweet_count': 0, 'like_count': 0, 'reply_count': 1, 'view_count': 0}",Sapumal_Jaya,31564,835,1475,37347,4612,Thu Feb 28 17:40:45 +0000 2013,"When a man is denied the right to live the life he believes in, he has no choice but to become an outlaw.
- Mandela",1466378811570798601,2021-12-02 12:08:47,https://pbs.twimg.com/profile_images/1958251618912149504/UaUTm6uf_normal.jpg,https://twitter.com/Sapumal_Jaya/status/1466378813630263302,Sri Lanka,neutral,China,"The post explicitly mentions China, denying that Hambantota port was sold to China but clarifying it is leased for 70 years, reflecting a neutral to slightly defensive sentiment towards China.",neutral,Sri Lanka,Location is Sri Lanka and description fits Sri Lankan context.,lk,"[7.0, 81.0]",Individual,Personal quote and no organizational affiliation.,
twitter,හම්බන්තොට වරාය විකුණල නැහැ. හෙට වුනත් යළි පවරා ගන්න පුළුවන් - හිටපු අගමැති https://t.co/1ODOblKcU0,1128829739446071296,0,"{'quote_count': 0, 'retweet_count': 0, 'like_count': 0, 'reply_count': 0, 'view_count': 0}",Agamyalk,41385,301,5,0,0,Thu May 16 01:09:17 +0000 2019,The Space For Social Inquiry,1466339493288587273,2021-12-02 09:32:33,https://pbs.twimg.com/profile_images/1128842848680366080/SNMEQ6ZT_normal.png,https://twitter.com/Agamyalk/status/1466339493288587273,Sri Lanka,irrelevant,China,No direct mention or implication of China. The post denies sale of Hambantota port but no mention of China.,irrelevant,Sri Lanka,Location is Sri Lanka and description fits Sri Lankan social inquiry space.,lk,"[7.0, 81.0]",Unknown,"Described as a space for social inquiry, vague and non-specific.",
twitter,චීනය විසින් ශ්‍රී ලංකාව බටහිර රටවල ‘ණය උගුලෙන්’ බේරාගනු ලැබූ බව කොළඹ චීන තානාපති කාර්යාලය ප්‍රකාශ කරයි. ට්විටර් පණිවුඩයක් නිකුත් කරමින් තානාපති කාර්යාලය පෙන්වාදී ඇත්තේ 2017 වසරේදී ශ්‍රී ලංකා රජය විසින් හම්බන්තොට වරාය බදු දීමට සූදානම් වූ අවස්ථාවේදී මෙලෙස … https://t.co/wtqaLyhtoc,163797399,0,"{'quote_count': 0, 'retweet_count': 0, 'like_count': 0, 'reply_count': 0, 'view_count': 0}",gossiplanka,64195,14813,12,3,631,Wed Jul 07 08:53:27 +0000 2010,Underground News from Sri Lanka,1465572780359958533,2021-11-30 06:45:54,https://pbs.twimg.com/profile_images/447641429485961216/yyboSDeb_normal.jpeg,https://twitter.com/gossiplanka/status/1465572780359958533,Colombo,positive,China,"The post quotes the Chinese embassy denying that Sri Lanka was trapped by Chinese debt, defending China’s role in Hambantota port lease, reflecting a positive or defensive sentiment towards China.",happiness,Sri Lanka,Location is Colombo and username references Sri Lanka.,lk,"[7.0, 81.0]",Unknown,"""Underground News"" with no clear organizational or personal identity suggests anonymous news dissemination.",
twitter,"@Anjana_____ පෝට් සිටි එක හරි, හම්බන්තොට වරාය හරි තමයි ඕනේ.",3319500684,0,"{'quote_count': 0, 'retweet_count': 0, 'like_count': 0, 'reply_count': 0, 'view_count': 0}",IamIsPra,74084,4844,1019,114808,2346,Wed Aug 19 03:20:52 +0000 2015,✌️,1465068379144802304,2021-11-29 07:30:44,https://pbs.twimg.com/profile_images/1968238078755319809/ZBR7aTmH_normal.jpg,https://twitter.com/IamIsPra/status/1465221673053941762,Sri Lanka,irrelevant,China,No mention or implication of China. The post only refers to ports in Sri Lanka without any reference to China.,irrelevant,Sri Lanka,Username style and no conflicting info suggest Sri Lanka.,lk,"[7.0, 81.0]",Unknown,"Very brief and vague description, no clear indication of person or organization.",
twitter,ලංවා සංස්ථා සිමෙන්ති සමාගම සහ හම්බන්තොට වරාය සමාගම සමග ගිවිසුම් දෙකකට අත්සන් තබයි https://t.co/XUMtH8xw0x,1264117293539303424,0,"{'quote_count': 0, 'retweet_count': 0, 'like_count': 0, 'reply_count': 0, 'view_count': 0}",SriEconomy,5411,283,305,5,29,Sat May 23 08:56:53 +0000 2020,Sri Lanka's latest and greatest  Economy & Business News.,1454977279931547650,2021-11-01 01:03:10,https://pbs.twimg.com/profile_images/1264118241615654912/VqeeEcLr_normal.jpg,https://twitter.com/SriEconomy/status/1454977279931547650,"colombo, Sri lanka",irrelevant,China,No explicit mention or implication of China. The post talks about agreements involving Sri Lankan companies and Hambantota Port but does not mention China.,irrelevant,Sri Lanka,"Location is Colombo, Sri Lanka and description about Sri Lankan economy news.",lk,"[7.0, 81.0]",Media,News outlet focused on economy and business news.,
twitter,"@Toddy_Lad 2015 මහින්ද යනකොට තවත් ඒවා ඇතුළුව ECT යම්තාක් හදල දොඹකර පවා order කරලා යන්නේ. 2015 ඇවිත් ඒ order පවා නවත්වනවා. 2019 ආයේ මහින්දලා එනකන් කිසි සංවර්ධනයක් නෑ. එකඟ ද?

රනිල් චීනයට හම්බන්තොට වරාය දුන්න නිසා ඉන්දියාව කොළඹ හරි ඉල්ලන තැනට එන්නේ නැද්ද? කලින් ආණ්ඩුව එකඟ වුණේ ECT දෙන්න.",1323332989208698882,1,"{'quote_count': 0, 'retweet_count': 0, 'like_count': 0, 'reply_count': 1, 'view_count': 0}",Vinukavida,11948,385,199,14481,1706,Mon Nov 02 18:36:24 +0000 2020,"සසර වසන තුරු
නිවන් දකින තුරු
පින් කෙත හෙළ රන් දෙරණේ
යළි උපදින්නට
හේතු වාසනා වේවා!
හේතු වාසනා ♥ 🇱🇰",1446362968082370563,2021-10-09 22:09:18,https://pbs.twimg.com/profile_images/1740375176729317376/02pqGOVE_normal.jpg,https://twitter.com/Vinukavida/status/1446960992319991808,,negative,China,"Mentions China indirectly in relation to Hambantota Port being given to China and the resulting geopolitical implications with India. The tone is critical, implying negative sentiment towards China’s involvement in Sri Lanka’s infrastructure.",anger,Sri Lanka,Description in Sinhala and Sri Lankan flag emoji confirm Sri Lanka.,lk,"[7.0, 81.0]",Individual,Poetic personal description indicating a real person.,
twitter,"@Bandula07160007 @KMeeeaaow @Surath67961822 @H_S_KandyHamu @blackaustralian @nnalani1231 @SumanaAbeyseke1 @ShayamikaM @KirbyslA @ApiWenuwen @Udayawickramar1 @pdsiriwardana @Wasanth53468261 @AnjulaSD @DPMJayawardhan1 @NihalLiyanage3 @KosalaUdawatta @Farique14 @Lalkudahetty @SensaalB @WDN1989 @duplicatesiri @Cats1st_ @uruzikal @UdanaNadun @ceylonincolor @DulithK @ChabieHerath @KuwaitNjb @RanjitWickreme2 @officialunp @RW_UNP @anuradisanayake @GotabayaR @TDissnayaka @slppofficial @kRZyb137TROd7nL @8skcMWByyTnXuU3 @PivithuruHelaU @leaderslk @F3Il2LaKdgeaVUw @KaviSenu @wimalweerawansa @CharukaLive @TharunyataHetak @KMeeeaaow  @pdsiriwardana @Wazigar12 @pdsiriwardana @Wasanth53468261 

#පොහොට්ටු මාමේ 

දැං සර් බලයට ඇවිත් යහපාලනය යුගයේ විකුණු හම්බන්තොට වරාය  කෙරවලපිටිය විදුලි බලාගාරය පවරාගන්නවා නේද?

චින්නු/ඇමෙරිකානු  බිල්ලො සර්ගේ හැටි දන්නේ නෑ නේද?
සර් එක්ක සෙල්ලම් කරන්න බැහැ නේද? පව් ඕයි https://t.co/H6fRNUvOrf",1359739462662516739,2,"{'quote_count': 0, 'retweet_count': 0, 'like_count': 0, 'reply_count': 2, 'view_count': 0}",DjE6sRhJXFJIrCR,7968,984,3836,5722,1420,Thu Feb 11 05:42:48 +0000 2021,"දෙන දෙයක් කාලා වෙන දෙයක් බලාගෙන ඉන්න එපා 
දුෂණ අක්‍රමිකතා අකටයුතු අවම කරන්න යම් දායකත්වයක් ෂෙයා කරලා යුතුකම් ඉටු කරන්න
ඉන්න හිටින්න රටක් අවශ්‍ය අය පමණයි",1380085897253675010,2021-10-01 04:46:54,https://pbs.twimg.com/profile_images/1359739868885098496/Lwim0yaO_normal.jpg,https://twitter.com/DjE6sRhJXFJIrCR/status/1443799559214227462,,negative,China,"Mentions China in the context of Hambantota Port and criticizes the involvement of Chinese and American parties, implying distrust and negative sentiment towards China’s role.",disgust,Sri Lanka,"The user description is in Sinhala, and the location is not specified.",lk,"[7.0, 81.0]",Unknown,The username and description are vague and do not provide any clear indication of the user's identity or purpose.,https://pbs.twimg.com/media/FAloDACVkAQPm_c.jpg
twitter,"@KMeeeaaow @DjE6sRhJXFJIrCR @Surath67961822 @H_S_KandyHamu @blackaustralian @nnalani1231 @SumanaAbeyseke1 @ShayamikaM @KirbyslA @ApiWenuwen @Udayawickramar1 @pdsiriwardana @Wasanth53468261 @AnjulaSD @DPMJayawardhan1 @NihalLiyanage3 @KosalaUdawatta @Farique14 @Lalkudahetty @SensaalB @WDN1989 @duplicatesiri @Cats1st_ @uruzikal @UdanaNadun @ceylonincolor @DulithK @ChabieHerath @KuwaitNjb @RanjitWickreme2 @officialunp @RW_UNP @anuradisanayake @GotabayaR @TDissnayaka @slppofficial @kRZyb137TROd7nL @8skcMWByyTnXuU3 @PivithuruHelaU @leaderslk @F3Il2LaKdgeaVUw @KaviSenu @wimalweerawansa @CharukaLive @TharunyataHetak @PortCityColombo @ParliamentLK @sajithpremadasa #පොහොට්ටු #පක්ෂවහලුන් 

 ඇමෙරිකානු  සමාගම් ඇවිත් විදුලි බලාගාරය ටෙන්ඩර් නැතුව විනිවිදභාවයකින් තොරව පාර්ලිමේන්තුවට නොදන්වා නේද අරගෙන තියෙන්නේ ?

රාජපක්ෂලා බලය ගත්විට  ෂුවර් එකටම පවරාගන්නවා වන්දි දෙන එහෙකුත් නැහැ
හම්බන්තොට වරාය ගත්ත චිනය ඉල්ලගෙන කනවා  නේද  
@KirbyslA
@SensaalB https://t.co/ks7ePQVHPQ",1328349125025345536,1,"{'quote_count': 0, 'retweet_count': 0, 'like_count': 0, 'reply_count': 1, 'view_count': 0}",Bandula07160007,22664,1306,4319,19915,2258,Mon Nov 16 14:48:52 +0000 2020,"රටක ව්‍යවස්ථාව හැදිය යුත්තේ අති බලවත් රජකු බිහි කිරිමට නොව බලය බෙදා හැර දුෂිත රජුන් වෙතින් ජනතාව ආරක්ෂා කරගැනීමටය 
#අසාර්ථකදුෂිතපාලකයෝ #පක්ෂවහලුන්",1380085897253675010,2021-10-01 02:48:13,https://pbs.twimg.com/profile_images/1355724783338414084/H8dH8q-k_normal.jpg,https://twitter.com/Bandula07160007/status/1443769695035793408,,negative,China,"Mentions China negatively in relation to Hambantota Port, accusing China of demanding benefits after Sri Lanka took over the port. The tone is critical and distrustful.",anger,Unknown,"The user description is in Sinhala, the official language of Sri Lanka, without specifying a location.",,,Individual,The user description indicates personal identity.,https://pbs.twimg.com/media/FAlM4qjVIAED_1v.jpg
twitter,@Dailymirror_SL උඹල මොකද සද්ද නැතුව හිටියේ හම්බන්තොට වරාය විකුනනකොට?,113118246,0,"{'quote_count': 0, 'retweet_count': 0, 'like_count': 0, 'reply_count': 0, 'view_count': 0}",LucidCharon,33105,496,1353,12232,1269,Wed Feb 10 19:25:45 +0000 2010,"නිහතමානී සැබෑ ශ්‍රී ලාංකික, ජාතික_දේශපාලනය.#SriLanka,#SL,#lka,#SriLankan,",1437050302591643649,2021-09-12 14:45:12,https://pbs.twimg.com/profile_images/1449753809111162882/LUCVjP9F_normal.jpg,https://twitter.com/LucidCharon/status/1437064757324890113,,irrelevant,China,No direct mention or implication of China. The post questions the silence during the sale of Hambantota Port but does not mention China explicitly.,irrelevant,Sri Lanka,The user description includes hashtags related to Sri Lanka.,lk,"[7.0, 81.0]",Individual,The user description reflects personal beliefs and identity.,
twitter,@ssudaraka සජියල හම්බන්තොට වරාය විකුණපු නිසා චීනෙන් වැක්සීන් ටික හරි ලැබුන. නැත්නම් ඒකත් නෑ... 😂,55178704,1,"{'quote_count': 0, 'retweet_count': 0, 'like_count': 0, 'reply_count': 1, 'view_count': 0}",DulithK,146389,5041,3611,93091,12647,Thu Jul 09 08:10:11 +0000 2009,#TogetherWeCan #DK #cheerRichmond #ජයගමු #FitSriLanka #PositiveVibe #TravelwithDK | Proud Sri Lankan 🇱🇰 @ceylontourist * Electronics & Telecommunications,1429402783757717505,2021-08-23 02:09:20,https://pbs.twimg.com/profile_images/1937898265518710784/7GIU7LOs_normal.jpg,https://twitter.com/DulithK/status/1429626783222013954,"Galle,SriLanka",negative,China,"Mentions China in a sarcastic tone, implying that selling Hambantota Port to China resulted in receiving vaccines, but the tone is mocking and somewhat negative.",disgust,Sri Lanka,"Location Galle, Sri Lanka and description with Sri Lankan hashtags and flag.",lk,"[7.0, 81.0]",Individual,"Personal hashtags, location, and professional details indicate a real person.",
twitter,හම්බන්තොට වරාය කාර්මික කලාපයෙන් වසරක් ඇතුළත ගෘහ උපකරණ https://t.co/oISfwu3Y81,1264117293539303424,0,"{'quote_count': 0, 'retweet_count': 0, 'like_count': 0, 'reply_count': 0, 'view_count': 0}",SriEconomy,5411,283,305,5,29,Sat May 23 08:56:53 +0000 2020,Sri Lanka's latest and greatest  Economy & Business News.,1422375413586690048,2021-08-03 01:54:59,https://pbs.twimg.com/profile_images/1264118241615654912/VqeeEcLr_normal.jpg,https://twitter.com/SriEconomy/status/1422375413586690048,"colombo, Sri lanka",irrelevant,China,No mention or implication of China. The post talks about industrial development related to Hambantota Port without referencing China.,irrelevant,Sri Lanka,"Location is Colombo, Sri Lanka and description about Sri Lankan economy news.",lk,"[7.0, 81.0]",Media,News outlet focused on economy and business news.,
twitter,@LahiruD84921261 @methiendra ලාභ සත්කාර බලාගෙන දේශපාලනය කරන කෙනෙක් නොවෙයි මං.යහපාලන ආණ්ඩුවෙත් දීපු ඇමති කමෙන් හයෙන් එකක බලතල දුන්නෙ සජිත් මහතාට..කැබිනට් තීරණ ගන්න කැඳවන්නෙත් නැහැ.එහෙව් මනුස්සයා හම්බන්තොට වරාය විකුණන එකට කොහෙ එරෙහි වෙන්නද..ආණ්ඩුවෙ හිටියෙත් අමාරුවෙන්..රනිල් නිසා.,1337289176367026178,0,"{'quote_count': 0, 'retweet_count': 0, 'like_count': 0, 'reply_count': 0, 'view_count': 0}",SwarnaMalkanth1,529,239,76,1466,191,Fri Dec 11 06:55:25 +0000 2020,very danger,1404255939234988032,2021-06-15 11:21:48,https://pbs.twimg.com/profile_images/1395900773410631687/oIvqg3TE_normal.jpg,https://twitter.com/SwarnaMalkanth1/status/1404761052881977349,,irrelevant,China,"Mentions the sale of Hambantota Port but does not explicitly mention China. The tone is somewhat defensive about the sale, but no direct sentiment towards China is expressed.",irrelevant,Sri Lanka,Username style and no conflicting info suggest Sri Lanka.,lk,"[7.0, 81.0]",Unknown,"Vague and cryptic description ""very danger"" with no other info.",
twitter,@SwarnaMalkanth1 @methiendra කෙලෙහි ගුන හම්බන්තොට තරම් දන්න මිනිස්සු කොහේ වත් නෑ හම්බන්තොට වරාය වික්කා ඔයාගේ සජියා කම්මලේ බල්ල වගේ හිටියා මොනාද කරේ ඒ අපරාදෙට ඔය කඩේ යන එවුන්ටත් එක්ක හෙන ගහන්නේ මිස්ට නිවාස අධ්කාරියේ පත්වීමක් වත් දුන්නද?,1397368918268862473,1,"{'quote_count': 0, 'retweet_count': 0, 'like_count': 0, 'reply_count': 1, 'view_count': 0}",LahiruD84921261,64,198,951,374,19,Wed May 26 03:06:38 +0000 2021,සුබ දවසක්,1404255939234988032,2021-06-15 11:08:47,https://pbs.twimg.com/profile_images/1397389196457693189/3C-m1x9F_normal.jpg,https://twitter.com/LahiruD84921261/status/1404757777474494469,,irrelevant,China,No mention or implication of China. The post criticizes individuals related to Hambantota Port but does not mention China.,irrelevant,Sri Lanka,"The username and description use Sinhala script, which is primarily used in Sri Lanka.",lk,"[7.0, 81.0]",Individual,The username and brief greeting in Sinhala suggest a personal account.,
twitter,@CharukaLive @janindudezoysa හම්බන්තොට වරාය රාජපක්ෂලා සල්ලි වලට රට උලා කාපු එක ගැන හොදම උදාහරණයක්. අපේ සැලසුම වල ඔතන තිබුනෙ සේවා වරායක්. ලොකු තටාක ඕන නෑ මොකද අතර මැදි නැවකින් මුහුදෙ තැනකදි තමයි ඉන්ධන ආහාර දෙන්නෙ. ඒක චීනෙට ඕන විදිහට වෙනස් කරලා කොමිස් ටික කා ගත්තා කාළකණ්නි ටික.,2537180798,1,"{'quote_count': 0, 'retweet_count': 0, 'like_count': 0, 'reply_count': 1, 'view_count': 0}",ravinda88,15819,620,129,45153,2031,Sat May 31 10:35:19 +0000 2014,මානවවාදියෙක් | වාමවාදියෙක් | වඩා සාධාරණ ලෝකයක් ගැන සිහින දකින්නෙක් | 3%න් එකෙක්,1403765864965447681,2021-06-14 14:32:42,https://pbs.twimg.com/profile_images/1925333342846844928/kAvHFmwc_normal.jpg,https://twitter.com/ravinda88/status/1404446706461122562,Melbourne,negative,China,"Mentions China negatively, accusing Chinese parties of altering the original plan of Hambantota Port for their own benefit and taking commissions. The tone is critical and distrustful.",anger,Australia,Location explicitly stated as Melbourne and description in Sinhala suggests Sri Lankan diaspora.,au,"[-27.0, 133.0]",Individual,Personal political and ideological beliefs indicate an individual.,
twitter,"හම්බන්තොට වරාය සමානයි, බැරිවෙලාවත් #SriLanka  ජෙප්පෝ හිටියානම් එහෙම එහෙ විනාශයි. රෙදි කඩකට මොකටද මෙච්චර මිලක් කියාවි @Neetwit @nirowa74",3189787423,0,"{'quote_count': 0, 'retweet_count': 0, 'like_count': 0, 'reply_count': 0, 'view_count': 0}",ApiWenuwen,353500,5523,761,28501,51020,Sat May 09 12:09:55 +0000 2015,"“you can, you should, and if you’re brave enough to start, you will.”🇱🇰",1399522163179261952,2021-06-01 00:24:20,https://pbs.twimg.com/profile_images/1863729182343073792/VW7fZNIf_normal.jpg,https://twitter.com/ApiWenuwen/status/1399522163179261952,Sri Lanka,irrelevant,China,No direct mention or implication of China. The post compares Hambantota Port to a failed project but does not mention China explicitly.,irrelevant,Sri Lanka,The location 'Sri Lanka' suggests a Sri Lankan origin.,lk,"[7.0, 81.0]",Individual,The user shares a motivational quote and identifies with Sri Lanka.,
twitter,"@charith9 @DulithK අද අත්සන් කෙරෙන ගිවිසුම් හෙට දින අපට සුසුම් ලන්නට නොවේ නම් සංවර්ධනය ගැටලුවක් නැත. හම්බන්තොට වරාය, ත්‍රිකුණාමල තෙල් ටැංකි අපට අැති තරම් පූර්වාදර්ශ දී අැති බැවින් රෑ වැටුණු වළේ දවල් වැටීමට ජනතාව කැමති නැත.",2945217588,0,"{'quote_count': 0, 'retweet_count': 0, 'like_count': 0, 'reply_count': 0, 'view_count': 0}",DarNayanajith,15641,897,879,39074,231,Sat Dec 27 16:01:19 +0000 2014,BA Sp. in IR @ UOC. '2012',1398172506079469568,2021-05-28 12:02:45,https://pbs.twimg.com/profile_images/1598306761714601984/KP_WNmLM_normal.jpg,https://twitter.com/DarNayanajith/status/1398248376341131266,"Eheliyagoda, Sri Lanka",neutral,China,"Mentions Hambantota Port but does not explicitly mention China. The tone is neutral, focusing on development and agreements without clear sentiment towards China.",neutral,Sri Lanka,Location explicitly stated and university abbreviation (UOC) likely University of Colombo.,lk,"[7.0, 81.0]",Individual,Educational background and year indicate a personal account.,
twitter,හම්බන්තොට වරාය විකුණන කොට පස්ස දොරෙන් පැනලා ගියේ කවුද? | AnuraDissanayake https://t.co/HolcUoNtNe via @YouTube,3315338687,0,"{'quote_count': 0, 'retweet_count': 0, 'like_count': 0, 'reply_count': 0, 'view_count': 0}",JVPItaly,10033,113,190,340,6898,Tue Jun 09 16:51:18 +0000 2015,,1395845141877907456,2021-05-21 20:53:10,https://pbs.twimg.com/profile_images/608368696122339329/FiVbQO8-_normal.jpg,https://twitter.com/JVPItaly/status/1395845141877907456,,irrelevant,China,No explicit mention or implication of China. The post questions who fled after selling Hambantota Port but does not mention China.,irrelevant,Italy,"Username ""JVPItaly"" explicitly references Italy.",it,"[42.833, 12.833]",Organization,"Username suggests a political party branch (JVP Italy), indicating an organization.",
twitter,"@thecalculuspun @H_S_KandyHamu @AlwisInoka @DjE6sRhJXFJIrCR @ShayamikaM @maannapperuma @nnalani1231 @KMeeeaaow @mdpiyananda @Cats1st_ @SensaalB @TweetsbyNarada @Udayawickramar1 @pdsiriwardana @KirbyslA @imVedda @blackaustralian @uruzikal @UdanaNadun @ceylonincolor @DulithK @Wasanth53468261 @ChabieHerath @KuwaitNjb @RanjitWickreme2 @officialunp @RW_UNP @anuradisanayake @GotabayaR @TDissnayaka @slppofficial @kRZyb137TROd7nL @8skcMWByyTnXuU3 @PivithuruHelaU @leaderslk @duplicatesiri @F3Il2LaKdgeaVUw @KaviSenu @wimalweerawansa @CharukaLive @TharunyataHetak @PortCityColombo @ParliamentLK @srilanka_police @sajithpremadasa ඇයි ඒ ගොල්ලෝ එහෙම කිව්වේ අමතකද?
ටොයිලට් පෙපර් වන්නේ කොහොමද?
මහින්ද රාජපක්ෂ හම්බන්තොට වරාය විකුණකොට කිව්වා 
උඹලා හට වාසි කොටස් ඔක්කොම දන්නවනේ 
අවාසනාවකට අවාසි කොටස් බොරු නේද?
වැඩ වසන්නේ අහසේද?",1328349125025345536,0,"{'quote_count': 0, 'retweet_count': 0, 'like_count': 0, 'reply_count': 0, 'view_count': 0}",Bandula07160007,22664,1306,4319,19915,2258,Mon Nov 16 14:48:52 +0000 2020,"රටක ව්‍යවස්ථාව හැදිය යුත්තේ අති බලවත් රජකු බිහි කිරිමට නොව බලය බෙදා හැර දුෂිත රජුන් වෙතින් ජනතාව ආරක්ෂා කරගැනීමටය 
#අසාර්ථකදුෂිතපාලකයෝ #පක්ෂවහලුන්",1380085897253675010,2021-05-21 08:04:16,https://pbs.twimg.com/profile_images/1355724783338414084/H8dH8q-k_normal.jpg,https://twitter.com/Bandula07160007/status/1395651644482719747,,negative,China,"Mentions China negatively in the context of Hambantota Port sale, accusing Chinese parties of benefiting unfairly and Sri Lankan politicians of corruption. The tone is critical and distrustful.",anger,Unknown,"The user description is in Sinhala, the official language of Sri Lanka, without specifying a location.",,,Individual,The user description indicates personal identity.,
twitter,@ShayamikaM @pdsiriwardana හම්බන්තොට වරාය ජන්දය විමසන විට පොහොට්ටු පක්ෂයේ මන්ත්‍රීවරුන් පාර්ලිමේන්තුවේ ජන්දය දුන්නාය?,1359739462662516739,0,"{'quote_count': 0, 'retweet_count': 0, 'like_count': 0, 'reply_count': 0, 'view_count': 0}",DjE6sRhJXFJIrCR,7968,984,3836,5722,1420,Thu Feb 11 05:42:48 +0000 2021,"දෙන දෙයක් කාලා වෙන දෙයක් බලාගෙන ඉන්න එපා 
දුෂණ අක්‍රමිකතා අකටයුතු අවම කරන්න යම් දායකත්වයක් ෂෙයා කරලා යුතුකම් ඉටු කරන්න
ඉන්න හිටින්න රටක් අවශ්‍ය අය පමණයි",1395481216648892421,2021-05-21 02:55:22,https://pbs.twimg.com/profile_images/1359739868885098496/Lwim0yaO_normal.jpg,https://twitter.com/DjE6sRhJXFJIrCR/status/1395573907483107333,,irrelevant,China,No explicit mention or implication of China. The post discusses parliamentary votes related to Hambantota Port but does not mention China.,irrelevant,Sri Lanka,"The user description is in Sinhala, and the location is not specified.",lk,"[7.0, 81.0]",Unknown,The username and description are vague and do not provide any clear indication of the user's identity or purpose.,
twitter,"@IndrajithTweets ඒක උන්ගේ හැටි වෙන්නැති. අර හම්බන්තොට වරාය විකුණන එකට පුක ඉරාගෙන කෑ ගහපු රාජපක්ෂලා ඡන්දෙ දාන්න ආවේ නෑ වගේ.
ඔය කාලකන්නි දේශපාලනය පවුල්වල ලේ වලින් එන ඒවා වෙන්නැති 🤮🤮🤮",395865593,0,"{'quote_count': 0, 'retweet_count': 0, 'like_count': 0, 'reply_count': 0, 'view_count': 0}",Amalka_Ari,2286,515,819,9624,217,Sat Oct 22 11:25:05 +0000 2011,අමල්ක ආරියතිලක | Sri Lankan | Buddhist | Sinhalese | Matara | Rahula College - '15 | ROPA | SMSC | Photos mostly from Xiaomi Mi9T Pro,1395343824600268803,2021-05-20 12:58:39,https://pbs.twimg.com/profile_images/1670015535273357312/ZHjjQphd_normal.jpg,https://twitter.com/Amalka_Ari/status/1395363338641502209,"Matara, Sri Lanka",negative,China,"Mentions China negatively, associating the sale of Hambantota Port with corrupt Rajapaksa family politics and expressing disgust towards the situation involving China.",disgust,Sri Lanka,"Location Matara, Sri Lanka and Sinhala description confirm Sri Lanka.",lk,"[7.0, 81.0]",Individual,"Personal details including location, religion, school, and hobbies indicate a real person.",
twitter,"@Bandula07160007 @Udayawickramar1 @Cats1st_ @AlwisInoka @nnalani1231 @pdsiriwardana @KirbyslA @KMeeeaaow @deshanlasitha7 @mdpiyananda @H_S_KandyHamu @DjE6sRhJXFJIrCR @imVedda @blackaustralian @uruzikal @UdanaNadun @ceylonincolor @DulithK @Wasanth53468261 @ChabieHerath @KuwaitNjb @RanjitWickreme2 @officialunp @RW_UNP @anuradisanayake @GotabayaR @TDissnayaka @slppofficial @kRZyb137TROd7nL @8skcMWByyTnXuU3 @PivithuruHelaU @leaderslk @duplicatesiri @F3Il2LaKdgeaVUw @KaviSenu @wimalweerawansa @CharukaLive @TharunyataHetak @PortCityColombo @ParliamentLK @srilanka_police @sajithpremadasa හම්බන්තොට වරාය සඳහා 2036 වන විට $ මිලියන 1,761 ක් ගෙවිය යුතුය. ඒ, ඉදිකිරීමට ගිය $ මිලියන 1,266 හා අවු.30 $මිලියන 495 ක පොළිය යන දෙකම,ඒකෙනුත් 2016 අවසාන වන විට$ මිලියන 500 ගෙවා තිබුණි. ඒ ණය ගෙව්වේ වරාය අධිකාරියේ ලාභයෙනන් කිසිදු අසීරුතාවයක් වත් බදු ගෙවන්නාට,  බරක්වත් තිබුණේ නැත.",1376102453402341377,1,"{'quote_count': 0, 'retweet_count': 1, 'like_count': 0, 'reply_count': 0, 'view_count': 0}",sarasavi82,16744,965,964,16864,4236,Sun Mar 28 09:23:21 +0000 2021,,1380085897253675010,2021-05-06 11:52:48,https://pbs.twimg.com/profile_images/2017518249114587136/dvLL6IO0_normal.jpg,https://twitter.com/sarasavi82/status/1390273339004948483,"Salvador, Brazil",neutral,China,"Mentions Hambantota Port financial details but does not explicitly mention China. The tone is neutral, focusing on financial facts.",neutral,Brazil,"Location explicitly stated as Salvador, Brazil.",br,"[-10.0, -55.0]",Unknown,No description or identifying information provided.,
twitter,"@ShayamikaM @Udayawickramar1 @Cats1st_ @AlwisInoka @nnalani1231 @pdsiriwardana @KirbyslA @KMeeeaaow @deshanlasitha7 @mdpiyananda @H_S_KandyHamu @DjE6sRhJXFJIrCR @imVedda @blackaustralian @uruzikal @UdanaNadun @ceylonincolor @DulithK @Wasanth53468261 @ChabieHerath @KuwaitNjb @RanjitWickreme2 @officialunp @RW_UNP @anuradisanayake @GotabayaR @TDissnayaka @slppofficial @kRZyb137TROd7nL @8skcMWByyTnXuU3 @PivithuruHelaU @leaderslk @duplicatesiri @F3Il2LaKdgeaVUw @KaviSenu @wimalweerawansa @CharukaLive @TharunyataHetak @PortCityColombo @ParliamentLK @srilanka_police @sajithpremadasa හම්බන්තොට වරාය වුනේ ඔය ටික නේද ?
හැදුවා වුනාට දොඹකර ගන්න පහසුකම් නොමැති වුනා වෙනත් අනවශ්‍ය වැඩ වලට මුදල් තියෙනවා 1978 සිටම විකුණාගෙන කන ප්‍රතිපත්තයකට ගියා මිසක් රටේ රාජ්‍ය ආයතන පාඩු නොවන ආකාරයෙන් දුවන්න සැලසුම් නැහැ පක්ෂ භේදයකින් තොරව ඔක්කොම මොන මොනවා හරි විකුණලා තියෙනවා නේද?",1328349125025345536,3,"{'quote_count': 0, 'retweet_count': 0, 'like_count': 0, 'reply_count': 3, 'view_count': 0}",Bandula07160007,22664,1306,4319,19915,2258,Mon Nov 16 14:48:52 +0000 2020,"රටක ව්‍යවස්ථාව හැදිය යුත්තේ අති බලවත් රජකු බිහි කිරිමට නොව බලය බෙදා හැර දුෂිත රජුන් වෙතින් ජනතාව ආරක්ෂා කරගැනීමටය 
#අසාර්ථකදුෂිතපාලකයෝ #පක්ෂවහලුන්",1380085897253675010,2021-05-06 11:23:40,https://pbs.twimg.com/profile_images/1355724783338414084/H8dH8q-k_normal.jpg,https://twitter.com/Bandula07160007/status/1390266006623309824,,negative,China,"Mentions China negatively in the context of Hambantota Port, accusing Chinese parties and Sri Lankan politicians of corruption and mismanagement. The tone is critical and distrustful.",anger,Unknown,"The user description is in Sinhala, the official language of Sri Lanka, without specifying a location.",,,Individual,The user description indicates personal identity.,
twitter,"රනිල් හම්බන්තොට වරාය විකිණුවේ නැති නිසා තමයි චීන විකිරණ නැව ආපහු යවන්ඩ පුළුවන් උනේ...

 බුද්ධියෙන් විමසුමට🤔ඊට පස්සේ බයියෝ පහල පින්තූරය වගේ.. https://t.co/K4Wl8sNo1T",4694286320,0,"{'quote_count': 0, 'retweet_count': 0, 'like_count': 0, 'reply_count': 0, 'view_count': 0}",kamalkapukotuwa,4285,178,39,9162,1234,Sat Jan 02 06:18:59 +0000 2016,"Excuse ..
True is Dangerous to write or speak confuse to reader and listeners ..... its me..",1389304381313486850,2021-05-03 19:42:31,https://pbs.twimg.com/profile_images/2009178891412520960/jcSexV8R_normal.jpg,https://twitter.com/kamalkapukotuwa/status/1389304381313486850,Sri Lanka,negative,China,"Mentions China indirectly, stating that because Hambantota Port was not sold, Chinese ships could return. The tone is somewhat sarcastic and critical, implying negative sentiment towards China’s influence.",disgust,Sri Lanka,Username style and no conflicting info suggest Sri Lanka.,lk,"[7.0, 81.0]",Individual,Personal and philosophical description indicating a real person.,https://pbs.twimg.com/media/E0fM9CdVgAEPbQR.jpg
twitter,"චීනය හොන්කොන් වලට වැඩේ දුන්නා. ඊලඟට ගොනා හැරෙන්නේ තයීවානේට. එදාට ඇමරිකාව ඒ වලියට සෙට් වෙනවා. ඒ වෙලාවට චීනයේ හමුදාවට ලංකාව, විශේශයෙන්ම ලංකාවේ හම්බන්තොට වරාය ඕනේ. ඔය චීනේ ලොකු මහත්තයා ඔලුව දාල යන්න ආවේ ඔය ඔය කාරණා නිසා තමයී.",1269375633886449664,0,"{'quote_count': 0, 'retweet_count': 0, 'like_count': 0, 'reply_count': 0, 'view_count': 0}",KOTTANOFFICIAL,26082,3867,3033,10435,1046,Sat Jun 06 21:08:44 +0000 2020,,1387942773618270209,2021-04-30 01:31:58,https://pbs.twimg.com/profile_images/1276715651093204992/9Tb5Wi-C_normal.jpg,https://twitter.com/KOTTANOFFICIAL/status/1387942773618270209,,neutral,China,"Mentions China positively in a geopolitical context, describing China’s strategic moves involving Hong Kong, Taiwan, and Hambantota Port. The tone is neutral to positive, recognizing China’s influence and strategic importance.",neutral,Unknown,No location or clear cultural clues provided.,,,Unknown,No description or identifying information provided.,
twitter,@Udayawickramar1 චීනෙට හම්බන්තොට වරාය විකුනනකොට උම්බල කොහෙද හිටියෙ? පක්ෂයි කිව්ව මතකද?,847019233,1,"{'quote_count': 0, 'retweet_count': 0, 'like_count': 0, 'reply_count': 1, 'view_count': 0}",KirbyslA,13783,806,1275,66745,488,Wed Sep 26 08:26:54 +0000 2012,KIRBY,1386666033889566722,2021-04-26 13:21:55,https://pbs.twimg.com/profile_images/716305858741846016/FLEk-8Wv_normal.jpg,https://twitter.com/KirbyslA/status/1386671886277386240,,negative,China,"Mentions China negatively, questioning where people were when Hambantota Port was sold to China, implying criticism of those who supported or ignored the sale.",anger,Sri Lanka,"Username ""KirbyslA"" includes ""sl"" likely for Sri Lanka.",lk,"[7.0, 81.0]",Unknown,"Single word description ""KIRBY"" with no other info, vague and untraceable.",
twitter,"@ShayamikaM @Cats1st_ @mdpiyananda @nnalani1231 @Udayawickramar1 @DjE6sRhJXFJIrCR @KirbyslA @pdsiriwardana @deshanlasitha7 @KMeeeaaow @imVedda @blackaustralian @uruzikal @UdanaNadun @ceylonincolor @DulithK @Wasanth53468261 @ChabieHerath @KuwaitNjb @RanjitWickreme2 @officialunp @RW_UNP @anuradisanayake @GotabayaR @TDissnayaka @slppofficial @kRZyb137TROd7nL @8skcMWByyTnXuU3 @PivithuruHelaU @leaderslk @duplicatesiri @F3Il2LaKdgeaVUw @KaviSenu @ManthriLK @CPASL @HarshadeSilvaMP @H_S_KandyHamu @K_DeLanerolle @sajithpremadasa @TeamNR_ එවා ඔන තරම් ඇත traparancey international කියලා ගහලා බලන්න ලංකාවේ නොම්මරය හොදින් තියෙන්නේ  ඒකවත් දන්නේ නැහැ නේද?
තමන්ගේ සුදුසුකම් මොනවාද? මම නම් මේසන් බාස් අට විතරයි

ඔය හම්බන්තොට වරාය සහ වාරය නගරය ගැන ගිවිසුම මම දන්න හැටියට පාර්ලිමේන්තුවට දමලා නැහැ නේද ?

තියෙනවා නම් කියන්න ?",1328349125025345536,0,"{'quote_count': 0, 'retweet_count': 0, 'like_count': 0, 'reply_count': 0, 'view_count': 0}",Bandula07160007,22664,1306,4319,19915,2258,Mon Nov 16 14:48:52 +0000 2020,"රටක ව්‍යවස්ථාව හැදිය යුත්තේ අති බලවත් රජකු බිහි කිරිමට නොව බලය බෙදා හැර දුෂිත රජුන් වෙතින් ජනතාව ආරක්ෂා කරගැනීමටය 
#අසාර්ථකදුෂිතපාලකයෝ #පක්ෂවහලුන්",1380085897253675010,2021-04-24 07:24:44,https://pbs.twimg.com/profile_images/1355724783338414084/H8dH8q-k_normal.jpg,https://twitter.com/Bandula07160007/status/1385857220722642949,,irrelevant,China,No explicit mention or implication of China. The post discusses parliamentary transparency and Hambantota Port agreements without direct reference to China.,irrelevant,Unknown,"The user description is in Sinhala, the official language of Sri Lanka, without specifying a location.",,,Individual,The user description indicates personal identity.,
twitter,"@UnapolegeticCap @KamilaWDias ගෝඨාභය බලයට පැමිනි විගස හම්බන්තොට වරාය හා සම්බන්ද ගිවිසුමේ කරන ලද සංශෝධනයක්, මුහුදු තීරයේ ආරක්ෂාව හා බලය රජය සතු විය යුතුයි යන්න. 
 යහපාලනය විසින් මුහුදු තීරයද චීනයට පවරා තිබුන. 
නැව හරවා යැවීමට හැකි වූයේ පසුව කරන ලද සංශෝධනය හේතුවෙන්..",1376102453402341377,0,"{'quote_count': 0, 'retweet_count': 0, 'like_count': 0, 'reply_count': 0, 'view_count': 0}",sarasavi82,16744,965,964,16864,4236,Sun Mar 28 09:23:21 +0000 2021,,1384859027134353411,2021-04-22 13:35:15,https://pbs.twimg.com/profile_images/2017518249114587136/dvLL6IO0_normal.jpg,https://twitter.com/sarasavi82/status/1385225691252285447,"Salvador, Brazil",negative,China,"Mentions China negatively, accusing the previous government of handing over maritime security and control of Hambantota Port to China, implying loss of sovereignty.",fear,Brazil,"Location explicitly stated as Salvador, Brazil.",br,"[-10.0, -55.0]",Unknown,No description or identifying information provided.,
twitter,"අලුතෙන් යෝජනාවෙච්ච නම් මෙන්න...

ලංකාව - ළඟායි (ටු ශැංග්හාය්)
වරාය නගරය - ඉතා ළඟයි
හම්බන්තොට වරාය - හායි ප්‍රෙන්ස් (ආනයන)
නැගෙනහිර ජැටිය - තන්නි නාඩු (ප්‍රතිඅපනයන)
බටහිර ජැටිය - බායි ප්‍රෙන්ස් (අපනයන)",2328243420,0,"{'quote_count': 0, 'retweet_count': 0, 'like_count': 0, 'reply_count': 0, 'view_count': 0}",shafraz77,15290,2253,2181,14235,1869,Wed Feb 05 05:19:11 +0000 2014,#සිටුවරමං සාතන් යක්ෂයාගේ ප්‍රධාන අනුගාම්කයා.,1383037475854061571,2021-04-16 12:40:04,https://pbs.twimg.com/profile_images/1513954839541211136/t1vCyk1Q_normal.jpg,https://twitter.com/shafraz77/status/1383037475854061571,World,irrelevant,China,No direct mention or implication of China. The post discusses port city proposals and locations but does not explicitly mention China.,irrelevant,Sri Lanka,Description in Sinhala and cultural references indicate Sri Lanka.,lk,"[7.0, 81.0]",Unknown,Cryptic description with no clear indication of person or organization.,
twitter,"@nnalani1231 @Bandula07160007 @Udayawickramar1 හම්බන්තොට වරාය විකුනල මුහුදු කලාපයත් චීනෙට දෙනකොට කෝමා තත්වයේද හිටියෙ... ඒ ගිවිසුම් සංශෝදනය කරල මුහුදු කලාපය රජයේ පාලනයට ගත්තෙ ගෝඨාභය , උඹලට සතියකට දෙකකට සැරයක් මස් කට්ටක් විසි කලාම ඒක හප හප බුරනව ටික දවසක්... , mmc, නැ.ජැටිය වගේ.. ඔහොම ටික දවසක් ස්වයං ව්න්ධනයේ යෙදියල්ල 😂😂😂",1376102453402341377,5,"{'quote_count': 1, 'retweet_count': 0, 'like_count': 0, 'reply_count': 4, 'view_count': 0}",sarasavi82,16744,965,964,16864,4236,Sun Mar 28 09:23:21 +0000 2021,,1381880859624546304,2021-04-13 12:03:19,https://pbs.twimg.com/profile_images/2017518249114587136/dvLL6IO0_normal.jpg,https://twitter.com/sarasavi82/status/1381941063066255361,"Salvador, Brazil",negative,China,"Mentions China negatively, stating that after selling Hambantota Port and maritime zone to China, the government had to renegotiate to regain control. The tone is critical and somewhat mocking.",anger,Brazil,"Location explicitly stated as Salvador, Brazil.",br,"[-10.0, -55.0]",Unknown,No description or identifying information provided.,
twitter,"ඒ හම්බන්තොට වරාය සම්බන්ධ ප්‍රශණය ගැන  පාර්ලිමේන්තු ජන්දය විමසන විට සියලුම පොහොට්ටු මන්ත්‍රී වරු වර්ජනය කරන ලදී  ඒ වගේ JVP මන්ත්‍රී වරු ටික ජන්දය දෙන ලදී 
දැන් හම්බන්තොට වරාය නැවත ගන්නවා කිව්වේ කවුද බං?",1328349125025345536,0,"{'quote_count': 0, 'retweet_count': 0, 'like_count': 0, 'reply_count': 0, 'view_count': 0}",Bandula07160007,22664,1306,4319,19915,2258,Mon Nov 16 14:48:52 +0000 2020,"රටක ව්‍යවස්ථාව හැදිය යුත්තේ අති බලවත් රජකු බිහි කිරිමට නොව බලය බෙදා හැර දුෂිත රජුන් වෙතින් ජනතාව ආරක්ෂා කරගැනීමටය 
#අසාර්ථකදුෂිතපාලකයෝ #පක්ෂවහලුන්",1374202199035633664,2021-03-23 03:31:50,https://pbs.twimg.com/profile_images/1355724783338414084/H8dH8q-k_normal.jpg,https://twitter.com/Bandula07160007/status/1374202199035633664,,irrelevant,China,No explicit mention or implication of China. The post discusses parliamentary votes and political parties related to Hambantota Port without mentioning China.,irrelevant,Unknown,"The user description is in Sinhala, the official language of Sri Lanka, without specifying a location.",,,Individual,The user description indicates personal identity.,
twitter,"හම්බන්තොට වරාය නෞකා සඳහා ඉන්ධන තොග වශයෙන් සැපයීම අරඹයි 
https://t.co/mzTus8voPo https://t.co/SQcNU6ihta",1362734595318312961,0,"{'quote_count': 0, 'retweet_count': 0, 'like_count': 0, 'reply_count': 0, 'view_count': 0}",Colombo24LK,7461,26,1,8,3358,Fri Feb 19 12:04:02 +0000 2021,News & Current Affairs,1372069835283177473,2021-03-17 06:18:35,https://pbs.twimg.com/profile_images/1365016879996096512/sQNRo1Cq_normal.jpg,https://twitter.com/Colombo24LK/status/1372069835283177473,,irrelevant,China,No mention or implication of China. The post talks about fuel supply for Hambantota Port ships without referencing China.,irrelevant,Sri Lanka,"Username ""Colombo24LK"" references Colombo and ""LK"" domain.",lk,"[7.0, 81.0]",Media,"Description ""News & Current Affairs"" indicates a media outlet.",https://pbs.twimg.com/media/EwqSPQEVIAMhlvX.jpg
twitter,"@Neetwit @ApiWenuwen @ReflectMind @nirowa74 යහපාලන ආණ්ඩුව ෆේල් වුනත් ජවිපෙ සෙට් එක දරපු අමාත්‍යාංශ වලට සාධාරණයක් වෙලා තියෙනවා , ඊට අමතරව යහපාලන ආණ්ඩුව ෆේල් කියලා සනාථ කලෙත් ජවිපෙ ම තමා, ජවිපෙ වපුරන බීජ වලින් අස්වැන්න නෙලන්නෙ මහ හොරු දෙපල තමා, හම්බන්තොට වරාය චීනයට විකිණීම සම්බන්ධයෙන්",1220424533624152064,1,"{'quote_count': 0, 'retweet_count': 0, 'like_count': 0, 'reply_count': 1, 'view_count': 0}",DarshanaVPDias1,2223,469,1254,4640,604,Thu Jan 23 19:14:30 +0000 2020,Working for Motherland Srilanka,1362609366390644741,2021-02-26 19:31:32,https://pbs.twimg.com/profile_images/1220424706207244289/tImktOE3_normal.jpg,https://twitter.com/DarshanaVPDias1/status/1365384020968759297,,negative,China,"Mentions China negatively, accusing the sale of Hambantota Port to China and linking it to political failures and corruption. The tone is critical and distrustful.",anger,Sri Lanka,"Description ""Working for Motherland Srilanka"" explicitly states Sri Lanka.",lk,"[7.0, 81.0]",Individual,Personal patriotic statement indicating a real person.,
twitter,"හම්බන්තොට වරාය අවුරුදු 198කට චීනෙට
වැඩි විස්තර
https://t.co/iuvbES4Iv4 https://t.co/tIAQWp2R1m",445974367,0,"{'quote_count': 0, 'retweet_count': 0, 'like_count': 0, 'reply_count': 0, 'view_count': 0}",Lankatruth,21985,1128,236,0,13665,Sun Dec 25 04:37:23 +0000 2011,Unbiassed . Unstoppable,1363563422948859905,2021-02-21 18:57:08,https://pbs.twimg.com/profile_images/1347859839477809152/QAAuNWme_normal.jpg,https://twitter.com/Lankatruth/status/1363563422948859905,Sri Lanka,neutral,China,Mentions China positively or neutrally by providing detailed information about Hambantota Port’s 198-year lease to China. The tone is factual without clear positive or negative sentiment.,neutral,Sri Lanka,"Username ""Lankatruth"" references Lanka, a common name for Sri Lanka.",lk,"[7.0, 81.0]",Media,Name and description suggest a news or opinion outlet with a focus on unbiased reporting.,https://pbs.twimg.com/media/EuxZtSJVoAAwra-.jpg
twitter,හම්බන්තොට වරාය ආශ්‍රිත ඉඩම් අක්කර 15000ක් චීනයට ලබාදීමට රජය ගිවිසුම් අත්සන් කරලා - පුබුදු https://t.co/xYM31pS6qi #LNW,148638975,0,"{'quote_count': 0, 'retweet_count': 0, 'like_count': 0, 'reply_count': 0, 'view_count': 0}",lnwsrilanka,112838,2867,378,762,20626,Thu May 27 06:26:30 +0000 2010,,1361897670151872512,2021-02-17 04:38:02,https://pbs.twimg.com/profile_images/1787509607570841601/bmgtoJ7H_normal.jpg,https://twitter.com/lnwsrilanka/status/1361897670151872512,"London, England",negative,China,"The post explicitly mentions the Hambantota port land being handed over to China by the government, indicating a direct reference to China. The tone is factual but implies a critical stance by highlighting the large land transfer to China, which is often a contentious issue in Sri Lanka. This reflects a negative sentiment towards China, possibly due to concerns over sovereignty or economic control.",anger,Sri Lanka,"The user description is missing, but the location is not specified.",lk,"[7.0, 81.0]",Unknown,"The username is generic and the description is missing, indicating a lack of personal or organizational identity.",
twitter,"දින්නොත් 2019: 
හම්බන්තොට වරාය නැවත පවරා ගන්නවා 🥰🥰🥰

දින්නම 2020: 
වරාය ඇතුලෙ තිබ්බ නාවික හමුදා කදවුර එලියට ගත්තා. 😜😜😜😜 #lka #Srilanka",994621797143400449,0,"{'quote_count': 0, 'retweet_count': 0, 'like_count': 0, 'reply_count': 0, 'view_count': 0}",sri_true,5750,68,402,1119,502,Thu May 10 16:54:50 +0000 2018,Sri Lankan // Views are personal and RT’s are not endorsements. huge MotoGP #MM93 fan..,1361353135407706118,2021-02-15 16:34:14,https://pbs.twimg.com/profile_images/1850048272401936384/YcjjX71C_normal.jpg,https://twitter.com/sri_true/status/1361353135407706118,Sri Lanka,irrelevant,China,"The post discusses the Hambantota port and military base changes but does not explicitly mention China. The focus is on local developments and military movements without direct reference or implication of China. Therefore, the sentiment towards China is irrelevant.",irrelevant,Sri Lanka,"Username ""sri_true"" and description explicitly mention Sri Lankan identity.",lk,"[7.0, 81.0]",Individual,Personal views and interests clearly indicate a real person.,
twitter,"@hirunews එහෙනම් හම්බන්තොට වරාය, ත්‍රිකුණාමලය තෙල් ටැංකි විකුණන කොට ඔය බූරු පුතානෝ කොහේද හිටියේ.",1232245795455410177,0,"{'quote_count': 0, 'retweet_count': 0, 'like_count': 0, 'reply_count': 0, 'view_count': 0}",RatnapalaH,858,11,208,466,2,Tue Feb 25 10:08:03 +0000 2020,,1356881203870257153,2021-02-04 00:32:28,https://abs.twimg.com/sticky/default_profile_images/default_profile_normal.png,https://twitter.com/RatnapalaH/status/1357124832081551360,,irrelevant,China,"The post mentions the sale of Hambantota port and Trincomalee oil tanks but does not explicitly mention China. The term 'බූරු පුතානෝ' (derogatory term) suggests anger towards those who sold these assets, but China is not directly referenced or implied. Sentiment towards China is therefore irrelevant.",irrelevant,Sri Lanka,"Username RatnapalaH is a Sinhalese name, suggesting Sri Lanka.",lk,"[7.0, 81.0]",Unknown,"No description or location, unclear identity.",
twitter,@proud_Buddhist1 @nirowa74 මේකට ප්‍රධානම හේතුව වෙලා තියෙන්නේ හම්බන්තොට වරාය චීනයට පසුගිය ආණ්ඩුව විකුණන විට ඔවුන් ඉන්දියාවට පොරොන්දු වී තිබෙනවා නැගෙනහිර පර්යන්තය කොළඹ ඉන්දියාවට ලබා දෙන්ඩ ඉතින් මේක තමයි ඉන්දියාව ඉල්ලන්නේ ඉතින් මොනව කරන්නද අපේ කාලකන්නි හැතිකරේ දේශපාලන බලු ඉන්නකොට,989840392488214528,0,"{'quote_count': 0, 'retweet_count': 0, 'like_count': 0, 'reply_count': 0, 'view_count': 0}",wimala222,3474,46,178,716,163,Fri Apr 27 12:15:14 +0000 2018,"I would like to hear from good people and courageous people , that is my view",1356489537585893377,2021-02-02 10:12:01,https://pbs.twimg.com/profile_images/1700040005802991616/C8_Iav-e_normal.jpg,https://twitter.com/wimala222/status/1356545902735949825,"England, United Kingdom",negative,China,"The post explicitly mentions Hambantota port being sold to China and criticizes the previous government for making promises to India instead. The tone is critical of political decisions involving China and India, reflecting a negative sentiment towards China due to perceived political and territorial concessions.",anger,United Kingdom,"Location explicitly stated as England, United Kingdom.",gb,"[54.0, -2.0]",Individual,Personal statement about views and desire to hear from others indicates a real person.,
twitter,හම්බන්තොට වරාය විකුණූ අය නැගෙනහිර ජැටිය ගැන කිඹුල් කඳුලු හෙලනවා - Read More &gt;&gt;&gt; https://t.co/siwdGNV4MH #LKA #SriLanka https://t.co/xxWPK9vMp2,3219290929,1,"{'quote_count': 1, 'retweet_count': 0, 'like_count': 0, 'reply_count': 0, 'view_count': 0}",ITNNewsSinhala,76685,3819,4,18,75417,Mon May 18 10:51:45 +0000 2015,"Welcome to ITN News on Twitter. News, Views, Reviews, Interviews and a whole range of intriguing stories on various categories.",1355793723569930241,2021-01-31 08:23:07,https://pbs.twimg.com/profile_images/1344950243662712832/bs1Addvp_normal.jpg,https://twitter.com/ITNNewsSinhala/status/1355793723569930241,Sri Lanka,negative,China,"The post mentions those who sold Hambantota port crying over the Eastern Province (referred to as 'nagenhira jatiya'), implying regret or hypocrisy. Since the port sale is linked to China, this indirectly references China. The tone is critical and sarcastic, reflecting a negative sentiment towards China and those involved in the sale.",anger,Sri Lanka,Username ITNNewsSinhala and description in Sinhala indicate Sri Lanka.,lk,"[7.0, 81.0]",Media,"Clearly identified as ITN News with news and interviews, a media organization.",https://pbs.twimg.com/media/EtC_NMZW4AEVvZp.png
twitter,"@ApiWenuwen මැතිවරණයට පෙර ඔබට  තිබුණු බැඳුම්කර ගාය , සබිතා ඇන්ටිගේ බිල්ඩිම වනාන්තර ගාය පාස්කු ප්‍රහාරක ගාය දැන් සුව වෙලා නේද?

හම්බන්තොට වරාය දෙනකොට තිබුණු ගාය නැගෙනහිර ජැටිය දෙනකොට නැත්තේ ඇයි?

එවැනි ප්‍රශ්න වලට පක්ෂ අදල නැහැ අදල වෙන්නේ හරිද වැරදිද තියරියට නේද?
වරද නම් කවුරු කළත් වැරදියි? https://t.co/776qp6wDiQ",1328349125025345536,0,"{'quote_count': 0, 'retweet_count': 0, 'like_count': 0, 'reply_count': 0, 'view_count': 0}",Bandula07160007,22664,1306,4319,19915,2258,Mon Nov 16 14:48:52 +0000 2020,"රටක ව්‍යවස්ථාව හැදිය යුත්තේ අති බලවත් රජකු බිහි කිරිමට නොව බලය බෙදා හැර දුෂිත රජුන් වෙතින් ජනතාව ආරක්ෂා කරගැනීමටය 
#අසාර්ථකදුෂිතපාලකයෝ #පක්ෂවහලුන්",1355498278750736384,2021-01-31 00:28:37,https://pbs.twimg.com/profile_images/1355724783338414084/H8dH8q-k_normal.jpg,https://twitter.com/Bandula07160007/status/1355674309843243012,,negative,China,The post discusses political corruption and references the Hambantota port and the Eastern Province in the context of political failures. It indirectly references China through the Hambantota port sale but focuses more on local political critique. The sentiment towards China is negative due to association with corrupt deals and political dissatisfaction.,anger,Unknown,"The user description is in Sinhala, the official language of Sri Lanka, without specifying a location.",,,Individual,The user description indicates personal identity.,https://pbs.twimg.com/media/EtBSlG7W8AIxlW3.jpg
